seriesuid,coordX,coordY,coordZ,diameter_mm,subset,dim_x,dim_y,n_slices,sp_x,sp_y,sp_z,origin_x,origin_y,origin_z,flip_x,flip_y,flip_z,axis_aligned,element_type,raw_bytes,expected_raw_bytes,vox_x,in_x,vox_y,in_y,vox_z,in_z,in_bounds
1.3.6.1.4.1.14519.5.2.1.6279.6001.100225287222365663678666836860,-128.6994211,-175.3192718,-298.3875064,5.651470635,8,512,512,194,0.64453125,0.64453125,1.7999999523162842,-157.67773,-311.67773,-438.4,1.0,1.0,1.0,True,MET_SHORT,101711872,101711872,44.96028532363637,True,211.56221393454547,True,77.78472072725805,True,True
1.3.6.1.4.1.14519.5.2.1.6279.6001.100225287222365663678666836860,103.7836509,-211.9251487,-227.12125,4.224708481,8,512,512,194,0.64453125,0.64453125,1.7999999523162842,-157.67773,-311.67773,-438.4,1.0,1.0,1.0,True,MET_SHORT,101711872,101711872,405.66129400242426,True,154.76764128969697,True,117.37708644276422,True,True
1.3.6.1.4.1.14519.5.2.1.6279.6001.100398138793540579077826395208,69.63901724,-140.9445859,876.3744957,5.786347814,5,512,512,157,0.625,0.625,1.7999999523162842,-170.6875,-309.6875,716.7,1.0,1.0,1.0,True,MET_SHORT,82313216,82313216,384.52242758399996,True,269.98866256,True,88.7080555166276,True,True
1.3.6.1.4.1.14519.5.2.1.6279.6001.100621383016233746780170740405,-24.0138242,192.1024053,-391.0812764,8.143261683,2,512,512,321,0.556640625,0.556640625,1.0,-120.049467,9.48041606,-657.0,1.0,1.0,1.0,True,MET_SHORT,168296448,168296448,172.5271898722807,True,328.07880172238595,True,265.9187236,True,True
1.3.6.1.4.1.14519.5.2.1.6279.6001.100621383016233746780170740405,2.441546798,172.4648812,-405.4937318,18.54514997,2,512,512,321,0.556640625,0.556640625,1.0,-120.049467,9.48041606,-657.0,1.0,1.0,1.0,True,MET_SHORT,168296448,168296448,220.05403180552983,True,292.8001619357193,True,251.50626820000002,True,True
1.3.6.1.4.1.14519.5.2.1.6279.6001.100621383016233746780170740405,90.93171321,149.0272657,-426.5447146,18.20857028,2,512,512,321,0.556640625,0.556640625,1.0,-120.049467,9.48041606,-657.0,1.0,1.0,1.0,True,MET_SHORT,168296448,168296448,379.0258395351579,True,250.69469128308768,True,230.45528539999998,True,True
1.3.6.1.4.1.14519.5.2.1.6279.6001.100621383016233746780170740405,89.54076865,196.4051593,-515.0733216,16.38127631,2,512,512,321,0.556640625,0.556640625,1.0,-120.049467,9.48041606,-657.0,1.0,1.0,1.0,True,MET_SHORT,168296448,168296448,376.527019834386,True,335.8086615399298,True,141.92667840000001,True,True
1.3.6.1.4.1.14519.5.2.1.6279.6001.100953483028192176989979435275,81.50964574,54.9572186,-150.3464233,10.36232088,3,512,512,133,0.703125,0.703125,2.5,-167.600006,-147.899994,-341.5,1.0,1.0,1.0,True,MET_SHORT,69730304,69730304,354.28928247466666,True,288.50803569777776,True,76.46143068,True,True
1.3.6.1.4.1.14519.5.2.1.6279.6001.102681962408431413578140925249,105.0557924,19.82526014,-91.24725078,21.08961863,9,512,512,143,0.859375,0.859375,2.5,-199.3,-220.0,-394.5,1.0,1.0,1.0,True,MET_SHORT,74973184,74973184,354.15946752,True,279.0693936174546,True,121.301099688,True,True
1.3.6.1.4.1.14519.5.2.1.6279.6001.104562737760173137525888934217,-124.8342624,127.2471546,-473.0644785,10.46585391,1,512,512,280,0.830078125,0.830078125,1.0,-222.5,-87.5,-576.700012,0.9999999999999999,0.9999999999999999,1.0,True,MET_SHORT,146800640,146800640,117.65848859105884,True,258.7071603651765,True,103.63553350000001,True,True
1.3.6.1.4.1.14519.5.2.1.6279.6001.105495028985881418176186711228,-106.9013014,21.92298672,-126.9169003,9.745258507,7,512,512,214,0.8789060115814209,0.8789060115814209,1.25,-216.199997,-225.0,-237.75,1.0,1.0,1.0,True,MET_SHORT,112197632,112197632,124.35766072795224,True,280.9435633233524,True,88.66647976,True,True
1.3.6.1.4.1.14519.5.2.1.6279.6001.106164978370116976238911317774,2.263815885,33.52641757,-170.6369497,7.16854239,3,512,512,133,0.625,0.625,2.5,-154.3,-160.0,-329.25,1.0,1.0,1.0,True,MET_SHORT,69730304,69730304,250.50210541600003,True,309.642268112,True,63.44522012,True,True
1.3.6.1.4.1.14519.5.2.1.6279.6001.106379658920626694402549886949,-70.55088903,66.35948368,-160.9429324,6.642184792,7,512,512,214,0.78125,0.78125,1.25,-200.0,-200.0,-272.75,1.0,1.0,1.0,True,MET_SHORT,112197632,112197632,165.6948620416,True,340.94013911039997,True,89.44565408000001,True,True
1.3.6.1.4.1.14519.5.2.1.6279.6001.106379658920626694402549886949,-70.66062844,-29.54777007,-106.9030825,4.543419878,7,512,512,214,0.78125,0.78125,1.25,-200.0,-200.0,-272.75,1.0,1.0,1.0,True,MET_SHORT,112197632,112197632,165.55439559680002,True,218.17885431039997,True,132.677534,True,True
1.3.6.1.4.1.14519.5.2.1.6279.6001.106630482085576298661469304872,-96.43953415,9.736190398,-175.0375714,6.753816666,6,512,512,140,0.625,0.625,2.5,-183.3,-160.0,-348.0,1.0,1.0,1.0,True,MET_SHORT,73400320,73400320,138.97674536000002,True,271.5779046368,True,69.18497144,True,True
1.3.6.1.4.1.14519.5.2.1.6279.6001.106719103982792863757268101375,-57.08718036,74.25926591,1790.494057,13.69356578,1,512,512,328,0.7421875,0.7421875,1.0,-162.81625,-142.030941,1604.0,1.0,1.0,1.0,True,MET_SHORT,171966464,171966464,142.45600962021052,True,291.4225945734737,True,186.4940570000001,True,True
1.3.6.1.4.1.14519.5.2.1.6279.6001.107109359065300889765026303943,-98.1359775,-72.86779248,-221.822772,18.12790811,6,512,512,230,0.7324219942092896,0.7324219942092896,1.25,-187.5,-187.5,-297.5,1.0,1.0,1.0,True,MET_SHORT,120586240,120586240,122.01165886133157,True,156.51114852682025,True,60.54178240000001,True,True
1.3.6.1.4.1.14519.5.2.1.6279.6001.107351566259572521472765997306,122.0789199,-175.8341133,-193.8795594,5.084404982,4,512,512,259,0.60546875,0.60546875,1.0,-149.697265625,-339.197265625,-303.5,1.0,1.0,1.0,True,MET_SHORT,135790592,135790592,448.86905480258065,True,269.8126902916129,True,109.6204406,True,True
1.3.6.1.4.1.14519.5.2.1.6279.6001.107351566259572521472765997306,100.9322734,-179.4539814,-222.7930698,5.64474117,4,512,512,259,0.60546875,0.60546875,1.0,-149.697265625,-339.197265625,-303.5,1.0,1.0,1.0,True,MET_SHORT,135790592,135790592,413.9429805832258,True,263.8340694296774,True,80.70693019999999,True,True
1.3.6.1.4.1.14519.5.2.1.6279.6001.107351566259572521472765997306,-46.7837286,-66.973694,-207.4908964,4.214452054,4,512,512,259,0.60546875,0.60546875,1.0,-149.697265625,-339.197265625,-303.5,1.0,1.0,1.0,True,MET_SHORT,135790592,135790592,169.97332566709676,True,449.6079634580645,True,96.0091036,True,True
1.3.6.1.4.1.14519.5.2.1.6279.6001.107351566259572521472765997306,-69.12656791,-80.56714288,-189.8066129,8.648009287,4,512,512,259,0.60546875,0.60546875,1.0,-149.697265625,-339.197265625,-303.5,1.0,1.0,1.0,True,MET_SHORT,135790592,135790592,133.07160396799998,True,427.1568478885161,True,113.6933871,True,True
1.3.6.1.4.1.14519.5.2.1.6279.6001.107351566259572521472765997306,-108.0728115,-147.1544803,-186.0432849,7.285341553,4,512,512,259,0.60546875,0.60546875,1.0,-149.697265625,-339.197265625,-303.5,1.0,1.0,1.0,True,MET_SHORT,135790592,135790592,68.74748552258065,True,317.18034221419356,True,117.4567151,True,True
1.3.6.1.4.1.14519.5.2.1.6279.6001.107351566259572521472765997306,82.22918083,-82.37619066,-177.897695,6.140896043,4,512,512,259,0.60546875,0.60546875,1.0,-149.697265625,-339.197265625,-303.5,1.0,1.0,1.0,True,MET_SHORT,135790592,135790592,383.05271156438715,True,424.1690012325161,True,125.602305,True,True
1.3.6.1.4.1.14519.5.2.1.6279.6001.108197895896446896160048741492,-100.5679445,67.26051683,-231.816619,6.440878725,0,512,512,119,0.7421879768371582,0.7421879768371582,2.5,-182.5,-190.0,-313.75,1.0,1.0,1.0,True,MET_SHORT,62390272,62390272,110.39259332811388,True,346.62447366274836,True,32.7733524,True,True
1.3.6.1.4.1.14519.5.2.1.6279.6001.108231420525711026834210228428,42.5741545,90.26755201,-84.81106034,5.916173884,1,512,512,238,0.7285159826278687,0.7285159826278687,1.25,-185.699997,-155.399994,-287.75,1.0,1.0,1.0,True,MET_SHORT,124780544,124780544,313.3413088297393,True,337.21641236179823,True,162.35115172800002,True,True
1.3.6.1.4.1.14519.5.2.1.6279.6001.109002525524522225658609808059,46.18853869,48.40280596,-108.5786324,13.59647134,0,512,512,161,0.5488280057907104,0.5488280057907104,1.25,-187.699997,-108.300003,-194.0,1.0,1.0,1.0,True,MET_SHORT,84410368,84410368,426.1599867758768,True,285.52261784497364,True,68.33709408,True,True
1.3.6.1.4.1.14519.5.2.1.6279.6001.109002525524522225658609808059,36.39204443,76.77166265,-123.3219112,4.343199739,0,512,512,161,0.5488280057907104,0.5488280057907104,1.25,-187.699997,-108.300003,-194.0,1.0,1.0,1.0,True,MET_SHORT,84410368,84410368,408.31014282360627,True,337.2125031836933,True,56.542471039999995,True,True
1.3.6.1.4.1.14519.5.2.1.6279.6001.110678335949765929063942738609,-38.09602046,-106.7054337,-139.5484666,13.68374597,5,512,512,633,0.541015625,0.541015625,0.5,-139.2294921875,-268.2294921875,-344.5,1.0,1.0,1.0,True,MET_SHORT,331874304,331874304,186.93262644216605,True,298.55710449675087,True,409.9030668,True,True
1.3.6.1.4.1.14519.5.2.1.6279.6001.111172165674661221381920536987,136.4340587,117.7655789,-181.9478171,4.681381581,0,512,512,538,0.7421879768371582,0.7421879768371582,0.625,-180.600006,-143.100006,-298.774994,1.0,1.0,1.0,True,MET_SHORT,282066944,282066944,427.16141273406777,True,351.4818254152828,True,186.92348303999998,True,True
1.3.6.1.4.1.14519.5.2.1.6279.6001.111258527162678142285870245028,-80.95185933,10.34287843,-28.39915701,9.454440433,5,512,512,253,0.625,0.625,1.25,-185.399994,-183.800003,-314.75,1.0,1.0,1.0,True,MET_SHORT,132644864,132644864,167.117015472,True,310.628610288,True,229.080674392,True,True
1.3.6.1.4.1.14519.5.2.1.6279.6001.111258527162678142285870245028,-117.0680571,40.04322699,-134.7403426,5.269627504,5,512,512,253,0.625,0.625,1.25,-185.399994,-183.800003,-314.75,1.0,1.0,1.0,True,MET_SHORT,132644864,132644864,109.33109903999998,True,358.149167984,True,144.00772592,True,True
1.3.6.1.4.1.14519.5.2.1.6279.6001.111496024928645603833332252962,100.1984998,28.86441794,-212.7880542,5.190273745,7,512,512,246,0.6171879768371582,0.6171879768371582,1.25,-163.399994,-158.0,-312.5,1.0,1.0,1.0,True,MET_SHORT,128974848,128974848,427.0959637788749,True,302.76743059319705,True,79.76955663999999,True,True
1.3.6.1.4.1.14519.5.2.1.6279.6001.111496024928645603833332252962,98.79046698,9.538892661,-183.2404309,3.857518777,7,512,512,246,0.6171879768371582,0.6171879768371582,1.25,-163.399994,-158.0,-312.5,1.0,1.0,1.0,True,MET_SHORT,128974848,128974848,424.8145959090476,True,271.4552112948958,True,103.40765528,True,True
1.3.6.1.4.1.14519.5.2.1.6279.6001.111496024928645603833332252962,15.76513311,83.8624806,-146.0988221,5.111033559,7,512,512,246,0.6171879768371582,0.6171879768371582,1.25,-163.399994,-158.0,-312.5,1.0,1.0,1.0,True,MET_SHORT,128974848,128974848,290.2926398990299,True,391.8781468158997,True,133.12094231999998,True,True
1.3.6.1.4.1.14519.5.2.1.6279.6001.112740418331256326754121315800,47.67105722,37.64251989,-99.89039388,30.61040636,5,512,512,149,0.78125,0.78125,2.5,-212.899994,-218.600006,-383.75,1.0,1.0,1.0,True,MET_SHORT,78118912,78118912,333.5309455616,True,327.99043313920004,True,113.54384244799999,True,True
1.3.6.1.4.1.14519.5.2.1.6279.6001.112740418331256326754121315800,-60.76413588,-66.43517038,-100.2050371,16.88290495,5,512,512,149,0.78125,0.78125,2.5,-212.899994,-218.600006,-383.75,1.0,1.0,1.0,True,MET_SHORT,78118912,78118912,194.7338983936,True,194.77098959360004,True,113.41798515999999,True,True
1.3.6.1.4.1.14519.5.2.1.6279.6001.112767175295249119452142211437,-65.87013627,50.73044009,-90.80330387,5.915845183,9,512,512,117,0.78125,0.78125,2.5,-207.5,-200.0,-311.25,1.0,1.0,1.0,True,MET_SHORT,61341696,61341696,181.28622557440002,True,320.9349633152,True,88.17867845200001,True,True
1.3.6.1.4.1.14519.5.2.1.6279.6001.112767175295249119452142211437,-105.9171192,-17.6565882,-105.0917524,5.48467872,9,512,512,117,0.78125,0.78125,2.5,-207.5,-200.0,-311.25,1.0,1.0,1.0,True,MET_SHORT,61341696,61341696,130.026087424,True,233.39956710400003,True,82.46329904,True,True
1.3.6.1.4.1.14519.5.2.1.6279.6001.112767175295249119452142211437,42.29613347,56.15173475,-84.66166226,6.47796611,9,512,512,117,0.78125,0.78125,2.5,-207.5,-200.0,-311.25,1.0,1.0,1.0,True,MET_SHORT,61341696,61341696,319.7390508416,True,327.87422048,True,90.63533509599999,True,True
1.3.6.1.4.1.14519.5.2.1.6279.6001.112767175295249119452142211437,-137.5005674,-21.65360391,-152.0366379,4.362886498,9,512,512,117,0.78125,0.78125,2.5,-207.5,-200.0,-311.25,1.0,1.0,1.0,True,MET_SHORT,61341696,61341696,89.59927372800001,True,228.28338699519998,True,63.685344840000006,True,True
1.3.6.1.4.1.14519.5.2.1.6279.6001.112767175295249119452142211437,-26.86268253,38.52993743,-167.5018886,5.885443068,9,512,512,117,0.78125,0.78125,2.5,-207.5,-200.0,-311.25,1.0,1.0,1.0,True,MET_SHORT,61341696,61341696,231.2157663616,True,305.31831991039996,True,57.49924456,True,True
1.3.6.1.4.1.14519.5.2.1.6279.6001.112767175295249119452142211437,71.39121262,10.55131442,-85.27847902,5.734744196,9,512,512,117,0.78125,0.78125,2.5,-207.5,-200.0,-311.25,1.0,1.0,1.0,True,MET_SHORT,61341696,61341696,356.98075215360006,True,269.5056824576,True,90.388608392,True,True
1.3.6.1.4.1.14519.5.2.1.6279.6001.112767175295249119452142211437,59.89735907,41.71051844,-96.24057315,4.3556589,9,512,512,117,0.78125,0.78125,2.5,-207.5,-200.0,-311.25,1.0,1.0,1.0,True,MET_SHORT,61341696,61341696,342.26861960959997,True,309.3894636032,True,86.00377074000001,True,True
1.3.6.1.4.1.14519.5.2.1.6279.6001.112767175295249119452142211437,99.37468119,23.94678445,-138.5658318,9.104624209,9,512,512,117,0.78125,0.78125,2.5,-207.5,-200.0,-311.25,1.0,1.0,1.0,True,MET_SHORT,61341696,61341696,392.7995919232,True,286.651884096,True,69.07366728,True,True
1.3.6.1.4.1.14519.5.2.1.6279.6001.113679818447732724990336702075,97.37065917,38.38001233,-64.46956062,4.415940924,7,512,512,241,0.609375,0.609375,1.25,-146.7,-152.2,-292.5,1.0,1.0,1.0,True,MET_SHORT,126353408,126353408,400.52620992,True,312.7466869005128,True,182.42435150400001,True,True
1.3.6.1.4.1.14519.5.2.1.6279.6001.113679818447732724990336702075,91.00973801,75.27136367,-199.8623244,5.519376862,7,512,512,241,0.609375,0.609375,1.25,-146.7,-152.2,-292.5,1.0,1.0,1.0,True,MET_SHORT,126353408,126353408,390.08777519589745,True,373.2863403815384,True,74.11014048,True,True
1.3.6.1.4.1.14519.5.2.1.6279.6001.113679818447732724990336702075,-52.44600494,13.24618228,-100.2137946,5.492123714,7,512,512,241,0.609375,0.609375,1.25,-146.7,-152.2,-292.5,1.0,1.0,1.0,True,MET_SHORT,126353408,126353408,154.6732226625641,True,271.50142733128206,True,153.82896432,True,True
1.3.6.1.4.1.14519.5.2.1.6279.6001.114195693932194925962391697338,107.0091479,63.25134805,-169.9519302,5.165048038,4,512,512,255,0.625,0.625,1.25,-155.300003,-148.0,-335.579987,1.0,1.0,1.0,True,MET_SHORT,133693440,133693440,419.69464144000005,True,338.00215688,True,132.50244544000003,True,True
1.3.6.1.4.1.14519.5.2.1.6279.6001.114218724025049818743426522343,-127.5329894,-29.60790208,-253.6976163,8.269325422,1,512,512,509,0.703125,0.703125,0.625,-205.899994,-180.0,-337.73999,1.0,1.0,1.0,True,MET_SHORT,266862592,266862592,111.4552954311111,True,213.89098370844445,True,134.46779791999998,True,True
1.3.6.1.4.1.14519.5.2.1.6279.6001.114218724025049818743426522343,93.13888159,-5.652615166,-213.9106155,6.209760075,1,512,512,509,0.703125,0.703125,0.625,-205.899994,-180.0,-337.73999,1.0,1.0,1.0,True,MET_SHORT,266862592,266862592,425.2997341724444,True,247.96072509724445,True,198.12699919999994,True,True
1.3.6.1.4.1.14519.5.2.1.6279.6001.114218724025049818743426522343,75.45450371,7.903213687,-194.3685225,7.6317087,1,512,512,509,0.703125,0.703125,0.625,-205.899994,-180.0,-337.73999,1.0,1.0,1.0,True,MET_SHORT,266862592,266862592,400.1486189653333,True,267.2401261326222,True,229.39434799999995,True,True
1.3.6.1.4.1.14519.5.2.1.6279.6001.114249388265341701207347458535,-61.06388101,-9.479044949,-167.2364982,7.025592326,7,512,512,232,0.7421879768371582,0.7421879768371582,1.25,-179.399994,-174.600006,-303.5,1.0,1.0,1.0,True,MET_SHORT,121634816,121634816,159.44223927513696,True,222.47862563695074,True,109.01080144,True,True
1.3.6.1.4.1.14519.5.2.1.6279.6001.114249388265341701207347458535,103.0705158,68.40957144,-92.41774522,5.829699739,7,512,512,232,0.7421879768371582,0.7421879768371582,1.25,-179.399994,-174.600006,-303.5,1.0,1.0,1.0,True,MET_SHORT,121634816,121634816,380.59160026244433,True,327.4232202946588,True,168.865803824,True,True
1.3.6.1.4.1.14519.5.2.1.6279.6001.114249388265341701207347458535,-26.24101038,79.69154358,-62.01174178,5.241641609,7,512,512,232,0.7421879768371582,0.7421879768371582,1.25,-179.399994,-174.600006,-303.5,1.0,1.0,1.0,True,MET_SHORT,121634816,121634816,206.36144534796776,True,342.62418351704656,True,193.190606576,True,True
1.3.6.1.4.1.14519.5.2.1.6279.6001.114914167428485563471327801935,-34.49722741,-9.311874316,-37.44756628,7.360638607,9,512,512,458,0.5859379768371582,0.5859379768371582,0.6250000596046448,-155.699997,-150.0,-289.890015,1.0,1.0,1.0,True,MET_SHORT,240123904,240123904,206.85255842989034,True,240.1075391006778,True,403.90787943234295,True,True
1.3.6.1.4.1.14519.5.2.1.6279.6001.114914167428485563471327801935,-72.83218702,24.89329087,-51.72437324,4.912791975,9,512,512,458,0.5859379768371582,0.5859379768371582,0.6250000596046448,-155.699997,-150.0,-289.890015,1.0,1.0,1.0,True,MET_SHORT,240123904,240123904,141.42761393844646,True,298.4843068443159,True,381.06499047481054,True,True
1.3.6.1.4.1.14519.5.2.1.6279.6001.115386642382564804180764325545,86.40287315,50.87510892,-81.3868821,12.73358119,4,512,512,548,0.6640620231628418,0.6640620231628418,0.625,-174.699997,-170.0,-198.179993,1.0,1.0,1.0,True,MET_SHORT,287309824,287309824,393.1904867957976,True,332.6121675623014,True,186.86897744,True,True
1.3.6.1.4.1.14519.5.2.1.6279.6001.117040183261056772902616195387,-116.8346004,227.4323404,-565.6218654,4.910652503,6,512,512,315,0.830078125,0.830078125,1.0,-227.78711,-102.021482,-698.300049,0.9999999999999999,0.9999999999999999,1.0,True,MET_SHORT,165150720,165150720,133.66514097694122,True,396.89495780894123,True,132.6781835999999,True,True
1.3.6.1.4.1.14519.5.2.1.6279.6001.117040183261056772902616195387,-32.66447114,188.3615147,-640.737396,4.468307428,6,512,512,315,0.830078125,0.830078125,1.0,-227.78711,-102.021482,-698.300049,0.9999999999999999,0.9999999999999999,1.0,True,MET_SHORT,165150720,165150720,235.06539081487063,True,349.82610425976475,True,57.562652999999955,True,True
1.3.6.1.4.1.14519.5.2.1.6279.6001.117040183261056772902616195387,88.25600165,230.5158009,-623.295922,9.011764374,6,512,512,315,0.830078125,0.830078125,1.0,-227.78711,-102.021482,-698.300049,0.9999999999999999,0.9999999999999999,1.0,True,MET_SHORT,165150720,165150720,380.73899568188244,True,400.6096208112941,True,75.00412699999993,True,True
1.3.6.1.4.1.14519.5.2.1.6279.6001.117040183261056772902616195387,55.71446565,190.7603968,-579.6542959,10.88873794,6,512,512,315,0.830078125,0.830078125,1.0,-227.78711,-102.021482,-698.300049,0.9999999999999999,0.9999999999999999,1.0,True,MET_SHORT,165150720,165150720,341.53601584188243,True,352.71605163670597,True,118.64575309999998,True,True
1.3.6.1.4.1.14519.5.2.1.6279.6001.117040183261056772902616195387,-121.6502017,216.3673938,-635.5142522,4.355736429,6,512,512,315,0.830078125,0.830078125,1.0,-227.78711,-102.021482,-698.300049,0.9999999999999999,0.9999999999999999,1.0,True,MET_SHORT,165150720,165150720,127.86375776376474,True,383.564951552,True,62.78579679999996,True,True
1.3.6.1.4.1.14519.5.2.1.6279.6001.118140393257625250121502185026,-63.09760599,-56.55503154,-332.9778338,10.33318806,5,512,512,193,0.703125,0.703125,1.7999999523162842,-190.64844,-335.64844,-415.6,1.0,1.0,1.0,True,MET_SHORT,101187584,101187584,181.405630592,True,396.9328475875555,True,45.90120466041113,True,True
1.3.6.1.4.1.14519.5.2.1.6279.6001.118140393257625250121502185026,-164.3510309,-136.6619593,-301.5817285,9.220611088,5,512,512,193,0.703125,0.703125,1.7999999523162842,-190.64844,-335.64844,-415.6,1.0,1.0,1.0,True,MET_SHORT,101187584,101187584,37.40075960888886,True,283.00299477333334,True,63.343485844696005,True,True
1.3.6.1.4.1.14519.5.2.1.6279.6001.118140393257625250121502185026,-141.7238666,-124.9488005,-251.3310155,6.054719899,5,512,512,193,0.703125,0.703125,1.7999999523162842,-190.64844,-335.64844,-415.6,1.0,1.0,1.0,True,MET_SHORT,101187584,101187584,69.5816155022222,True,299.6617095111111,True,91.2605493620234,True,True
1.3.6.1.4.1.14519.5.2.1.6279.6001.119209873306155771318545953948,-68.62139433,-84.03463116,-160.5226706,6.334194889,6,512,512,519,0.6445310115814209,0.6445310115814209,0.625,-158.800003,-181.600006,-330.5,1.0,1.0,1.0,True,MET_SHORT,272105472,272105472,139.9135294494796,True,151.37421332235616,True,271.96372704,True,True
1.3.6.1.4.1.14519.5.2.1.6279.6001.119209873306155771318545953948,-28.36728411,-82.21130866,-206.4823356,6.607863144,6,512,512,519,0.6445310115814209,0.6445310115814209,0.625,-158.800003,-181.600006,-330.5,1.0,1.0,1.0,True,MET_SHORT,272105472,272105472,202.36841446925936,True,154.20312685364814,True,198.42826304,True,True
1.3.6.1.4.1.14519.5.2.1.6279.6001.119304665257760307862874140576,-117.722135,160.4941255,-688.2851649,15.34315352,6,512,512,300,0.607421875,0.607421875,1.0,-137.142494,-1.28583503,-740.799988,1.0,1.0,1.0,True,MET_SHORT,157286400,157286400,31.97178073311898,True,266.33871315549834,True,52.514823099999944,True,True
1.3.6.1.4.1.14519.5.2.1.6279.6001.119515474430718803379832249911,76.54060313,-104.9008899,-86.21061178,4.84697694,6,512,512,209,0.625,0.625,1.7999999523162842,-181.6875,-293.6875,-405.4,1.0,1.0,1.0,True,MET_SHORT,109576192,109576192,413.164965008,True,302.05857616000003,True,177.32744259757297,True,True
1.3.6.1.4.1.14519.5.2.1.6279.6001.119806527488108718706404165837,-78.69731043,-95.41409843,-168.680412,6.000997888,4,512,512,561,0.703125,0.703125,0.625,-169.600006,-194.5,-281.244995,1.0,1.0,1.0,True,MET_SHORT,294125568,294125568,129.28383369955557,True,140.92217112177778,True,180.10333280000003,True,True
1.3.6.1.4.1.14519.5.2.1.6279.6001.121108220866971173712229588402,-86.89844846,-53.10326995,-130.0891571,5.118825049,9,512,512,270,0.6035159826278687,0.6035159826278687,1.25,-143.600006,-159.199997,-362.890015,1.0,1.0,1.0,True,MET_SHORT,141557760,141557760,93.95203966779205,True,175.79770893229158,True,186.24068632,True,True
1.3.6.1.4.1.14519.5.2.1.6279.6001.121391737347333465796214915391,49.31293635,-63.21521025,-118.7995619,22.13322034,3,512,512,244,0.7285159826278687,0.7285159826278687,1.25,-178.699997,-186.5,-312.25,1.0,1.0,1.0,True,MET_SHORT,127926272,127926272,312.9827468266687,True,169.2272958862109,True,154.76035048,True,True
1.3.6.1.4.1.14519.5.2.1.6279.6001.121824995088859376862458155637,-103.9504272,-156.4473234,-143.9506516,5.194045747,1,512,512,197,0.625,0.625,1.7999999523162842,-159.6875,-351.6875,-400.3,1.0,1.0,1.0,True,MET_SHORT,103284736,103284736,89.17931648000001,True,312.38428256000003,True,142.41630843941047,True,True
1.3.6.1.4.1.14519.5.2.1.6279.6001.121824995088859376862458155637,63.57534973,-130.319172,-125.0296842,4.387576729,1,512,512,197,0.625,0.625,1.7999999523162842,-159.6875,-351.6875,-400.3,1.0,1.0,1.0,True,MET_SHORT,103284736,103284736,357.220559568,True,354.1893248,True,152.92795727342957,True,True
1.3.6.1.4.1.14519.5.2.1.6279.6001.121993590721161347818774929286,-94.29246806,60.22561502,-261.2127762,14.19833109,2,512,512,144,0.6640620231628418,0.6640620231628418,2.5,-177.8,-150.8,-380.5,1.0,1.0,1.0,True,MET_SHORT,75497472,75497472,125.75260898411928,True,317.77997786247766,True,47.71488952,True,True
1.3.6.1.4.1.14519.5.2.1.6279.6001.121993590721161347818774929286,-54.61763177,59.35238726,-236.0747811,13.9323257,2,512,512,144,0.6640620231628418,0.6640620231628418,2.5,-177.8,-150.8,-380.5,1.0,1.0,1.0,True,MET_SHORT,75497472,75497472,185.49828771008205,True,316.4649986443605,True,57.77008756,True,True
1.3.6.1.4.1.14519.5.2.1.6279.6001.122621219961396951727742490470,-58.38635605,0.082104855,-247.7679608,14.16396307,7,512,512,238,0.7421879768371582,0.7421879768371582,1.2500001192092896,-180.600006,-190.0,-330.890015,1.0,1.0,1.0,True,MET_SHORT,124780544,124780544,164.66670676991393,True,256.11046094418947,True,66.49763701829116,True,True
1.3.6.1.4.1.14519.5.2.1.6279.6001.122914038048856168343065566972,-144.2210822,76.8021616,-260.6565506,6.961023634,4,512,512,128,0.7421879768371582,0.7421879768371582,2.5,-206.0,-180.0,-345.0,1.0,1.0,1.0,True,MET_SHORT,67108864,67108864,83.23890945158057,True,346.0069006969974,True,33.737379759999996,True,True
1.3.6.1.4.1.14519.5.2.1.6279.6001.122914038048856168343065566972,-96.83727606,-5.571432326,-253.0544355,4.833889744,4,512,512,128,0.7421879768371582,0.7421879768371582,2.5,-206.0,-180.0,-345.0,1.0,1.0,1.0,True,MET_SHORT,67108864,67108864,147.08231249608502,True,235.01939281922776,True,36.778225799999994,True,True
1.3.6.1.4.1.14519.5.2.1.6279.6001.122914038048856168343065566972,-144.8248012,71.31022616,-251.0999717,5.050147896,4,512,512,128,0.7421879768371582,0.7421879768371582,2.5,-206.0,-180.0,-345.0,1.0,1.0,1.0,True,MET_SHORT,67108864,67108864,82.42547805840071,True,338.6072450687778,True,37.56001132,True,True
1.3.6.1.4.1.14519.5.2.1.6279.6001.122914038048856168343065566972,-147.2732369,-16.72239867,-240.7544685,7.196392768,4,512,512,128,0.7421879768371582,0.7421879768371582,2.5,-206.0,-180.0,-345.0,1.0,1.0,1.0,True,MET_SHORT,67108864,67108864,79.12653523473219,True,219.9949425559401,True,41.6982126,True,True
1.3.6.1.4.1.14519.5.2.1.6279.6001.122914038048856168343065566972,112.7053209,64.8630062,-243.8057686,5.898838135,4,512,512,128,0.7421879768371582,0.7421879768371582,2.5,-206.0,-180.0,-345.0,1.0,1.0,1.0,True,MET_SHORT,67108864,67108864,429.4132091147125,True,329.9204700721322,True,40.47769256,True,True
1.3.6.1.4.1.14519.5.2.1.6279.6001.122914038048856168343065566972,72.85764176,91.95800608,-225.1181458,5.997708724,4,512,512,128,0.7421879768371582,0.7421879768371582,2.5,-206.0,-180.0,-345.0,1.0,1.0,1.0,True,MET_SHORT,67108864,67108864,375.7237390833987,True,366.4273938240712,True,47.952741679999995,True,True
1.3.6.1.4.1.14519.5.2.1.6279.6001.123654356399290048011621921476,-104.5202654,-80.58695572,-206.7105258,4.868289382,6,512,512,123,0.703125,0.703125,2.5,-170.600006,-189.899994,-325.929993,1.0,1.0,1.0,True,MET_SHORT,64487424,64487424,93.98007552000001,True,155.46743222044444,True,47.68778688000001,True,True
1.3.6.1.4.1.14519.5.2.1.6279.6001.123654356399290048011621921476,73.74147799,20.52463349,-144.2154706,4.859054017,6,512,512,123,0.703125,0.703125,2.5,-170.600006,-189.899994,-325.929993,1.0,1.0,1.0,True,MET_SHORT,64487424,64487424,347.5078883413334,True,299.2705813191111,True,72.68580896,True,True
1.3.6.1.4.1.14519.5.2.1.6279.6001.123697637451437522065941162930,-129.0547255,-12.23855483,-79.4978846,21.82795321,3,512,512,244,0.7011719942092896,0.7011719942092896,1.25,136.600006,144.800003,-294.0,-1.0,-1.0,1.0,True,MET_SHORT,127926272,127926272,378.8724217366645,True,223.96581598654993,True,171.60169231999998,True,True
1.3.6.1.4.1.14519.5.2.1.6279.6001.124154461048929153767743874565,145.967465,-161.1976342,-312.0713474,6.378436317,0,512,512,195,0.72265625,0.72265625,1.7999999523162842,-184.638671875,-326.638671875,-385.2,1.0,1.0,1.0,True,MET_SHORT,102236160,102236160,457.487411027027,True,228.93462510702702,True,40.627030298470984,True,True
1.3.6.1.4.1.14519.5.2.1.6279.6001.124663713663969377020085460568,-86.7371531,50.43512096,-156.612762,9.259814,2,512,512,133,0.859375,0.859375,2.5,-220.0,-255.199997,-379.0,1.0,1.0,1.0,True,MET_SHORT,69730304,69730304,155.06949457454544,True,355.64813726254545,True,88.9548952,True,True
1.3.6.1.4.1.14519.5.2.1.6279.6001.124663713663969377020085460568,78.93980901,15.80057403,-95.35623253,14.95279904,2,512,512,133,0.859375,0.859375,2.5,-220.0,-255.199997,-379.0,1.0,1.0,1.0,True,MET_SHORT,69730304,69730304,347.8572323025454,True,315.3461190167273,True,113.457506988,True,True
1.3.6.1.4.1.14519.5.2.1.6279.6001.124663713663969377020085460568,-60.61494104,50.42874262,-95.98745681,6.736648953,2,512,512,133,0.859375,0.859375,2.5,-220.0,-255.199997,-379.0,1.0,1.0,1.0,True,MET_SHORT,69730304,69730304,185.46625042618183,True,355.6407151941818,True,113.20501727599999,True,True
1.3.6.1.4.1.14519.5.2.1.6279.6001.124822907934319930841506266464,-61.38042695,-72.80237271,-230.3742024,5.174837024,9,512,512,536,0.65625,0.65625,0.699999988079071,-172.67188,-355.67188,-443.5,1.0,1.0,1.0,True,MET_SHORT,281018368,281018368,169.58697607619047,True,431.0392492038095,True,304.4654303278725,True,True
1.3.6.1.4.1.14519.5.2.1.6279.6001.124822907934319930841506266464,-55.4650503,-72.1326947,-264.3412335,5.600330272,9,512,512,536,0.65625,0.65625,0.699999988079071,-172.67188,-355.67188,-443.5,1.0,1.0,1.0,True,MET_SHORT,281018368,281018368,178.60088335238092,True,432.0597109333333,True,255.94109935865097,True,True
1.3.6.1.4.1.14519.5.2.1.6279.6001.124822907934319930841506266464,31.31603013,-141.7597373,-93.9202978,3.393985464,9,512,512,536,0.65625,0.65625,0.699999988079071,-172.67188,-355.67188,-443.5,1.0,1.0,1.0,True,MET_SHORT,281018368,281018368,310.83872019809525,True,325.96136030476185,True,499.39958307615274,True,True
1.3.6.1.4.1.14519.5.2.1.6279.6001.124822907934319930841506266464,75.17419134,-76.43875411,-262.349883,4.054585195,9,512,512,536,0.65625,0.65625,0.699999988079071,-172.67188,-355.67188,-443.5,1.0,1.0,1.0,True,MET_SHORT,281018368,281018368,377.6702039466666,True,425.4980965942857,True,258.7858858356688,True,True
1.3.6.1.4.1.14519.5.2.1.6279.6001.124822907934319930841506266464,79.7279097,-236.1324625,-149.6524383,4.732833115,9,512,512,536,0.65625,0.65625,0.699999988079071,-172.67188,-355.67188,-443.5,1.0,1.0,1.0,True,MET_SHORT,281018368,281018368,384.6092033523809,True,182.15530285714283,True,419.78223814884893,True,True
1.3.6.1.4.1.14519.5.2.1.6279.6001.125124219978170516876304987559,124.370439,-106.0114955,-208.2958333,4.492434135,7,512,512,330,0.76171875,0.76171875,1.0,-194.619140625,-372.619140625,-359.1,1.0,1.0,1.0,True,MET_SHORT,173015040,173015040,418.77606350769236,True,350.00798539487175,True,150.80416670000002,True,True
1.3.6.1.4.1.14519.5.2.1.6279.6001.125124219978170516876304987559,111.9984909,-148.5527622,-170.1697015,3.916276383,7,512,512,330,0.76171875,0.76171875,1.0,-194.619140625,-372.619140625,-359.1,1.0,1.0,1.0,True,MET_SHORT,173015040,173015040,402.5339162584615,True,294.1589378297436,True,188.93029850000002,True,True
1.3.6.1.4.1.14519.5.2.1.6279.6001.125124219978170516876304987559,-70.16527375,-144.9379752,-86.54947655,10.96737987,7,512,512,330,0.76171875,0.76171875,1.0,-194.619140625,-372.619140625,-359.1,1.0,1.0,1.0,True,MET_SHORT,173015040,173015040,163.38558933333334,True,298.9045043528205,True,272.55052345,True,True
1.3.6.1.4.1.14519.5.2.1.6279.6001.126264578931778258890371755354,59.1141461,-158.5772534,-118.037336,6.720277435,0,512,512,672,0.607421875,0.607421875,0.5,-163.1962890625,-319.1962890625,-380.5,1.0,1.0,1.0,True,MET_SHORT,352321536,352321536,365.990169785209,True,264.427479933119,True,524.925328,True,True
1.3.6.1.4.1.14519.5.2.1.6279.6001.126631670596873065041988320084,44.01647614,-7.920203139,-249.6876651,7.60446251,3,512,512,272,0.7421879768371582,0.7421879768371582,1.25,-214.399994,-180.199997,-354.5,1.0,1.0,1.0,True,MET_SHORT,142606336,142606336,348.18196764820215,True,232.12420469969365,True,83.84986792,True,True
1.3.6.1.4.1.14519.5.2.1.6279.6001.126631670596873065041988320084,-96.96022013,48.93585032,-68.03842933,16.97755709,3,512,512,272,0.7421879768371582,0.7421879768371582,1.25,-214.399994,-180.199997,-354.5,1.0,1.0,1.0,True,MET_SHORT,142606336,142606336,158.2345410262112,True,308.7302064585643,True,229.169256536,True,True
1.3.6.1.4.1.14519.5.2.1.6279.6001.126704785377921920210612476953,104.7694388,-1.720163357,-204.3343503,4.887779405,2,512,512,257,0.5761719942092896,0.5761719942092896,1.25,-145.399994,-147.5,-344.73999,1.0,1.0,1.0,True,MET_SHORT,134742016,134742016,434.19228166985164,True,253.01444379132167,True,112.32451175999998,True,True
1.3.6.1.4.1.14519.5.2.1.6279.6001.127965161564033605177803085629,97.49024191,28.55020986,-160.5336443,8.842809348,3,512,512,197,0.6269530057907104,0.6269530057907104,1.25,163.600006,191.100006,-299.0,-0.9999999999999999,-0.9999999999999999,1.0,True,MET_SHORT,103284736,103284736,105.4461235202512,True,259.2695060692674,True,110.77308456,True,True
1.3.6.1.4.1.14519.5.2.1.6279.6001.128023902651233986592378348912,33.83282599,88.41158995,-101.7804814,10.4626083,0,512,512,133,0.703125,0.703125,2.5,-193.5,-180.0,-353.329987,1.0,1.0,0.9999999999999999,True,MET_SHORT,69730304,69730304,323.31779696355557,True,381.7409279288889,True,100.61980224000003,True,True
1.3.6.1.4.1.14519.5.2.1.6279.6001.128059192202504367870633619224,69.52897275,-24.4152887,-137.8211351,7.035809202,1,512,512,140,0.703125,0.703125,2.5,-177.4,-180.0,-378.75,1.0,1.0,1.0,True,MET_SHORT,73400320,73400320,351.18787235555556,True,221.27603384888891,True,96.37154596,True,True
1.3.6.1.4.1.14519.5.2.1.6279.6001.128059192202504367870633619224,87.16989338,16.38497348,-274.2034889,5.85837472,1,512,512,140,0.703125,0.703125,2.5,-177.4,-180.0,-378.75,1.0,1.0,1.0,True,MET_SHORT,73400320,73400320,376.277181696,True,279.30307339377777,True,41.81860443999999,True,True
1.3.6.1.4.1.14519.5.2.1.6279.6001.128881800399702510818644205032,-99.85852187,37.43405102,-170.4566088,12.3192364,1,512,512,131,0.78125,0.78125,2.5,-208.800003,-200.0,-376.75,1.0,1.0,1.0,True,MET_SHORT,68681728,68681728,139.4450958464,True,303.9155853056,True,82.51735648,True,True
1.3.6.1.4.1.14519.5.2.1.6279.6001.128881800399702510818644205032,-78.66713641,66.42215895,-168.8716784,13.02514237,1,512,512,131,0.78125,0.78125,2.5,-208.800003,-200.0,-376.75,1.0,1.0,1.0,True,MET_SHORT,68681728,68681728,166.57006923519998,True,341.020363456,True,83.15132864,True,True
1.3.6.1.4.1.14519.5.2.1.6279.6001.129007566048223160327836686225,-79.18515549,93.97389133,-146.3062085,5.317166147,6,512,512,133,0.6640620231628418,0.6640620231628418,2.5,-163.300003,-170.0,-340.045013,1.0,1.0,1.0,True,MET_SHORT,69730304,69730304,126.66715544034852,True,397.51391003016016,True,77.49552179999999,True,True
1.3.6.1.4.1.14519.5.2.1.6279.6001.129007566048223160327836686225,44.14055176,100.3832603,-139.8410947,6.133374031,6,512,512,133,0.6640620231628418,0.6640620231628418,2.5,-163.300003,-170.0,-340.045013,1.0,1.0,1.0,True,MET_SHORT,69730304,69730304,312.38129500613115,True,407.1656725861229,True,80.08156731999999,True,True
1.3.6.1.4.1.14519.5.2.1.6279.6001.129055977637338639741695800950,-96.46930419,-88.12896199,1131.113774,6.800248866,0,512,512,483,0.6171875,0.6171875,0.699999988079071,-168.69141,-306.69141,872.0,1.0,1.0,1.0,True,MET_SHORT,253231104,253231104,117.01809548962024,True,354.126498041519,True,370.1625405895447,True,True
1.3.6.1.4.1.14519.5.2.1.6279.6001.129567032250534530765928856531,80.77303275,-29.15344675,-85.55027647,3.611869871,5,512,512,401,0.625,0.625,0.625,-151.100006,-160.0,-265.679993,1.0,1.0,1.0,True,MET_SHORT,210239488,210239488,370.996862,True,209.3544852,True,288.207546448,True,True
1.3.6.1.4.1.14519.5.2.1.6279.6001.129982010889624423230394257528,-32.10848635,-30.26543546,-219.5786756,4.978982963,7,512,512,265,0.8828120231628418,0.8828120231628418,1.25,-212.0,-226.0,-336.5,0.9999999999999999,0.9999999999999999,1.0,True,MET_SHORT,138936320,138936320,203.77102818050042,True,221.71714861646737,True,93.53705952,True,True
1.3.6.1.4.1.14519.5.2.1.6279.6001.129982010889624423230394257528,-94.29018316,70.67432635,-253.256346,4.843419619,7,512,512,265,0.8828120231628418,0.8828120231628418,1.25,-212.0,-226.0,-336.5,0.9999999999999999,0.9999999999999999,1.0,True,MET_SHORT,138936320,138936320,133.33508578449377,True,336.0560556109192,True,66.5949232,True,True
1.3.6.1.4.1.14519.5.2.1.6279.6001.129982010889624423230394257528,133.983223,16.50243609,-158.8158943,5.674730826,7,512,512,265,0.8828120231628418,0.8828120231628418,1.25,-212.0,-226.0,-336.5,0.9999999999999999,0.9999999999999999,1.0,True,MET_SHORT,138936320,138936320,391.9104111886123,True,274.6931733226616,True,142.14728456,True,True
1.3.6.1.4.1.14519.5.2.1.6279.6001.129982010889624423230394257528,-16.01619076,50.52094748,-137.5903435,4.907212712,7,512,512,265,0.8828120231628418,0.8828120231628418,1.25,-212.0,-226.0,-336.5,0.9999999999999999,0.9999999999999999,1.0,True,MET_SHORT,138936320,138936320,221.9994790486097,True,313.227437126775,True,159.12772520000001,True,True
1.3.6.1.4.1.14519.5.2.1.6279.6001.130036599816889919308975074972,-93.52263469,-194.6344428,-191.5919406,6.134569156,7,512,512,192,0.6640625,0.6640625,1.7999999523162842,-168.66797,-307.66797,-405.8,1.0,1.0,1.0,True,MET_SHORT,100663296,100663296,113.16003434917646,True,170.21519390117652,True,119.00448059698658,True,True
1.3.6.1.4.1.14519.5.2.1.6279.6001.130438550890816550994739120843,88.23145221,32.80911691,-77.98638617,5.05940652,0,512,512,274,0.6152340173721313,0.6152340173721313,1.25,-151.300003,-133.600006,-356.470001,1.0,1.0,1.0,True,MET_SHORT,143654912,143654912,389.3338931958254,True,270.481017322138,True,222.786891864,True,True
1.3.6.1.4.1.14519.5.2.1.6279.6001.130765375502800983459674173881,-107.8443234,9.187612266,-230.5331004,4.897802289,6,512,512,120,0.5761719942092896,0.5761719942092896,2.5,-152.699997,-143.899994,-324.290009,1.0,1.0,1.0,True,MET_SHORT,62914560,62914560,77.85118688657846,True,265.69775658063696,True,37.50276344,True,True
1.3.6.1.4.1.14519.5.2.1.6279.6001.130765375502800983459674173881,93.0086447,14.09192582,-218.2554877,4.720442281,6,512,512,120,0.5761719942092896,0.5761719942092896,2.5,-152.699997,-143.899994,-324.290009,1.0,1.0,1.0,True,MET_SHORT,62914560,62914560,426.4501644811782,True,274.2096481742755,True,42.413808519999996,True,True
1.3.6.1.4.1.14519.5.2.1.6279.6001.131939324905446238286154504249,-91.91936643,87.00392719,1453.777585,14.43967916,8,512,512,136,0.7409999966621399,0.7409999966621399,2.0,-184.375,-188.2812,1288.5,1.0,1.0,1.0,True,MET_SHORT,71303168,71303168,124.77143587917625,True,371.50489666670904,True,82.63879250000002,True,True
1.3.6.1.4.1.14519.5.2.1.6279.6001.131939324905446238286154504249,-59.72321708,84.839226,1368.370353,9.769564126,8,512,512,136,0.7409999966621399,0.7409999966621399,2.0,-184.375,-188.2812,1288.5,1.0,1.0,1.0,True,MET_SHORT,71303168,71303168,168.22103033940388,True,368.5835725104999,True,39.93517650000001,True,True
1.3.6.1.4.1.14519.5.2.1.6279.6001.132817748896065918417924920957,74.2822796,57.09404849,-122.279633,6.70661454,5,512,512,133,0.625,0.625,2.5,-157.399994,-165.699997,-331.5,1.0,1.0,1.0,True,MET_SHORT,69730304,69730304,370.69163775999994,True,356.470472784,True,83.6881468,True,True
1.3.6.1.4.1.14519.5.2.1.6279.6001.133378195429627807109985347209,-33.32584895,50.4405973,-253.8029719,11.3447991,2,512,512,238,0.7421879768371582,0.7421879768371582,1.25,-190.0,-190.0,-303.5,1.0,1.0,1.0,True,MET_SHORT,124780544,124780544,211.09766789495637,True,323.9618598035502,True,39.75762248000001,True,True
1.3.6.1.4.1.14519.5.2.1.6279.6001.133378195429627807109985347209,-57.18592317,78.72513926,-133.6241393,13.65181798,2,512,512,238,0.7421879768371582,0.7421879768371582,1.25,-190.0,-190.0,-303.5,1.0,1.0,1.0,True,MET_SHORT,124780544,124780544,178.9493780214395,True,362.0715339598668,True,135.90068856,True,True
1.3.6.1.4.1.14519.5.2.1.6279.6001.134370886216012873213579659366,-58.2494371,-98.05475684,-227.604282,4.402746921,1,512,512,202,0.56640625,0.56640625,1.7999999523162842,-155.7168,-314.7168,-366.8,1.0,1.0,1.0,True,MET_SHORT,105906176,105906176,172.08030967172417,True,382.52057275144824,True,77.3309564930152,True,True
1.3.6.1.4.1.14519.5.2.1.6279.6001.134370886216012873213579659366,-61.47472636,-140.3727694,-59.31736202,9.326384983,1,512,512,202,0.56640625,0.56640625,1.7999999523162842,-155.7168,-314.7168,-366.8,1.0,1.0,1.0,True,MET_SHORT,105906176,105906176,166.3860058747586,True,307.807391955862,True,170.8236922919491,True,True
1.3.6.1.4.1.14519.5.2.1.6279.6001.134519406153127654901640638633,-119.4330363,-48.7962957,-223.600473,12.03514375,9,512,512,261,0.78125,0.78125,1.25,-204.199997,-200.0,-360.5,1.0,1.0,1.0,True,MET_SHORT,136839168,136839168,108.50170969599999,True,193.540741504,True,109.51962160000001,True,True
1.3.6.1.4.1.14519.5.2.1.6279.6001.134519406153127654901640638633,-35.51923634,40.34791487,-72.19348873,7.183794081,9,512,512,261,0.78125,0.78125,1.25,-204.199997,-200.0,-360.5,1.0,1.0,1.0,True,MET_SHORT,136839168,136839168,215.9113736448,True,307.64533103360003,True,230.645209016,True,True
1.3.6.1.4.1.14519.5.2.1.6279.6001.134996872583497382954024478441,-84.04658072,-42.01536028,-146.8074,7.053719722,0,512,512,197,0.859375,0.859375,1.25,-238.100006,-220.0,-273.25,1.0,1.0,1.0,True,MET_SHORT,103284736,103284736,179.26216759854546,True,207.10939894690907,True,101.15408,True,True
1.3.6.1.4.1.14519.5.2.1.6279.6001.134996872583497382954024478441,-70.32309853,56.20438421,-82.47945755,7.888814398,0,512,512,197,0.859375,0.859375,1.25,-238.100006,-220.0,-273.25,1.0,1.0,1.0,True,MET_SHORT,103284736,103284736,195.23131051054548,True,321.40146526254546,True,152.61643396,True,True
1.3.6.1.4.1.14519.5.2.1.6279.6001.134996872583497382954024478441,-86.85384308,15.04157401,-72.32680955,9.25825997,0,512,512,197,0.859375,0.859375,1.25,-238.100006,-220.0,-273.25,1.0,1.0,1.0,True,MET_SHORT,103284736,103284736,175.99553503418184,True,273.50292248436364,True,160.73855236,True,True
1.3.6.1.4.1.14519.5.2.1.6279.6001.134996872583497382954024478441,99.63448881,-25.73228594,-199.6153564,6.779556482,0,512,512,197,0.859375,0.859375,1.25,-238.100006,-220.0,-273.25,1.0,1.0,1.0,True,MET_SHORT,103284736,103284736,393.0001394152727,True,226.05697636072728,True,58.90771488,True,True
1.3.6.1.4.1.14519.5.2.1.6279.6001.135657246677982059395844827629,-109.1369335,-124.5550327,-105.8852679,14.15074869,3,512,512,161,0.5859375,0.5859375,1.7999999523162842,-169.70703125,-282.70703125,-321.5,1.0,1.0,1.0,True,MET_SHORT,84410368,84410368,103.37296682666667,True,269.912744192,True,119.78596545102218,True,True
1.3.6.1.4.1.14519.5.2.1.6279.6001.137375498893536422914241295628,-41.39469558,-81.30460432,-238.141021,5.739194256,2,512,512,181,0.6640625,0.6640625,1.7999999523162842,-164.66797,-352.66797,-398.5,1.0,1.0,1.0,True,MET_SHORT,94896128,94896128,185.63504853835295,True,408.64130361223533,True,89.0883240267013,True,True
1.3.6.1.4.1.14519.5.2.1.6279.6001.137763212752154081977261297097,-103.723003,153.3927131,-465.845305,11.13983165,0,512,512,246,0.7421875,0.7421875,1.0,-164.492922,-75.1801815,-557.5,1.0,1.0,1.0,True,MET_SHORT,128974848,128974848,81.8794698105263,True,307.9719000926316,True,91.654695,True,True
1.3.6.1.4.1.14519.5.2.1.6279.6001.137763212752154081977261297097,-80.44626828,183.9384127,-467.8757027,17.69382414,0,512,512,246,0.7421875,0.7421875,1.0,-164.492922,-75.1801815,-557.5,1.0,1.0,1.0,True,MET_SHORT,128974848,128974848,113.24180711747368,True,349.1282111326315,True,89.62429730000002,True,True
1.3.6.1.4.1.14519.5.2.1.6279.6001.137773550852881583165286615668,88.82472816,-213.341493,168.2571724,17.74608206,8,512,512,343,0.599609375,0.599609375,1.0,-162.2001953125,-331.2001953125,-25.0,1.0,1.0,1.0,True,MET_SHORT,179830784,179830784,418.64742937433226,True,196.5591387100977,True,193.2571724,True,True
1.3.6.1.4.1.14519.5.2.1.6279.6001.137773550852881583165286615668,57.17854367,-191.0388202,182.1082155,10.07596577,8,512,512,343,0.599609375,0.599609375,1.0,-162.2001953125,-331.2001953125,-25.0,1.0,1.0,1.0,True,MET_SHORT,179830784,179830784,365.86942787960913,True,233.75447575765472,True,207.1082155,True,True
1.3.6.1.4.1.14519.5.2.1.6279.6001.138080888843357047811238713686,-120.9836813,177.1711523,-530.9680868,6.921521943,0,512,512,295,0.681640625,0.681640625,1.0,-161.5,-39.5,-656.0,1.0,1.0,1.0,True,MET_SHORT,154664960,154664960,59.439413107163325,True,317.8671346063037,True,125.03191319999996,True,True
1.3.6.1.4.1.14519.5.2.1.6279.6001.138813197521718693188313387015,53.27674099,66.29703219,-254.5379718,17.37441249,9,512,512,149,0.8203120231628418,0.8203120231628418,2.5,-210.0,-210.0,-375.25,1.0,1.0,1.0,True,MET_SHORT,78118912,78118912,320.9470708169011,True,336.81943502996995,True,48.28481128,True,True
1.3.6.1.4.1.14519.5.2.1.6279.6001.138904664700896606480369521124,110.2444818,-225.8683112,-184.3440648,4.937409282,5,512,512,179,0.6640625,0.6640625,1.7999999523162842,-165.66796875,-306.66796875,-356.9,1.0,1.0,1.0,True,MET_SHORT,93847552,93847552,415.49169024,True,121.6747784282353,True,95.86441098398406,True,True
1.3.6.1.4.1.14519.5.2.1.6279.6001.138904664700896606480369521124,-91.21175481,-159.2195004,-181.0273265,6.310673697,5,512,512,179,0.6640625,0.6640625,1.7999999523162842,-165.66796875,-306.66796875,-356.9,1.0,1.0,1.0,True,MET_SHORT,93847552,93847552,112.12229863905883,True,222.0400464564706,True,97.70704342168605,True,True
1.3.6.1.4.1.14519.5.2.1.6279.6001.138904664700896606480369521124,-62.9426951,-91.85733781,-154.3643203,11.68644494,5,512,512,179,0.6640625,0.6640625,1.7999999523162842,-165.66796875,-306.66796875,-356.9,1.0,1.0,1.0,True,MET_SHORT,93847552,93847552,154.69217679058823,True,323.4795383567059,True,112.51982503631297,True,True
1.3.6.1.4.1.14519.5.2.1.6279.6001.139258777898746693365877042411,-108.127825,-176.5624058,-192.9633399,8.621579517,0,512,512,588,0.513671875,0.513671875,0.5,-157.2431640625,-281.2431640625,-336.0,1.0,1.0,1.0,True,MET_SHORT,308281344,308281344,95.61617338403042,True,203.78915676958175,True,286.0733202,True,True
1.3.6.1.4.1.14519.5.2.1.6279.6001.140239815496047437552471323962,97.37614851,-102.5986444,-156.3406252,11.2322969,5,512,512,308,0.5859375,0.5859375,1.0,-154.70703125,-318.70703125,-329.1,1.0,1.0,1.0,True,MET_SHORT,161480704,161480704,430.22196012373337,True,368.824980224,True,172.75937480000002,True,True
1.3.6.1.4.1.14519.5.2.1.6279.6001.140253591510022414496468423138,-108.0334716,59.54355435,-256.4077135,8.437996083,7,512,512,128,0.7421879768371582,0.7421879768371582,2.5,-190.0,-186.300003,-327.75,1.0,1.0,1.0,True,MET_SHORT,67108864,67108864,110.4390409951145,True,331.24163287805453,True,28.5369146,True,True
1.3.6.1.4.1.14519.5.2.1.6279.6001.140253591510022414496468423138,106.6044712,-46.41062225,-181.2522845,5.235910569,7,512,512,128,0.7421879768371582,0.7421879768371582,2.5,-190.0,-186.300003,-327.75,1.0,1.0,1.0,True,MET_SHORT,67108864,67108864,399.6352412821117,True,188.4824129678576,True,58.5990862,True,True
1.3.6.1.4.1.14519.5.2.1.6279.6001.140253591510022414496468423138,-72.97101044,49.02652606,-67.08815205,10.91366167,7,512,512,128,0.7421879768371582,0.7421879768371582,2.5,-190.0,-186.300003,-327.75,1.0,1.0,1.0,True,MET_SHORT,67108864,67108864,157.6810635746489,True,317.07133018086125,True,104.26473917999999,True,True
1.3.6.1.4.1.14519.5.2.1.6279.6001.141069661700670042960678408762,-101.9672788,248.736321,-739.8746836,6.259551508,0,512,512,280,0.572265625,0.572265625,1.0,-165.811651,41.0718307,-924.699951,1.0,1.0,1.0,True,MET_SHORT,146800640,146800640,111.56422718907851,True,362.8812936300341,True,184.82526740000003,True,True
1.3.6.1.4.1.14519.5.2.1.6279.6001.141149610914910880857802344415,-101.0050569,24.07044046,-108.7562821,11.62935127,7,512,512,117,0.7226560115814209,0.7226560115814209,2.5,-197.7,-179.0,-340.0,1.0,1.0,1.0,True,MET_SHORT,61341696,61341696,133.8049383805693,True,281.0056751837043,True,92.49748715999999,True,True
1.3.6.1.4.1.14519.5.2.1.6279.6001.141345499716190654505508410197,-73.28217211,46.20627483,-185.2274411,6.022565899,9,512,512,257,0.6269530057907104,0.6269530057907104,1.25,-178.899994,-180.5,-339.904999,0.9999999999999999,0.9999999999999999,1.0,True,MET_SHORT,134742016,134742016,168.4621030834604,True,361.600108359125,True,123.74204631999999,True,True
1.3.6.1.4.1.14519.5.2.1.6279.6001.141430002307216644912805017227,-148.0814493,-165.0240818,-289.0138609,4.716992744,4,512,512,215,0.7421875,0.7421875,1.7999999523162842,-190.62891,-327.62891,-440.2,1.0,1.0,1.0,True,MET_SHORT,112721920,112721920,57.32710494315788,True,219.08861062736844,True,83.99230172503613,True,True
1.3.6.1.4.1.14519.5.2.1.6279.6001.141430002307216644912805017227,156.4947772,-149.3952143,-280.7709302,6.049591287,4,512,512,215,0.7421875,0.7421875,1.7999999523162842,-190.62891,-327.62891,-440.2,1.0,1.0,1.0,True,MET_SHORT,112721920,112721920,467.7034943326315,True,240.14645315368423,True,88.5717077907934,True,True
1.3.6.1.4.1.14519.5.2.1.6279.6001.141430002307216644912805017227,106.0772829,-209.9599669,-245.5249483,5.471134731,4,512,512,215,0.7421875,0.7421875,1.7999999523162842,-190.62891,-327.62891,-440.2,1.0,1.0,1.0,True,MET_SHORT,112721920,112721920,399.7725546442106,True,158.54341807157897,True,108.15280936507101,True,True
1.3.6.1.4.1.14519.5.2.1.6279.6001.141511313712034597336182402384,67.92682992,-24.89511697,-78.85797979,16.59533492,4,512,512,529,0.6054689884185791,0.6054689884185791,0.625,-171.100006,-142.600006,-315.779999,1.0,1.0,1.0,True,MET_SHORT,277348352,277348352,394.779650968273,True,194.40283694369336,True,379.075230736,True,True
1.3.6.1.4.1.14519.5.2.1.6279.6001.141511313712034597336182402384,14.27208885,94.14615593,-129.5316415,3.904418305,4,512,512,529,0.6054689884185791,0.6054689884185791,0.625,-171.100006,-142.600006,-315.779999,1.0,1.0,1.0,True,MET_SHORT,277348352,277348352,306.1628231929306,True,391.0128618616057,True,297.9973719999999,True,True
1.3.6.1.4.1.14519.5.2.1.6279.6001.141511313712034597336182402384,-71.71034314,-51.03435569,-60.04814098,6.288178284,4,512,512,529,0.6054689884185791,0.6054689884185791,0.625,-171.100006,-142.600006,-315.779999,1.0,1.0,1.0,True,MET_SHORT,277348352,277348352,164.1531849873852,True,151.23094999326025,True,409.17097283199996,True,True
1.3.6.1.4.1.14519.5.2.1.6279.6001.142154819868944114554521645782,37.0690484,-156.5575996,959.5810338,7.3033558,4,512,512,446,0.55078125,0.55078125,0.699999988079071,-145.72461,-273.72461,697.0,1.0,1.0,1.0,True,MET_SHORT,233832448,233832448,331.88068475461,True,212.72875647092195,True,375.11576895961207,True,True
1.3.6.1.4.1.14519.5.2.1.6279.6001.142485715518010940961688015191,53.30850981,-93.95190759,-253.6684413,5.202649246,2,512,512,312,0.6640625,0.6640625,1.0,-162.66796875,-319.66796875,-349.0,1.0,1.0,1.0,True,MET_SHORT,163577856,163577856,325.23516771388233,True,339.90183327623527,True,95.33155869999999,True,True
1.3.6.1.4.1.14519.5.2.1.6279.6001.142485715518010940961688015191,-87.81822242,-240.437239,-153.8057486,5.901320414,2,512,512,312,0.6640625,0.6640625,1.0,-162.66796875,-319.66796875,-349.0,1.0,1.0,1.0,True,MET_SHORT,163577856,163577856,112.71491212047059,True,119.31215774117646,True,195.1942514,True,True
1.3.6.1.4.1.14519.5.2.1.6279.6001.142485715518010940961688015191,-106.0460276,-192.5404675,-155.2066788,3.888635523,2,512,512,312,0.6640625,0.6640625,1.0,-162.66796875,-319.66796875,-349.0,1.0,1.0,1.0,True,MET_SHORT,163577856,163577856,85.26598196705882,True,191.43906070588235,True,193.7933212,True,True
1.3.6.1.4.1.14519.5.2.1.6279.6001.143412474064515942785157561636,104.9934369,69.39425205,-122.7425876,5.686317218,2,512,512,449,0.625,0.625,0.625,-162.100006,-128.899994,-228.779999,1.0,1.0,1.0,True,MET_SHORT,235405312,235405312,427.34950864,True,317.27079368,True,169.65985824,True,True
1.3.6.1.4.1.14519.5.2.1.6279.6001.143622857676008763729469324839,-76.86981076,-149.5342705,-127.5383708,18.79314938,8,512,512,385,0.736328125,0.736328125,1.0,-185.1318359375,-355.1318359375,-430.0,1.0,1.0,1.0,True,MET_SHORT,201850880,201850880,147.02959387501326,True,279.22003581962866,True,302.4616292,True,True
1.3.6.1.4.1.14519.5.2.1.6279.6001.144883090372691745980459537053,138.4754244,50.1395894,-311.3558523,16.18466141,2,512,512,240,0.6269530057907104,0.6269530057907104,1.25,196.0,160.5,-373.75,-0.9999999999999999,-0.9999999999999999,1.0,True,MET_SHORT,125829120,125829120,91.75261154933017,True,176.02660738632864,True,49.91531816000001,True,True
1.3.6.1.4.1.14519.5.2.1.6279.6001.144883090372691745980459537053,116.4755427,-19.95043225,-198.9967643,4.536882084,2,512,512,240,0.6269530057907104,0.6269530057907104,1.25,196.0,160.5,-373.75,-0.9999999999999999,-0.9999999999999999,1.0,True,MET_SHORT,125829120,125829120,126.842772210182,True,287.8213049196833,True,139.80258856,True,True
1.3.6.1.4.1.14519.5.2.1.6279.6001.145759169833745025756371695397,-75.29240495,21.15278462,-199.692606,6.896207561,1,512,512,144,0.625,0.625,2.0,-169.399994,-141.300003,-273.804993,1.0,1.0,1.0,True,MET_SHORT,75497472,75497472,150.57214247999997,True,259.924460192,True,37.056193500000006,True,True
1.3.6.1.4.1.14519.5.2.1.6279.6001.146987333806092287055399155268,91.41858153,-21.56714696,-257.7988959,24.77327957,4,512,512,147,0.8203120231628418,0.8203120231628418,2.5,-210.0,-208.399994,-380.25,1.0,1.0,1.0,True,MET_SHORT,77070336,77070336,367.443817741246,True,227.75826973696743,True,48.98044164,True,True
1.3.6.1.4.1.14519.5.2.1.6279.6001.147250707071097813243473865421,-10.02312089,95.43468299,-115.5338694,5.498132148,2,512,512,474,0.6445310115814209,0.6445310115814209,0.625,-148.399994,-131.800003,-298.464996,1.0,1.0,1.0,True,MET_SHORT,248512512,248512512,214.69389466688125,True,352.5581886780857,True,292.68980256,True,True
1.3.6.1.4.1.14519.5.2.1.6279.6001.147250707071097813243473865421,84.43809487,41.64011864,-38.62495844,6.45617819,2,512,512,474,0.6445310115814209,0.6445310115814209,0.625,-148.399994,-131.800003,-298.464996,1.0,1.0,1.0,True,MET_SHORT,248512512,248512512,361.25195636236117,True,269.0950761460607,True,415.744060096,True,True
1.3.6.1.4.1.14519.5.2.1.6279.6001.147325126373007278009743173696,-57.54166864,-23.88712628,-139.3714857,4.372179266,6,512,512,239,0.5859379768371582,0.5859379768371582,1.2500001192092896,-141.100006,-150.0,-321.765015,1.0,1.0,0.9999999999999999,True,MET_SHORT,125304832,125304832,142.60611304124814,True,215.23246265884015,True,145.9148095244794,True,True
1.3.6.1.4.1.14519.5.2.1.6279.6001.147325126373007278009743173696,-10.63664132,53.74246081,-60.36283743,4.223936088,6,512,512,239,0.5859379768371582,0.5859379768371582,1.2500001192092896,-141.100006,-150.0,-321.765015,1.0,1.0,0.9999999999999999,True,MET_SHORT,125304832,125304832,222.65729452156322,True,347.72018347365696,True,209.1217221125985,True,True
1.3.6.1.4.1.14519.5.2.1.6279.6001.148229375703208214308676934766,150.9859351,-134.5185043,-328.8678433,6.506928243,4,512,512,491,0.6640625,0.6640625,0.699999988079071,-173.66797,-320.66797,-428.5,1.0,1.0,1.0,True,MET_SHORT,257425408,257425408,488.8905865035294,True,280.3191954070589,True,142.33165485246505,True,True
1.3.6.1.4.1.14519.5.2.1.6279.6001.148229375703208214308676934766,74.32647971,-152.5691673,-178.2863299,5.851190527,4,512,512,491,0.6640625,0.6640625,0.699999988079071,-173.66797,-320.66797,-428.5,1.0,1.0,1.0,True,MET_SHORT,257425408,257425408,373.45046544564707,True,253.13702053647063,True,357.4481062301621,True,True
1.3.6.1.4.1.14519.5.2.1.6279.6001.148447286464082095534651426689,29.43814722,63.4969422,-196.6709143,5.209168076,3,512,512,220,0.703125,0.703125,1.25,145.300003,180.0,-308.25,-1.0,-1.0,1.0,True,MET_SHORT,115343360,115343360,164.78130599822222,True,165.69323776,True,89.26326856,True,True
1.3.6.1.4.1.14519.5.2.1.6279.6001.148447286464082095534651426689,-100.5097932,29.32101972,-97.17804233,5.062185148,3,512,512,220,0.703125,0.703125,1.25,145.300003,180.0,-308.25,-1.0,-1.0,1.0,True,MET_SHORT,115343360,115343360,349.59615459555556,True,214.29899417599998,True,168.857566136,True,True
1.3.6.1.4.1.14519.5.2.1.6279.6001.148447286464082095534651426689,-119.2839541,-23.22368795,-110.8177161,8.679781517,3,512,512,220,0.703125,0.703125,1.25,145.300003,180.0,-308.25,-1.0,-1.0,1.0,True,MET_SHORT,115343360,115343360,376.29718343111114,True,289.0292450844444,True,157.94582712000002,True,True
1.3.6.1.4.1.14519.5.2.1.6279.6001.148447286464082095534651426689,-89.66859279,34.29905922,-128.5602482,23.48374545,3,512,512,220,0.703125,0.703125,1.25,145.300003,180.0,-308.25,-1.0,-1.0,1.0,True,MET_SHORT,115343360,115343360,334.1775584568889,True,207.219115776,True,143.75180144,True,True
1.3.6.1.4.1.14519.5.2.1.6279.6001.148447286464082095534651426689,-75.73296957,35.285004,-185.380144,4.181187701,3,512,512,220,0.703125,0.703125,1.25,145.300003,180.0,-308.25,-1.0,-1.0,1.0,True,MET_SHORT,115343360,115343360,314.3580054328889,True,205.81688319999998,True,98.2958848,True,True
1.3.6.1.4.1.14519.5.2.1.6279.6001.148447286464082095534651426689,-126.1625656,-0.397681495,-213.3227087,4.762202969,3,512,512,220,0.703125,0.703125,1.25,145.300003,180.0,-308.25,-1.0,-1.0,1.0,True,MET_SHORT,115343360,115343360,386.08009756444443,True,256.56559145955555,True,75.94183304,True,True
1.3.6.1.4.1.14519.5.2.1.6279.6001.149041668385192796520281592139,58.51266333,75.79401283,-279.2924241,15.99235031,8,512,512,133,0.703125,0.703125,2.5,-195.0,-180.0,-350.5,1.0,1.0,1.0,True,MET_SHORT,69730304,69730304,360.5513434026667,True,363.7959293582222,True,28.483030359999997,True,True
1.3.6.1.4.1.14519.5.2.1.6279.6001.149463915556499304732434215056,-78.27791848,-61.2505383,-147.0934292,7.065657802,3,512,512,161,0.6640620231628418,0.6640620231628418,2.0,-170.5,-170.0,-298.015015,1.0,1.0,1.0,True,MET_SHORT,84410368,84410368,138.8757048336511,True,163.76401285837778,True,75.4607929,True,True
1.3.6.1.4.1.14519.5.2.1.6279.6001.149893110752986700464921264055,-71.61430842,20.40693879,-22.78358686,17.34721239,6,512,512,375,0.625,0.625,0.625,-153.300003,-160.0,-214.75,1.0,1.0,1.0,True,MET_SHORT,196608000,196608000,130.697111328,True,288.651102064,True,307.14626102399995,True,True
1.3.6.1.4.1.14519.5.2.1.6279.6001.149893110752986700464921264055,-54.48997947,41.59197595,-41.15781303,3.662351465,6,512,512,375,0.625,0.625,0.625,-153.300003,-160.0,-214.75,1.0,1.0,1.0,True,MET_SHORT,196608000,196608000,158.096037648,True,322.54716152000003,True,277.747499152,True,True
1.3.6.1.4.1.14519.5.2.1.6279.6001.150097650621090951325113116280,38.14941728,1.80271657,-70.90735161,7.047024057,9,512,512,115,0.8203120231628418,0.8203120231628418,2.5,-216.0,-216.699997,-270.75,1.0,1.0,1.0,True,MET_SHORT,60293120,60293120,309.8204221121702,True,266.3653675677317,True,79.93705935599999,True,True
1.3.6.1.4.1.14519.5.2.1.6279.6001.150684298696437181894923266019,-114.0871448,-229.0544486,-171.1804677,6.346289783,6,512,512,181,0.76171875,0.76171875,1.7999999523162842,-207.619140625,-391.619140625,-341.0,1.0,1.0,1.0,True,MET_SHORT,94896128,94896128,122.79072272410257,True,213.41826235076923,True,94.34418711037856,True,True
1.3.6.1.4.1.14519.5.2.1.6279.6001.151764021165118974848436095034,118.0918135,196.2840721,-583.8597146,5.147276862,6,512,512,300,0.677734375,0.677734375,1.0,-146.458813,1.82315254,-734.900024,0.9999999999999999,0.9999999999999999,1.0,True,MET_SHORT,157286400,157286400,390.3455929913546,True,286.9279274199424,True,151.04030940000007,True,True
1.3.6.1.4.1.14519.5.2.1.6279.6001.151764021165118974848436095034,164.7639846,204.6731739,-692.6948336,4.731109238,6,512,512,300,0.677734375,0.677734375,1.0,-146.458813,1.82315254,-734.900024,0.9999999999999999,0.9999999999999999,1.0,True,MET_SHORT,157286400,157286400,459.21058320230554,True,299.3060833899712,True,42.20519039999999,True,True
1.3.6.1.4.1.14519.5.2.1.6279.6001.151764021165118974848436095034,-50.50497575,124.8450856,-550.3697203,6.867096006,6,512,512,300,0.677734375,0.677734375,1.0,-146.458813,1.82315254,-734.900024,0.9999999999999999,0.9999999999999999,1.0,True,MET_SHORT,157286400,157286400,141.580301648415,True,181.5193940251297,True,184.5303037,True,True
1.3.6.1.4.1.14519.5.2.1.6279.6001.151764021165118974848436095034,-64.867508,103.6062633,-620.0340436,3.253443196,6,512,512,300,0.677734375,0.677734375,1.0,-146.458813,1.82315254,-734.900024,0.9999999999999999,0.9999999999999999,1.0,True,MET_SHORT,157286400,157286400,120.38832322766571,True,150.18141991100867,True,114.86598040000001,True,True
1.3.6.1.4.1.14519.5.2.1.6279.6001.153536305742006952753134773630,112.4969508,-43.72684601,-199.0055588,12.8170256,2,512,512,141,0.5859379768371582,0.5859379768371582,2.5,-144.300003,-150.0,-384.75,1.0,1.0,1.0,True,MET_SHORT,73924608,73924608,438.2664444898544,True,181.372701874784,True,74.29777648000001,True,True
1.3.6.1.4.1.14519.5.2.1.6279.6001.153536305742006952753134773630,104.3942446,-9.972464082,-183.3350265,9.843747171,2,512,512,141,0.5859379768371582,0.5859379768371582,2.5,-144.300003,-150.0,-384.75,1.0,1.0,1.0,True,MET_SHORT,73924608,73924608,424.4378371622705,True,238.9801334841895,True,80.5659894,True,True
1.3.6.1.4.1.14519.5.2.1.6279.6001.153536305742006952753134773630,77.50052459,-36.4248749,-144.2257551,6.663525037,2,512,512,141,0.5859379768371582,0.5859379768371582,2.5,-144.300003,-150.0,-384.75,1.0,1.0,1.0,True,MET_SHORT,73924608,73924608,378.5392590308957,True,193.83472242756574,True,96.20969796,True,True
1.3.6.1.4.1.14519.5.2.1.6279.6001.153536305742006952753134773630,-61.84947057,15.77948178,-113.5974073,5.758006712,2,512,512,141,0.5859379768371582,0.5859379768371582,2.5,-144.300003,-150.0,-384.75,1.0,1.0,1.0,True,MET_SHORT,73924608,73924608,140.71546083266483,True,282.9300853221071,True,108.46103708000001,True,True
1.3.6.1.4.1.14519.5.2.1.6279.6001.153536305742006952753134773630,55.39113668,11.93657847,-63.1551208,13.73620925,2,512,512,141,0.5859379768371582,0.5859379768371582,2.5,-144.300003,-150.0,-384.75,1.0,1.0,1.0,True,MET_SHORT,73924608,73924608,340.8059343719539,True,276.3715356770685,True,128.63795168,True,True
1.3.6.1.4.1.14519.5.2.1.6279.6001.153646219551578201092527860224,-88.25023673,-94.62918889,-169.2121709,6.085343495,6,512,512,166,0.7226560115814209,0.7226560115814209,1.9999998807907104,-192.899994,-204.800003,-291.454987,1.0,1.0,1.0,True,MET_SHORT,87031808,87031808,144.81268486370186,True,152.4526363088134,True,61.121411693120045,True,True
1.3.6.1.4.1.14519.5.2.1.6279.6001.153732973534937692357111055819,90.76420042,13.42579202,-161.1894594,6.901543658,8,512,512,139,0.8203120231628418,0.8203120231628418,2.5,-220.899994,-212.100006,-399.25,1.0,1.0,1.0,True,MET_SHORT,72876032,72876032,379.9337150007015,True,274.92684692155296,True,95.22421624,True,True
1.3.6.1.4.1.14519.5.2.1.6279.6001.153732973534937692357111055819,-83.56715969,69.86135283,-119.3583556,16.45094344,8,512,512,139,0.8203120231628418,0.8203120231628418,2.5,-220.899994,-212.100006,-399.25,1.0,1.0,1.0,True,MET_SHORT,72876032,72876032,167.4153619990741,True,343.7245229478092,True,111.95665776000001,True,True
1.3.6.1.4.1.14519.5.2.1.6279.6001.153985109349433321657655488650,-32.44901873,49.38239307,-60.31881666,24.28186352,9,512,512,305,0.7324219942092896,0.7324219942092896,1.25,-163.199997,-145.5,-380.0,1.0,1.0,1.0,True,MET_SHORT,159907840,159907840,178.5186399422051,True,266.0793840310486,True,255.74494667200003,True,True
1.3.6.1.4.1.14519.5.2.1.6279.6001.154677396354641150280013275227,-57.43923954,131.2325201,-520.3592267,15.48525426,0,512,512,275,0.78125,0.78125,1.0,-201.0,-59.0,-679.800049,1.0,1.0,1.0,True,MET_SHORT,144179200,144179200,183.7577733888,True,243.49762572799997,True,159.44082229999992,True,True
1.3.6.1.4.1.14519.5.2.1.6279.6001.154703816225841204080664115280,-96.03191383,60.03021853,-227.4858932,4.46945041,3,512,512,301,0.6835939884185791,0.6835939884185791,1.25,-151.199997,-175.0,-356.5,1.0,1.0,1.0,True,MET_SHORT,157810688,157810688,80.70299637600004,True,343.81551405055075,True,103.21128544000001,True,True
1.3.6.1.4.1.14519.5.2.1.6279.6001.154703816225841204080664115280,-97.15553193,-33.52680778,-220.9102515,4.97609166,3,512,512,301,0.6835939884185791,0.6835939884185791,1.25,-151.199997,-175.0,-356.5,1.0,1.0,1.0,True,MET_SHORT,157810688,157810688,79.0593041858458,True,206.95499758165363,True,108.47179880000002,True,True
1.3.6.1.4.1.14519.5.2.1.6279.6001.154703816225841204080664115280,-60.48501225,95.33178835,-215.8217846,4.617203255,3,512,512,301,0.6835939884185791,0.6835939884185791,1.25,-151.199997,-175.0,-356.5,1.0,1.0,1.0,True,MET_SHORT,157810688,157810688,132.70301712257495,True,395.4566496048092,True,112.54257232,True,True
1.3.6.1.4.1.14519.5.2.1.6279.6001.154837327827713479309898027966,-64.57029576,-64.34905382,-173.5655722,4.963355643,5,512,512,244,0.6738280057907104,0.6738280057907104,1.25,-169.5,-172.5,-315.170013,1.0,1.0,1.0,True,MET_SHORT,127926272,127926272,155.72179152285182,True,160.50230214621186,True,113.28355264,True,True
1.3.6.1.4.1.14519.5.2.1.6279.6001.154837327827713479309898027966,-73.74416699,36.34720067,-146.6572802,7.125812147,5,512,512,244,0.6738280057907104,0.6738280057907104,1.25,-169.5,-172.5,-315.170013,1.0,1.0,1.0,True,MET_SHORT,127926272,127926272,142.10723239031054,True,309.9414077111949,True,134.81018623999998,True,True
1.3.6.1.4.1.14519.5.2.1.6279.6001.154837327827713479309898027966,-99.82217711,82.20045747,-160.3782252,4.433065629,5,512,512,244,0.6738280057907104,0.6738280057907104,1.25,-169.5,-172.5,-315.170013,1.0,1.0,1.0,True,MET_SHORT,127926272,127926272,103.40594675674816,True,377.9903110009788,True,123.83343023999998,True,True
1.3.6.1.4.1.14519.5.2.1.6279.6001.154837327827713479309898027966,114.3373054,-52.42864237,-205.2514715,5.612971703,5,512,512,244,0.6738280057907104,0.6738280057907104,1.25,-169.5,-172.5,-315.170013,1.0,1.0,1.0,True,MET_SHORT,127926272,127926272,421.23109007160986,True,178.19288690605998,True,87.93483319999999,True,True
1.3.6.1.4.1.14519.5.2.1.6279.6001.154837327827713479309898027966,109.954732,67.37798105,-187.9100946,5.072213606,5,512,512,244,0.6738280057907104,0.6738280057907104,1.25,-169.5,-172.5,-315.170013,1.0,1.0,1.0,True,MET_SHORT,127926272,127926272,414.7270959331395,True,355.9928928280633,True,101.80793471999998,True,True
1.3.6.1.4.1.14519.5.2.1.6279.6001.154837327827713479309898027966,121.5214666,60.77685417,-226.0365872,4.864259951,5,512,512,244,0.6738280057907104,0.6738280057907104,1.25,-169.5,-172.5,-315.170013,1.0,1.0,1.0,True,MET_SHORT,127926272,127926272,431.8928036517239,True,346.1964361309959,True,71.30674063999997,True,True
1.3.6.1.4.1.14519.5.2.1.6279.6001.156016499715048493339281864474,-118.0353247,-3.2186828,-165.5819859,6.468256072,6,512,512,295,0.703125,0.703125,1.25,-180.0,-157.199997,-366.75,1.0,1.0,1.0,True,MET_SHORT,154664960,154664960,88.12753820444443,True,218.9956468622222,True,160.93441128,True,True
1.3.6.1.4.1.14519.5.2.1.6279.6001.156016499715048493339281864474,-106.8106443,27.8632289,-154.8756784,5.509298811,6,512,512,295,0.703125,0.703125,1.25,-180.0,-157.199997,-366.75,1.0,1.0,1.0,True,MET_SHORT,154664960,154664960,104.09152810666666,True,263.2010323911111,True,169.49945728,True,True
1.3.6.1.4.1.14519.5.2.1.6279.6001.156016499715048493339281864474,-76.98391685,81.55006658,-73.46885718,5.43507424,6,512,512,295,0.703125,0.703125,1.25,-180.0,-157.199997,-366.75,1.0,1.0,1.0,True,MET_SHORT,154664960,154664960,146.51176270222223,True,339.55564598044447,True,234.624914256,True,True
1.3.6.1.4.1.14519.5.2.1.6279.6001.159996104466052855396410079250,-87.63095911,-25.15269986,-119.2177525,11.4755235,2,512,512,292,0.6445310115814209,0.6445310115814209,1.25,-164.0,-171.199997,-323.36499,1.0,1.0,1.0,True,MET_SHORT,153092096,153092096,118.48776787732984,True,226.59467817019146,True,163.31778999999997,True,True
1.3.6.1.4.1.14519.5.2.1.6279.6001.160124400349792614505500125883,-48.73057191,19.90509306,-97.41971618,7.765435432,5,512,512,130,0.5957030057907104,0.5957030057907104,2.5,-165.5,-145.699997,-350.100006,1.0,1.0,1.0,True,MET_SHORT,68157440,68157440,196.01953818414142,True,277.9994199293706,True,101.072115928,True,True
1.3.6.1.4.1.14519.5.2.1.6279.6001.160586340600816116143631200450,-58.64456388,29.43795597,-78.8440923,8.742043676,5,512,512,133,0.625,0.625,2.5,-150.100006,-160.0,-328.25,1.0,1.0,1.0,True,MET_SHORT,69730304,69730304,146.328707392,True,303.10072955199996,True,99.76236308,True,True
1.3.6.1.4.1.14519.5.2.1.6279.6001.161067514225109999586362698069,39.29726212,69.52841861,-210.5451848,9.759961201,6,512,512,245,0.8261719942092896,0.8261719942092896,1.25,-213.0,-181.5,-310.0,1.0,1.0,1.0,True,MET_SHORT,128450560,128450560,305.38103916420937,True,303.8452288016052,True,79.56385216000001,True,True
1.3.6.1.4.1.14519.5.2.1.6279.6001.161067514225109999586362698069,-90.0716255,63.02506813,-162.4659197,4.290410287,6,512,512,245,0.8261719942092896,0.8261719942092896,1.25,-213.0,-181.5,-310.0,1.0,1.0,1.0,True,MET_SHORT,128450560,128450560,148.79271551397957,True,295.9735622169442,True,118.02726424,True,True
1.3.6.1.4.1.14519.5.2.1.6279.6001.161067514225109999586362698069,86.66388385,47.59551127,-94.13090031,4.190282988,6,512,512,245,0.8261719942092896,0.8261719942092896,1.25,-213.0,-181.5,-310.0,1.0,1.0,1.0,True,MET_SHORT,128450560,128450560,362.7136794158721,True,277.2976001071812,True,172.69527975199998,True,True
1.3.6.1.4.1.14519.5.2.1.6279.6001.161855583909753609742728521805,-105.4187651,250.8183267,-624.2090569,9.359117475,4,512,512,260,0.78125,0.78125,1.0,-215.70473,-47.4094601,-726.699951,1.0,1.0,1.0,True,MET_SHORT,136314880,136314880,141.166035072,True,381.73156710399996,True,102.4908941000001,True,True
1.3.6.1.4.1.14519.5.2.1.6279.6001.161855583909753609742728521805,-53.4094697,239.4490175,-635.4941475,9.376296072,4,512,512,260,0.78125,0.78125,1.0,-215.70473,-47.4094601,-726.699951,1.0,1.0,1.0,True,MET_SHORT,136314880,136314880,207.73793318399998,True,367.178851328,True,91.2058035,True,True
1.3.6.1.4.1.14519.5.2.1.6279.6001.161855583909753609742728521805,57.83232025,268.8908598,-646.4639133,8.15237846,4,512,512,260,0.78125,0.78125,1.0,-215.70473,-47.4094601,-726.699951,1.0,1.0,1.0,True,MET_SHORT,136314880,136314880,350.12742432,True,404.864409472,True,80.23603770000011,True,True
1.3.6.1.4.1.14519.5.2.1.6279.6001.161855583909753609742728521805,122.4122106,165.6107352,-683.3834284,7.428430647,4,512,512,260,0.78125,0.78125,1.0,-215.70473,-47.4094601,-726.699951,1.0,1.0,1.0,True,MET_SHORT,136314880,136314880,432.789683968,True,272.665849984,True,43.3165226000001,True,True
1.3.6.1.4.1.14519.5.2.1.6279.6001.161855583909753609742728521805,36.17618311,271.405521,-690.7770874,9.421061711,4,512,512,260,0.78125,0.78125,1.0,-215.70473,-47.4094601,-726.699951,1.0,1.0,1.0,True,MET_SHORT,136314880,136314880,322.4075687808,True,408.083175808,True,35.92286360000003,True,True
1.3.6.1.4.1.14519.5.2.1.6279.6001.162351539386551708034407968929,-56.24973532,-75.22365785,-183.5827055,4.637327615,5,512,512,265,0.60546875,0.60546875,1.0,-154.697265625,-304.697265625,-288.0,1.0,1.0,1.0,True,MET_SHORT,138936320,138936320,162.5972113424516,True,379.00157155096775,True,104.4172945,True,True
1.3.6.1.4.1.14519.5.2.1.6279.6001.162351539386551708034407968929,116.2254123,-173.5753534,-162.7195162,7.318099839,5,512,512,265,0.60546875,0.60546875,1.0,-154.697265625,-304.697265625,-288.0,1.0,1.0,1.0,True,MET_SHORT,138936320,138936320,447.4593906374194,True,216.5626421264516,True,125.28048380000001,True,True
1.3.6.1.4.1.14519.5.2.1.6279.6001.162718361851587451505896742103,-25.82864181,-91.1680942,-200.1866058,9.587295623,1,512,512,139,0.703125,0.703125,2.5,-185.2,-200.2,-388.75,1.0,1.0,1.0,True,MET_SHORT,72876032,72876032,226.66148720355554,True,155.06759935999997,True,75.42535768,True,True
1.3.6.1.4.1.14519.5.2.1.6279.6001.162845309248822193437735868939,17.29473579,-80.60955607,-181.4152216,9.562175963,3,512,512,764,0.646484375,0.646484375,0.5,-173.1767578125,-335.1767578125,-432.0,1.0,1.0,1.0,True,MET_SHORT,400556032,400556032,294.62660037607253,True,393.7716232391541,True,501.1695568,True,True
1.3.6.1.4.1.14519.5.2.1.6279.6001.162901839201654862079549658100,76.6376056,-68.3923344,-220.5859873,6.940547015,1,512,512,193,0.60546875,0.60546875,1.7999999523162842,-155.69727,-297.69727,-390.6,1.0,1.0,1.0,True,MET_SHORT,101187584,101187584,383.7272784103226,True,378.7229904103226,True,94.45223177990745,True,True
1.3.6.1.4.1.14519.5.2.1.6279.6001.163901773171373940247829492387,-62.4632701,40.61731074,-418.8345544,21.25611171,2,512,512,280,0.666015625,0.666015625,1.0,-172.833334,-101.000004,-505.700012,1.0,1.0,1.0,True,MET_SHORT,146800640,146800640,165.7169287882698,True,212.63362213161292,True,86.86545760000001,True,True
1.3.6.1.4.1.14519.5.2.1.6279.6001.163994693532965040247348251579,-126.7777701,-9.907025513,-175.0163727,4.991565057,1,512,512,260,0.6152340173721313,0.6152340173721313,1.25,-161.699997,-143.0,-359.559998,1.0,1.0,1.0,True,MET_SHORT,136314880,136314880,56.7625097343681,True,216.32902396308359,True,147.63490024,True,True
1.3.6.1.4.1.14519.5.2.1.6279.6001.164988920331211858091402361989,-89.50837321,-219.1764409,-204.1231254,6.908606934,4,512,512,478,0.609375,0.609375,0.699999988079071,-160.69531,-311.69531,-390.5,1.0,1.0,1.0,True,MET_SHORT,250609664,250609664,116.81958857846155,True,151.8258364717949,True,266.25268253425617,True,True
1.3.6.1.4.1.14519.5.2.1.6279.6001.167237290696350215427953159586,100.6235685,64.75681577,-211.9604224,10.57235285,6,512,512,208,0.7226560115814209,0.7226560115814209,1.25,-167.100006,-185.0,-286.75,1.0,1.0,1.0,True,MET_SHORT,109051904,109051904,370.4716631556533,True,345.60954557541953,True,59.83166208,True,True
1.3.6.1.4.1.14519.5.2.1.6279.6001.167237290696350215427953159586,-87.67439109,-12.69365522,-120.9322012,20.4841094,6,512,512,208,0.7226560115814209,0.7226560115814209,1.25,-167.100006,-185.0,-286.75,1.0,1.0,1.0,True,MET_SHORT,109051904,109051904,109.90791419030658,True,238.43480441397588,True,132.65423904,True,True
1.3.6.1.4.1.14519.5.2.1.6279.6001.167661207884826429102690781600,38.16063294,-132.2282842,-198.8002432,8.833712029,9,512,512,327,0.6640625,0.6640625,1.0,-162.66796875,-322.66796875,-325.3,1.0,1.0,1.0,True,MET_SHORT,171442176,171442176,302.42424725082356,True,286.77976026352945,True,126.4997568,True,True
1.3.6.1.4.1.14519.5.2.1.6279.6001.167661207884826429102690781600,97.89985608,-130.7686347,-156.6501864,12.56457376,9,512,512,327,0.6640625,0.6640625,1.0,-162.66796875,-322.66796875,-325.3,1.0,1.0,1.0,True,MET_SHORT,171442176,171442176,392.3844891557647,True,288.9778206870588,True,168.64981360000002,True,True
1.3.6.1.4.1.14519.5.2.1.6279.6001.167919147233131417984739058859,-27.95756965,53.79011265,-10.40898875,6.250647306,3,512,512,269,0.6699219942092896,0.6699219942092896,1.25,-161.600006,-171.5,-319.295013,1.0,1.0,1.0,True,MET_SHORT,141033472,141033472,199.48954879103272,True,336.2930529186617,True,247.1088194,True,True
1.3.6.1.4.1.14519.5.2.1.6279.6001.168037818448885856452592057286,-109.7517763,-131.6996881,-216.9568763,6.367212147,1,512,512,636,0.689453125,0.689453125,0.5,-182.1552734375,-374.1552734375,-368.5,1.0,1.0,1.0,True,MET_SHORT,333447168,333447168,105.01583720793201,True,351.66362519206797,True,303.0862474,True,True
1.3.6.1.4.1.14519.5.2.1.6279.6001.168605638657404145360275453085,112.4519283,-57.33842196,-141.2823189,4.775243237,1,512,512,605,0.703125,0.703125,0.625,-175.300003,-168.100006,-348.559998,1.0,1.0,1.0,True,MET_SHORT,317194240,317194240,409.24719118222225,True,157.52758619022222,True,331.64428656,True,True
1.3.6.1.4.1.14519.5.2.1.6279.6001.168737928729363683423228050295,-51.88965008,97.1144842,-115.6104374,16.33256347,6,512,512,289,0.7636719942092896,0.7636719942092896,1.25,-210.800003,-175.5,-340.0,1.0,1.0,1.0,True,MET_SHORT,151519232,151519232,208.0871815713718,True,356.97850159120554,True,179.51165008,True,True
1.3.6.1.4.1.14519.5.2.1.6279.6001.168833925301530155818375859047,-106.0815728,-56.18920866,-179.184765,7.880768174,8,512,512,164,0.703125,0.703125,1.9999998807907104,-170.100006,-180.0,-348.359985,1.0,1.0,1.0,True,MET_SHORT,85983232,85983232,91.04843832888889,True,176.08645879466667,True,84.58761504181474,True,True
1.3.6.1.4.1.14519.5.2.1.6279.6001.168833925301530155818375859047,95.99267245,75.81091807,-193.0071743,4.143870035,8,512,512,164,0.703125,0.703125,1.9999998807907104,-170.100006,-180.0,-348.359985,1.0,1.0,1.0,True,MET_SHORT,85983232,85983232,378.4429204622222,True,363.81997236622226,True,77.67640997987482,True,True
1.3.6.1.4.1.14519.5.2.1.6279.6001.168833925301530155818375859047,-106.6074186,13.30759394,-194.0673055,5.108290964,8,512,512,164,0.703125,0.703125,1.9999998807907104,-170.100006,-180.0,-348.359985,1.0,1.0,1.0,True,MET_SHORT,85983232,85983232,90.30056874666667,True,274.92635582577776,True,77.14634434828045,True,True
1.3.6.1.4.1.14519.5.2.1.6279.6001.168833925301530155818375859047,141.2692664,-4.147874764,-224.0220092,4.66199491,8,512,512,164,0.703125,0.703125,1.9999998807907104,-170.100006,-180.0,-348.359985,1.0,1.0,1.0,True,MET_SHORT,85983232,85983232,442.83629852444443,True,250.10080033564446,True,62.16899160556065,True,True
1.3.6.1.4.1.14519.5.2.1.6279.6001.168833925301530155818375859047,112.662387,-63.4988029,-238.1679455,7.215827227,8,512,512,164,0.703125,0.703125,1.9999998807907104,-170.100006,-180.0,-348.359985,1.0,1.0,1.0,True,MET_SHORT,85983232,85983232,402.1509589333333,True,165.6905914311111,True,55.09602303397888,True,True
1.3.6.1.4.1.14519.5.2.1.6279.6001.168985655485163461062675655739,84.48441941,182.3577437,-554.7284037,6.267755429,6,512,512,305,0.833984375,0.833984375,1.0,-226.5,-118.5,-715.799988,1.0,1.0,1.0,True,MET_SHORT,159907840,159907840,372.8899829927869,True,360.7474584880562,True,161.07158430000004,True,True
1.3.6.1.4.1.14519.5.2.1.6279.6001.168985655485163461062675655739,-69.63476394,228.9381557,-603.0374367,4.397986174,6,512,512,305,0.833984375,0.833984375,1.0,-226.5,-118.5,-715.799988,1.0,1.0,1.0,True,MET_SHORT,159907840,159907840,188.09133691503513,True,416.6003178416862,True,112.76255130000004,True,True
1.3.6.1.4.1.14519.5.2.1.6279.6001.168985655485163461062675655739,-94.5953571,177.6498386,-528.0518133,5.670704388,6,512,512,305,0.833984375,0.833984375,1.0,-226.5,-118.5,-715.799988,1.0,1.0,1.0,True,MET_SHORT,159907840,159907840,158.1620074117096,True,355.1023825836066,True,187.74817469999994,True,True
1.3.6.1.4.1.14519.5.2.1.6279.6001.168985655485163461062675655739,-123.4290726,101.1391192,-548.1391139,3.879687831,6,512,512,305,0.833984375,0.833984375,1.0,-226.5,-118.5,-715.799988,1.0,1.0,1.0,True,MET_SHORT,159907840,159907840,123.5885593180328,True,263.3611921086651,True,167.6608741,True,True
1.3.6.1.4.1.14519.5.2.1.6279.6001.169128136262002764211589185953,52.1565392,12.69280585,-35.912123,21.47561299,1,512,512,268,0.7421879768371582,0.7421879768371582,1.25,-169.199997,-203.5,-338.984985,1.0,1.0,1.0,True,MET_SHORT,140509184,140509184,298.2486150520966,True,291.2911723136609,True,242.4582896,True,True
1.3.6.1.4.1.14519.5.2.1.6279.6001.169128136262002764211589185953,126.454255,21.26837852,-130.8084904,6.661547445,1,512,512,268,0.7421879768371582,0.7421879768371582,1.25,-169.199997,-203.5,-338.984985,1.0,1.0,1.0,True,MET_SHORT,140509184,140509184,398.35494676151137,True,302.8456206982128,True,166.54119568,True,True
1.3.6.1.4.1.14519.5.2.1.6279.6001.169128136262002764211589185953,-76.00545815,38.00370105,-242.558351,6.463900827,1,512,512,268,0.7421879768371582,0.7421879768371582,1.25,-169.199997,-203.5,-338.984985,1.0,1.0,1.0,True,MET_SHORT,140509184,140509184,125.56729798716155,True,325.3942513043266,True,77.1413072,True,True
1.3.6.1.4.1.14519.5.2.1.6279.6001.169128136262002764211589185953,76.83900581,-32.77783779,-80.06591768,5.233376939,1,512,512,268,0.7421879768371582,0.7421879768371582,1.25,-169.199997,-203.5,-338.984985,1.0,1.0,1.0,True,MET_SHORT,140509184,140509184,331.5049697497092,True,230.02550234986865,True,207.13525385600002,True,True
1.3.6.1.4.1.14519.5.2.1.6279.6001.169128136262002764211589185953,-51.47470408,53.59606277,-83.70758676,4.500244204,1,512,512,268,0.7421879768371582,0.7421879768371582,1.25,-169.199997,-203.5,-338.984985,1.0,1.0,1.0,True,MET_SHORT,140509184,140509184,158.61924013063046,True,346.40289359795014,True,204.221918592,True,True
1.3.6.1.4.1.14519.5.2.1.6279.6001.169128136262002764211589185953,-27.09350963,30.33615286,-73.99322368,3.813182598,1,512,512,268,0.7421879768371582,0.7421879768371582,1.25,-169.199997,-203.5,-338.984985,1.0,1.0,1.0,True,MET_SHORT,140509184,140509184,191.46967049451308,True,315.06324564363763,True,211.99340905600002,True,True
1.3.6.1.4.1.14519.5.2.1.6279.6001.169128136262002764211589185953,162.1323087,-7.627735827,-214.2993486,4.994599024,1,512,512,268,0.7421879768371582,0.7421879768371582,1.25,-169.199997,-203.5,-338.984985,1.0,1.0,1.0,True,MET_SHORT,140509184,140509184,446.42639875678947,True,263.9119337498725,True,99.74850912,True,True
1.3.6.1.4.1.14519.5.2.1.6279.6001.170052181746004939527661217512,-107.4682246,-16.00795837,-124.3814417,3.851212212,6,512,512,278,0.7109379768371582,0.7109379768371582,1.25,-169.5,-194.5,-361.25,1.0,1.0,1.0,True,MET_SHORT,145752064,145752064,87.25342775465279,True,251.06556049246467,True,189.49484664000002,True,True
1.3.6.1.4.1.14519.5.2.1.6279.6001.170052181746004939527661217512,-55.79826686,27.52331317,-54.77526251,6.536524171,6,512,512,278,0.7109379768371582,0.7109379768371582,1.25,-169.5,-194.5,-361.25,1.0,1.0,1.0,True,MET_SHORT,145752064,145752064,159.93200088401468,True,312.2963189528063,True,245.179789992,True,True
1.3.6.1.4.1.14519.5.2.1.6279.6001.170706757615202213033480003264,72.28670656,76.90023946,-190.4589276,21.45372882,9,512,512,140,0.8203120231628418,0.8203120231628418,2.5,-228.800003,-210.0,-379.0,1.0,1.0,1.0,True,MET_SHORT,73400320,73400320,367.0392497712187,True,349.74525712034676,True,75.41642895999999,True,True
1.3.6.1.4.1.14519.5.2.1.6279.6001.170706757615202213033480003264,23.49083071,-47.63390567,-172.2791417,8.785832848,9,512,512,140,0.8203120231628418,0.8203120231628418,2.5,-228.800003,-210.0,-379.0,1.0,1.0,1.0,True,MET_SHORT,73400320,73400320,307.55471891933644,True,197.93211576245346,True,82.68834332,True,True
1.3.6.1.4.1.14519.5.2.1.6279.6001.170706757615202213033480003264,-47.40284557,-30.171209,-169.6239465,12.82311988,9,512,512,140,0.8203120231628418,0.8203120231628418,2.5,-228.800003,-210.0,-379.0,1.0,1.0,1.0,True,MET_SHORT,73400320,73400320,221.13190140819194,True,219.2199869345348,True,83.75042140000001,True,True
1.3.6.1.4.1.14519.5.2.1.6279.6001.170921541362033046216100409521,-29.39234236,38.41896008,-51.14223,4.537177872,6,512,512,541,0.78125,0.78125,0.625,-206.199997,-208.300003,-295.609985,1.0,1.0,1.0,True,MET_SHORT,283639808,283639808,226.31379793920001,True,315.8002727424,True,391.148408,True,True
1.3.6.1.4.1.14519.5.2.1.6279.6001.170921541362033046216100409521,-33.17172203,24.21759562,-20.51608372,5.983490254,6,512,512,541,0.78125,0.78125,0.625,-206.199997,-208.300003,-295.609985,1.0,1.0,1.0,True,MET_SHORT,283639808,283639808,221.47619196159997,True,297.6225262336,True,440.150242048,True,True
1.3.6.1.4.1.14519.5.2.1.6279.6001.171177995014336749670107905732,110.4185895,85.06714826,-175.3696326,5.808348361,7,512,512,500,0.703125,0.703125,0.625,-180.0,-158.699997,-299.994995,1.0,1.0,1.0,True,MET_SHORT,262144000,262144000,413.03977173333334,True,346.69105103644443,True,199.40057984000003,True,True
1.3.6.1.4.1.14519.5.2.1.6279.6001.171667800241622018839592854574,43.88129782,64.17904949,-232.5899014,5.925757611,3,512,512,238,0.703125,0.703125,1.25,-185.699997,-192.899994,-331.040009,1.0,1.0,1.0,True,MET_SHORT,124780544,124780544,326.5156192995555,True,365.6235285191111,True,78.76008608,True,True
1.3.6.1.4.1.14519.5.2.1.6279.6001.172243743899615313644757844726,-115.7223995,35.61826614,-175.4716358,10.03093365,8,512,512,126,0.859375,0.859375,2.5,-253.699997,-220.0,-343.5,1.0,1.0,1.0,True,MET_SHORT,66060288,66060288,160.55574981818182,True,297.4467096901818,True,67.21134568,True,True
1.3.6.1.4.1.14519.5.2.1.6279.6001.172243743899615313644757844726,-136.7078457,62.06070501,-99.27715843,18.38478817,8,512,512,126,0.859375,0.859375,2.5,-253.699997,-220.0,-343.5,1.0,1.0,1.0,True,MET_SHORT,66060288,66060288,136.13632151272725,True,328.21609310254547,True,97.689136628,True,True
1.3.6.1.4.1.14519.5.2.1.6279.6001.172573195301625265149778785969,-27.97722814,-83.92404684,-269.020919,6.281626529,3,512,512,529,0.703125,0.703125,0.699999988079071,-176.64844,-369.64844,-476.5,1.0,1.0,1.0,True,MET_SHORT,277348352,277348352,211.443501312,True,406.36358138311107,True,296.3986921904968,True,True
1.3.6.1.4.1.14519.5.2.1.6279.6001.172573195301625265149778785969,155.3413899,-150.8678039,-343.484454,5.229396767,3,512,512,529,0.703125,0.703125,0.699999988079071,-176.64844,-369.64844,-476.5,1.0,1.0,1.0,True,MET_SHORT,277348352,277348352,472.1633136355556,True,311.1546824533333,True,190.0222118074875,True,True
1.3.6.1.4.1.14519.5.2.1.6279.6001.173101104804533997398137418032,-126.2838871,4.683453379,-155.2960218,4.803214362,4,512,512,538,0.703125,0.703125,0.625,-174.300003,-180.0,-288.5,1.0,1.0,1.0,True,MET_SHORT,282066944,282066944,68.28958705777778,True,262.66091147235556,True,213.12636512,True,True
1.3.6.1.4.1.14519.5.2.1.6279.6001.173101104804533997398137418032,104.8509634,69.34115982,-148.9084074,4.326877582,4,512,512,538,0.703125,0.703125,0.625,-174.300003,-180.0,-288.5,1.0,1.0,1.0,True,MET_SHORT,282066944,282066944,397.0147077688889,True,354.61853841066664,True,223.34654816000003,True,True
1.3.6.1.4.1.14519.5.2.1.6279.6001.173101104804533997398137418032,117.5353489,28.71672637,-121.227376,5.235946908,4,512,512,538,0.703125,0.703125,0.625,-174.300003,-180.0,-288.5,1.0,1.0,1.0,True,MET_SHORT,282066944,282066944,415.0547227022222,True,296.8415663928889,True,267.6361984,True,True
1.3.6.1.4.1.14519.5.2.1.6279.6001.173106154739244262091404659845,-51.04382869,75.20020777,-101.5526036,14.83693973,1,512,512,141,0.7617189884185791,0.7617189884185791,2.5,-195.0,-195.0,-378.0,1.0,1.0,1.0,True,MET_SHORT,73924608,73924608,188.98855548930248,True,354.7242642998416,True,110.57895856,True,True
1.3.6.1.4.1.14519.5.2.1.6279.6001.173106154739244262091404659845,-80.27882566,76.47337026,-108.0625,4.844157662,1,512,512,141,0.7617189884185791,0.7617189884185791,2.5,-195.0,-195.0,-378.0,1.0,1.0,1.0,True,MET_SHORT,73924608,73924608,150.608263787903,True,356.39569760970727,True,107.975,True,True
1.3.6.1.4.1.14519.5.2.1.6279.6001.173106154739244262091404659845,-116.2874457,21.16102581,-124.619925,10.88839157,1,512,512,141,0.7617189884185791,0.7617189884185791,2.5,-195.0,-195.0,-378.0,1.0,1.0,1.0,True,MET_SHORT,73924608,73924608,103.33542355746808,True,283.78053993215593,True,101.35203,True,True
1.3.6.1.4.1.14519.5.2.1.6279.6001.173106154739244262091404659845,-111.1930507,-1.264504521,-138.6984478,17.39699158,1,512,512,141,0.7617189884185791,0.7617189884185791,2.5,-195.0,-195.0,-378.0,1.0,1.0,1.0,True,MET_SHORT,73924608,73924608,110.02344772052142,True,254.33985291769918,True,95.72062088,True,True
1.3.6.1.4.1.14519.5.2.1.6279.6001.173106154739244262091404659845,-92.25910919,-42.63590904,-145.6351351,4.595709259,1,512,512,141,0.7617189884185791,0.7617189884185791,2.5,-195.0,-195.0,-378.0,1.0,1.0,1.0,True,MET_SHORT,73924608,73924608,134.88030674317642,True,200.02664142103941,True,92.94594595999999,True,True
1.3.6.1.4.1.14519.5.2.1.6279.6001.173106154739244262091404659845,73.77454834,37.27831567,-118.3077904,8.648347161,1,512,512,141,0.7617189884185791,0.7617189884185791,2.5,-195.0,-195.0,-378.0,1.0,1.0,1.0,True,MET_SHORT,73924608,73924608,352.85262994166465,True,304.93964204862203,True,103.87688384,True,True
1.3.6.1.4.1.14519.5.2.1.6279.6001.173556680294801532247454313511,50.33716697,63.51366238,-75.98942194,4.064058796,6,512,512,225,0.6230469942092896,0.6230469942092896,1.25,-157.899994,-159.5,-301.410004,1.0,1.0,1.0,True,MET_SHORT,117964800,117964800,334.22384331421785,True,357.94035514612693,True,180.336465648,True,True
1.3.6.1.4.1.14519.5.2.1.6279.6001.173931884906244951746140865701,76.49433466,88.15768761,-193.1555684,19.0442187,9,512,512,230,0.7421879768371582,0.7421879768371582,1.25,-195.600006,-182.800003,-290.5,1.0,1.0,1.0,True,MET_SHORT,120586240,120586240,366.6110866138426,True,365.0796012146263,True,77.87554528000001,True,True
1.3.6.1.4.1.14519.5.2.1.6279.6001.174168737938619557573021395302,109.4990234,93.69210525,-269.0638976,5.832577347,6,512,512,117,0.9765620231628418,0.9765620231628418,2.5,-250.0,-250.0,-310.0,1.0,1.0,1.0,True,MET_SHORT,61341696,61341696,368.12717971119946,True,351.94088762213653,True,16.374440959999994,True,True
1.3.6.1.4.1.14519.5.2.1.6279.6001.174449669706458092793093760291,104.0876202,25.52198446,-140.171147,16.04323095,9,512,512,133,0.78125,0.78125,2.5,-210.0,-200.0,-353.25,1.0,1.0,1.0,True,MET_SHORT,69730304,69730304,402.032153856,True,288.6681401088,True,85.23154120000001,True,True
1.3.6.1.4.1.14519.5.2.1.6279.6001.174692377730646477496286081479,-58.95432995,51.94459996,-59.38552081,9.494854536,7,512,512,163,0.703125,0.703125,2.0,-188.899994,-185.699997,-345.38501,1.0,1.0,1.0,True,MET_SHORT,85458944,85458944,184.81161109333334,True,337.9834267875556,True,142.999744595,True,True
1.3.6.1.4.1.14519.5.2.1.6279.6001.174907798609768549012640380786,-43.91205948,-43.24151644,-141.6973546,9.147221174,5,512,512,125,0.5859379768371582,0.5859379768371582,2.5,-148.5,-150.0,-350.850006,1.0,1.0,0.9999999999999999,True,MET_SHORT,65536000,65536000,178.4966065598897,True,182.20099700018238,True,83.66106056000001,True,True
1.3.6.1.4.1.14519.5.2.1.6279.6001.174907798609768549012640380786,-36.51308198,-65.21501284,-124.4263249,14.61583872,5,512,512,125,0.5859379768371582,0.5859379768371582,2.5,-148.5,-150.0,-350.850006,1.0,1.0,0.9999999999999999,True,MET_SHORT,65536000,65536000,191.12418455020708,True,144.69959366290254,True,90.56947244000003,True,True
1.3.6.1.4.1.14519.5.2.1.6279.6001.176030616406569931557298712518,107.981511,-4.36735685,-124.106848,4.672138736,6,512,512,253,0.7421879768371582,0.7421879768371582,1.25,-193.100006,-166.699997,-307.25,1.0,1.0,1.0,True,MET_SHORT,132644864,132644864,405.66746753708145,True,218.72173252089348,True,146.5145216,True,True
1.3.6.1.4.1.14519.5.2.1.6279.6001.176030616406569931557298712518,71.12211478,103.5762892,-148.4515459,7.04604765,6,512,512,253,0.7421879768371582,0.7421879768371582,1.25,-193.100006,-166.699997,-307.25,1.0,1.0,1.0,True,MET_SHORT,132644864,132644864,356.00431295853826,True,364.1614990204843,True,127.03876327999998,True,True
1.3.6.1.4.1.14519.5.2.1.6279.6001.176030616406569931557298712518,49.9464803,39.21748433,-239.8346609,12.38102253,6,512,512,253,0.7421879768371582,0.7421879768371582,1.25,-193.100006,-166.699997,-307.25,1.0,1.0,1.0,True,MET_SHORT,132644864,132644864,327.4729500951297,True,277.446533434184,True,53.93227128000001,True,True
1.3.6.1.4.1.14519.5.2.1.6279.6001.176030616406569931557298712518,72.37076198,83.67370356,-244.3847883,6.33705611,6,512,512,253,0.7421879768371582,0.7421879768371582,1.25,-193.100006,-166.699997,-307.25,1.0,1.0,1.0,True,MET_SHORT,132644864,132644864,357.68669968396205,True,337.3454008605342,True,50.29216936,True,True
1.3.6.1.4.1.14519.5.2.1.6279.6001.176030616406569931557298712518,-35.36902968,83.72542652,-150.2529177,7.025817316,6,512,512,253,0.7421879768371582,0.7421879768371582,1.25,-193.100006,-166.699997,-307.25,1.0,1.0,1.0,True,MET_SHORT,132644864,132644864,212.5215999754836,True,337.41509069870756,True,125.59766583999999,True,True
1.3.6.1.4.1.14519.5.2.1.6279.6001.176030616406569931557298712518,-41.69008438,-7.144610815,-158.7180743,7.670739872,6,512,512,253,0.7421879768371582,0.7421879768371582,1.25,-193.100006,-166.699997,-307.25,1.0,1.0,1.0,True,MET_SHORT,132644864,132644864,204.00481595678087,True,214.9797506353403,True,118.82554056,True,True
1.3.6.1.4.1.14519.5.2.1.6279.6001.176030616406569931557298712518,-33.72450557,-17.3035396,-103.0529877,4.517226352,6,512,512,253,0.7421879768371582,0.7421879768371582,1.25,-193.100006,-166.699997,-307.25,1.0,1.0,1.0,True,MET_SHORT,132644864,132644864,214.7373784053743,True,201.29193959278965,True,163.35760983999998,True,True
1.3.6.1.4.1.14519.5.2.1.6279.6001.176030616406569931557298712518,-10.6098601,61.08200309,-166.5353176,4.84811308,6,512,512,253,0.7421879768371582,0.7421879768371582,1.25,-193.100006,-166.699997,-307.25,1.0,1.0,1.0,True,MET_SHORT,132644864,132644864,245.88130176627715,True,306.90607662589116,True,112.57174591999998,True,True
1.3.6.1.4.1.14519.5.2.1.6279.6001.176030616406569931557298712518,-33.0757396,103.021741,-192.6359693,6.450730852,6,512,512,253,0.7421879768371582,0.7421879768371582,1.25,-193.100006,-166.699997,-307.25,1.0,1.0,1.0,True,MET_SHORT,132644864,132644864,215.61150462440133,True,363.4143187678976,True,91.69122456,True,True
1.3.6.1.4.1.14519.5.2.1.6279.6001.176030616406569931557298712518,-53.33179978,96.45855774,-226.2565169,10.98489943,6,512,512,253,0.7421879768371582,0.7421879768371582,1.25,-193.100006,-166.699997,-307.25,1.0,1.0,1.0,True,MET_SHORT,132644864,132644864,188.31914633759453,True,354.5712985832146,True,64.79478648,True,True
1.3.6.1.4.1.14519.5.2.1.6279.6001.176030616406569931557298712518,-60.85305037,-38.91766158,-205.682724,4.672156227,6,512,512,253,0.7421879768371582,0.7421879768371582,1.25,-193.100006,-166.699997,-307.25,1.0,1.0,1.0,True,MET_SHORT,132644864,132644864,178.1852573165787,True,172.1697728984317,True,81.2538208,True,True
1.3.6.1.4.1.14519.5.2.1.6279.6001.176030616406569931557298712518,109.4598251,-34.52836499,-188.547619,3.939481265,6,512,512,253,0.7421879768371582,0.7421879768371582,1.25,-193.100006,-166.699997,-307.25,1.0,1.0,1.0,True,MET_SHORT,132644864,132644864,407.65929999211505,True,178.08376871483526,True,94.9619048,True,True
1.3.6.1.4.1.14519.5.2.1.6279.6001.176638348958425792989125209419,97.58296617,41.96482868,-79.81459274,3.423341719,5,512,512,245,0.5917969942092896,0.5917969942092896,1.25,-142.100006,-151.5,-335.450012,1.0,1.0,1.0,True,MET_SHORT,128450560,128450560,405.0087690800875,True,326.9107997726345,True,204.50833540800002,True,True
1.3.6.1.4.1.14519.5.2.1.6279.6001.176638348958425792989125209419,70.09772041,-23.4790975,-142.6707459,4.216156288,5,512,512,245,0.5917969942092896,0.5917969942092896,1.25,-142.100006,-151.5,-335.450012,1.0,1.0,1.0,True,MET_SHORT,128450560,128450560,358.5650628278725,True,216.32570586312457,True,154.22341288,True,True
1.3.6.1.4.1.14519.5.2.1.6279.6001.176869045992276345870480098568,-46.82137782,80.98240214,-109.2275388,5.562150111,9,512,512,119,0.78125,0.78125,2.5,-211.2,-224.7,-313.0,1.0,1.0,1.0,True,MET_SHORT,62390272,62390272,210.4046363904,True,391.2734747392,True,81.50898448000001,True,True
1.3.6.1.4.1.14519.5.2.1.6279.6001.177086402277715068525592995222,-57.06218821,-2.42519767,-35.57766455,8.868454579,8,512,512,257,0.921875,0.921875,1.25,-236.0,-236.0,-310.0,1.0,1.0,1.0,True,MET_SHORT,134742016,134742016,194.10203312813562,True,253.36927710372882,True,219.53786836,True,True
1.3.6.1.4.1.14519.5.2.1.6279.6001.177086402277715068525592995222,-66.47429649,58.43968307,-109.3643906,25.87269662,8,512,512,257,0.921875,0.921875,1.25,-236.0,-236.0,-310.0,1.0,1.0,1.0,True,MET_SHORT,134742016,134742016,183.89228855322034,True,319.3921985844068,True,160.50848752000002,True,True
1.3.6.1.4.1.14519.5.2.1.6279.6001.177252583002664900748714851615,56.00355828,-42.3898391,-97.24818247,8.811296392,4,512,512,225,0.78125,0.78125,1.25,180.699997,200.0,-335.190002,-1.0,-1.0,1.0,True,MET_SHORT,117964800,117964800,159.6114415616,True,310.25899404800003,True,190.353455624,True,True
1.3.6.1.4.1.14519.5.2.1.6279.6001.177685820605315926524514718990,-75.07441798,80.77730228,-125.3339445,8.315884851,3,512,512,273,0.7402340173721313,0.7402340173721313,1.25,-179.399994,-150.5,-376.5,1.0,1.0,1.0,True,MET_SHORT,143130624,143130624,140.9359385973116,True,312.43808964771205,True,200.9328444,True,True
1.3.6.1.4.1.14519.5.2.1.6279.6001.177785764461425908755977367558,-43.54413253,-50.15803892,-146.6903955,3.975397996,3,512,512,481,0.6054689884185791,0.6054689884185791,0.625,-154.0,-128.0,-281.480011,1.0,1.0,1.0,True,MET_SHORT,252182528,252182528,182.4302641139376,True,128.56473670652392,True,215.6633848,True,True
1.3.6.1.4.1.14519.5.2.1.6279.6001.178391668569567816549737454720,94.32108066,-21.41829214,-154.6986815,5.806583725,5,512,512,133,0.7421879768371582,0.7421879768371582,2.5,-184.3,-190.0,-353.25,1.0,1.0,1.0,True,MET_SHORT,69730304,69730304,375.4050043323885,True,227.14152360485912,True,79.4205274,True,True
1.3.6.1.4.1.14519.5.2.1.6279.6001.178680586845223339579041794709,65.1376641,43.75788979,-236.4710746,8.566001555,4,512,512,133,0.703125,0.703125,2.5,-193.4,-174.8,-340.5,1.0,1.0,1.0,True,MET_SHORT,69730304,69730304,367.6980111644445,True,310.8378877013334,True,41.61157016,True,True
1.3.6.1.4.1.14519.5.2.1.6279.6001.179049373636438705059720603192,56.20840547,86.34341278,-115.8675792,23.35064438,1,512,512,133,0.703125,0.703125,2.5,-166.0,-171.699997,-340.0,1.0,1.0,1.0,True,MET_SHORT,69730304,69730304,316.029732224,True,366.9950716871111,True,89.65296832,True,True
1.3.6.1.4.1.14519.5.2.1.6279.6001.179162671133894061547290922949,134.4219361,86.57701746,-762.5944358,7.401764599,1,512,512,445,0.67578125,0.67578125,0.75,-174.0,-37.0,-861.599976,1.0,1.0,1.0,True,MET_SHORT,233308160,233308160,456.39315399768793,True,182.86541312,True,132.00738693333324,True,True
1.3.6.1.4.1.14519.5.2.1.6279.6001.179162671133894061547290922949,-127.6916352,110.5885962,-739.9738785,5.744966449,1,512,512,445,0.67578125,0.67578125,0.75,-174.0,-37.0,-861.599976,1.0,1.0,1.0,True,MET_SHORT,233308160,233308160,68.52567276763007,True,218.39699784508667,True,162.16813000000002,True,True
1.3.6.1.4.1.14519.5.2.1.6279.6001.179162671133894061547290922949,-50.33006209,88.30887267,-677.332466,3.439486702,1,512,512,445,0.67578125,0.67578125,0.75,-174.0,-37.0,-861.599976,1.0,1.0,1.0,True,MET_SHORT,233308160,233308160,183.0029139015029,True,185.4281584018497,True,245.69001333333335,True,True
1.3.6.1.4.1.14519.5.2.1.6279.6001.179209990684978588019929720099,-78.50974455,-162.584138,-64.40943048,6.929649846,7,512,512,351,0.642578125,0.642578125,1.0,-148.1787109375,-295.1787109375,-322.0,1.0,1.0,1.0,True,MET_SHORT,184025088,184025088,108.4210054419453,True,206.3477852401216,True,257.59056952000003,True,True
1.3.6.1.4.1.14519.5.2.1.6279.6001.179209990684978588019929720099,82.60358264,-216.3818316,-151.0002647,5.22596183,7,512,512,351,0.642578125,0.642578125,1.0,-148.1787109375,-295.1787109375,-322.0,1.0,1.0,1.0,True,MET_SHORT,184025088,184025088,359.15056021787234,True,122.62614656778116,True,170.9997353,True,True
1.3.6.1.4.1.14519.5.2.1.6279.6001.179730018513720561213088132029,-100.6082859,94.59993686,-263.9090942,5.279110868,3,512,512,259,0.703125,0.703125,1.25,-180.0,-142.100006,-360.75,1.0,1.0,1.0,True,MET_SHORT,135790592,135790592,112.91266005333334,True,336.63991873422225,True,77.47272463999998,True,True
1.3.6.1.4.1.14519.5.2.1.6279.6001.179943248049071805421192715219,138.8853876,-36.17927643,-198.6659593,4.895529998,8,512,512,490,0.703125,0.703125,0.625,-174.899994,-180.0,-311.875,1.0,1.0,1.0,True,MET_SHORT,256901120,256901120,446.27254272,True,204.5450290773333,True,181.13446512000002,True,True
1.3.6.1.4.1.14519.5.2.1.6279.6001.182192086929819295877506541021,56.58885682,-67.46153204,-77.34666348,3.270466947,9,512,512,481,0.6640620231628418,0.6640620231628418,0.625,-172.100006,-152.399994,-236.455002,1.0,1.0,1.0,True,MET_SHORT,252182528,252182528,344.3787701196711,True,127.90742279681807,True,254.57334163200002,True,True
1.3.6.1.4.1.14519.5.2.1.6279.6001.182192086929819295877506541021,38.83601126,104.8736883,-72.04062367,6.409813214,9,512,512,481,0.6640620231628418,0.6640620231628418,0.625,-172.100006,-152.399994,-236.455002,1.0,1.0,1.0,True,MET_SHORT,252182528,252182528,317.64505407994716,True,387.4241762458251,True,263.06300532800003,True,True
1.3.6.1.4.1.14519.5.2.1.6279.6001.183184435049555024219115904825,-71.70939018,-47.08972918,-218.4168486,4.506689862,1,512,512,240,0.5664060115814209,0.5664060115814209,1.25,-164.199997,-114.400002,-342.75,1.0,1.0,1.0,True,MET_SHORT,125829120,125829120,163.29382974196147,True,118.83749720817386,True,99.46652112,True,True
1.3.6.1.4.1.14519.5.2.1.6279.6001.183184435049555024219115904825,34.65292887,18.54173,-79.08423032,4.812692889,1,512,512,240,0.5664060115814209,0.5664060115814209,1.25,-164.199997,-114.400002,-342.75,1.0,1.0,1.0,True,MET_SHORT,125829120,125829120,351.0784169023864,True,234.71101874223243,True,210.93261574399997,True,True
1.3.6.1.4.1.14519.5.2.1.6279.6001.183843376225716802567192412456,77.43647945,22.21703609,-194.8565238,8.875835636,1,512,512,133,0.859375,0.859375,2.5,-229.699997,-220.0,-387.75,1.0,1.0,1.0,True,MET_SHORT,69730304,69730304,357.3951725963636,True,281.8525510865455,True,77.15739048,True,True
1.3.6.1.4.1.14519.5.2.1.6279.6001.183843376225716802567192412456,20.57233382,93.68779093,-181.0413165,6.974134428,1,512,512,133,0.859375,0.859375,2.5,-229.699997,-220.0,-387.75,1.0,1.0,1.0,True,MET_SHORT,69730304,69730304,291.22598495418185,True,365.01852035490907,True,82.6834734,True,True
1.3.6.1.4.1.14519.5.2.1.6279.6001.183843376225716802567192412456,53.04979758,5.774405018,-159.5827607,6.49900752,1,512,512,133,0.859375,0.859375,2.5,-229.699997,-220.0,-387.75,1.0,1.0,1.0,True,MET_SHORT,69730304,69730304,329.017942784,True,262.7193076573091,True,91.26689572000001,True,True
1.3.6.1.4.1.14519.5.2.1.6279.6001.183843376225716802567192412456,25.46898071,-15.96877128,-116.7001729,7.615286406,1,512,512,133,0.859375,0.859375,2.5,-229.699997,-220.0,-387.75,1.0,1.0,1.0,True,MET_SHORT,69730304,69730304,296.9239013352727,True,237.418157056,True,108.41993084,True,True
1.3.6.1.4.1.14519.5.2.1.6279.6001.183924380327950237519832859527,-82.49078423,31.00113485,-213.6818417,14.15706867,2,512,512,139,0.8984379768371582,0.8984379768371582,2.5,-230.0,-230.0,-354.5,1.0,1.0,1.0,True,MET_SHORT,72876032,72876032,164.18408345703315,True,290.50545678047,True,56.32726332,True,True
1.3.6.1.4.1.14519.5.2.1.6279.6001.183924380327950237519832859527,-36.36744189,-41.8952304,-147.4127015,17.15800497,2,512,512,139,0.8984379768371582,0.8984379768371582,2.5,-230.0,-230.0,-354.5,1.0,1.0,1.0,True,MET_SHORT,72876032,72876032,215.52134159740208,True,209.36867591261,True,82.8349194,True,True
1.3.6.1.4.1.14519.5.2.1.6279.6001.183982839679953938397312236359,-46.59430055,64.33901696,-149.7871177,24.78201705,8,512,512,139,0.78125,0.78125,2.5,-181.300003,-190.100006,-383.75,1.0,1.0,1.0,True,MET_SHORT,72876032,72876032,172.423299136,True,325.6819493888,True,93.58515292,True,True
1.3.6.1.4.1.14519.5.2.1.6279.6001.184412674007117333405073397832,-103.4902087,-63.80000006,-222.2229424,7.35278351,2,512,512,270,0.703125,0.703125,1.25,-180.0,-200.0,-372.75,1.0,1.0,1.0,True,MET_SHORT,141557760,141557760,108.81392540444445,True,193.70666658133334,True,120.42164608,True,True
1.3.6.1.4.1.14519.5.2.1.6279.6001.185154482385982570363528682299,-43.90685095,-74.65024942,-213.2556584,11.04800959,7,512,512,345,0.541015625,0.541015625,1.0,-136.2294921875,-292.2294921875,-376.5,1.0,1.0,1.0,True,MET_SHORT,180879360,180879360,170.64690365920578,True,402.16813103595666,True,163.2443416,True,True
1.3.6.1.4.1.14519.5.2.1.6279.6001.185154482385982570363528682299,51.89001754,-106.6204144,-180.5559271,5.808811273,7,512,512,345,0.541015625,0.541015625,1.0,-136.2294921875,-292.2294921875,-376.5,1.0,1.0,1.0,True,MET_SHORT,180879360,180879360,347.7154836840433,True,343.0752629140794,True,195.9440729,True,True
1.3.6.1.4.1.14519.5.2.1.6279.6001.185226274332527104841463955058,115.9854895,9.847305538,-210.8941679,4.450273187,4,512,512,240,0.7910159826278687,0.7910159826278687,1.25,-222.199997,-202.5,-309.75,0.9999999999999999,0.9999999999999999,1.0,True,MET_SHORT,125829120,125829120,427.5330637144642,True,268.4488179778009,True,79.08466567999999,True,True
1.3.6.1.4.1.14519.5.2.1.6279.6001.185226274332527104841463955058,-114.9272123,-40.83007173,-167.9105444,4.049334725,4,512,512,240,0.7910159826278687,0.7910159826278687,1.25,-222.199997,-202.5,-309.75,0.9999999999999999,0.9999999999999999,1.0,True,MET_SHORT,125829120,125829120,135.61392823394596,True,204.38263173003068,True,113.47156448000001,True,True
1.3.6.1.4.1.14519.5.2.1.6279.6001.187108608022306504546286626125,-64.79512505,-35.55654393,-65.40505764,11.47132343,2,512,512,261,0.6835939884185791,0.6835939884185791,1.25,-172.399994,-175.0,-334.0,1.0,1.0,1.0,True,MET_SHORT,136839168,136839168,157.41049624929008,True,203.98578459209008,True,214.875953888,True,True
1.3.6.1.4.1.14519.5.2.1.6279.6001.187108608022306504546286626125,108.2379848,-23.00591217,-75.13184405,9.346613641,2,512,512,261,0.6835939884185791,0.6835939884185791,1.25,-172.399994,-175.0,-334.0,1.0,1.0,1.0,True,MET_SHORT,136839168,136839168,410.5331286619791,True,222.3455595061945,True,207.09452476,True,True
1.3.6.1.4.1.14519.5.2.1.6279.6001.187108608022306504546286626125,-50.87414525,61.48907516,-138.6793414,7.822901747,2,512,512,261,0.6835939884185791,0.6835939884185791,1.25,-172.399994,-175.0,-334.0,1.0,1.0,1.0,True,MET_SHORT,136839168,136839168,177.77489388275185,True,345.9496121478364,True,156.25652688,True,True
1.3.6.1.4.1.14519.5.2.1.6279.6001.187108608022306504546286626125,109.1514742,-27.15936266,-147.1130632,6.265028453,2,512,512,261,0.6835939884185791,0.6835939884185791,1.25,-172.399994,-175.0,-334.0,1.0,1.0,1.0,True,MET_SHORT,136839168,136839168,411.86943268962756,True,216.26965690850113,True,149.50954944,True,True
1.3.6.1.4.1.14519.5.2.1.6279.6001.187108608022306504546286626125,49.1056976,58.58649113,-185.398676,5.072155337,2,512,512,261,0.6835939884185791,0.6835939884185791,1.25,-172.399994,-175.0,-334.0,1.0,1.0,1.0,True,MET_SHORT,136839168,136839168,324.03107012750286,True,341.7035478477175,True,118.88105920000001,True,True
1.3.6.1.4.1.14519.5.2.1.6279.6001.187451715205085403623595258748,67.19434305,63.99802245,-246.1106238,13.05335657,0,512,512,125,0.703125,0.703125,2.5,-176.899994,-169.100006,-359.75,1.0,1.0,1.0,True,MET_SHORT,65536000,65536000,347.1563904711111,True,331.5171960177778,True,45.45575047999999,True,True
1.3.6.1.4.1.14519.5.2.1.6279.6001.187451715205085403623595258748,94.63511683,-17.37205941,-204.3961269,17.75323185,0,512,512,125,0.703125,0.703125,2.5,-176.899994,-169.100006,-359.75,1.0,1.0,1.0,True,MET_SHORT,65536000,65536000,386.183268736,True,215.79085737244446,True,62.141549239999996,True,True
1.3.6.1.4.1.14519.5.2.1.6279.6001.187694838527128312070807533473,91.8066639,-228.1486839,-206.7306038,15.48070961,9,512,512,308,0.703125,0.703125,1.0,-199.6484375,-355.6484375,-353.5,1.0,1.0,1.0,True,MET_SHORT,161480704,161480704,414.5139219911111,True,181.33298289777775,True,146.7693962,True,True
1.3.6.1.4.1.14519.5.2.1.6279.6001.187966156856911682643615997798,70.12569801,-37.51841728,-145.8086969,4.073945715,2,512,512,535,0.6640620231628418,0.6640620231628418,0.625,-179.300003,-191.300003,-343.200012,1.0,1.0,1.0,True,MET_SHORT,280494080,280494080,375.6060312288565,True,231.57714242949498,True,315.82610416,True,True
1.3.6.1.4.1.14519.5.2.1.6279.6001.187966156856911682643615997798,-74.95237164,46.90988268,-285.5115615,4.277166591,2,512,512,535,0.6640620231628418,0.6640620231628418,0.625,-179.300003,-191.300003,-343.200012,1.0,1.0,1.0,True,MET_SHORT,280494080,280494080,157.1353694689627,True,358.7163207217257,True,92.30152079999998,True,True
1.3.6.1.4.1.14519.5.2.1.6279.6001.187966156856911682643615997798,110.1006468,-57.64062374,-243.1164102,5.251013012,2,512,512,535,0.6640620231628418,0.6640620231628418,0.625,-179.300003,-191.300003,-343.200012,1.0,1.0,1.0,True,MET_SHORT,280494080,280494080,435.8036443969827,True,201.27544506068517,True,160.13376288000003,True,True
1.3.6.1.4.1.14519.5.2.1.6279.6001.187966156856911682643615997798,-50.86871032,86.60666104,-145.7656656,9.772734741,2,512,512,535,0.6640620231628418,0.6640620231628418,0.625,-179.300003,-191.300003,-343.200012,1.0,1.0,1.0,True,MET_SHORT,280494080,280494080,193.40255608700272,True,418.4950416474148,True,315.89495424,True,True
1.3.6.1.4.1.14519.5.2.1.6279.6001.188059920088313909273628445208,-110.5020624,84.49831867,1506.369708,5.304621719,8,512,512,136,0.6499999761581421,0.6499999761581421,2.0,-171.0937,-153.9062,1445.0,1.0,1.0,1.0,True,MET_SHORT,71303168,71303168,93.21790741921248,True,366.7761960225015,True,30.684853999999973,True,True
1.3.6.1.4.1.14519.5.2.1.6279.6001.188059920088313909273628445208,-49.20548545,92.92857185,1478.923267,5.719422603,8,512,512,136,0.6499999761581421,0.6499999761581421,2.0,-171.0937,-153.9062,1445.0,1.0,1.0,1.0,True,MET_SHORT,71303168,71303168,187.52033695512807,True,379.74581677514743,True,16.961633499999948,True,True
1.3.6.1.4.1.14519.5.2.1.6279.6001.188209889686363159853715266493,-81.59738505,57.28823522,-133.479575,5.617921172,0,512,512,147,0.7421879768371582,0.7421879768371582,2.5,-202.7,-208.7,-397.25,1.0,1.0,1.0,True,MET_SHORT,77070336,77070336,163.16973425799762,True,358.38391825412157,True,105.50816999999999,True,True
1.3.6.1.4.1.14519.5.2.1.6279.6001.188209889686363159853715266493,28.62300902,41.00929115,-155.4889456,5.88395182,0,512,512,147,0.7421879768371582,0.7421879768371582,2.5,-202.7,-208.7,-397.25,1.0,1.0,1.0,True,MET_SHORT,77070336,77070336,311.67711717156266,True,336.45019717799624,True,96.70442176,True,True
1.3.6.1.4.1.14519.5.2.1.6279.6001.188265424231150847356515802868,-60.49431739,70.54622166,-58.67519437,8.70905255,5,512,512,149,0.7421879768371582,0.7421879768371582,2.5,-194.100006,-143.800003,-375.5,1.0,1.0,1.0,True,MET_SHORT,78118912,78118912,180.01597005028572,True,288.8031487298389,True,126.72992225200001,True,True
1.3.6.1.4.1.14519.5.2.1.6279.6001.188376349804761988217597754952,-55.18838267,174.3893763,-405.7348248,10.93827513,0,512,512,245,0.78125,0.78125,1.0,-201.0,-83.0,-588.299988,1.0,1.0,1.0,True,MET_SHORT,128450560,128450560,186.63887018239998,True,329.45840166399995,True,182.56516319999997,True,True
1.3.6.1.4.1.14519.5.2.1.6279.6001.188376349804761988217597754952,-100.5100772,179.7605127,-498.510449,5.357746933,0,512,512,245,0.78125,0.78125,1.0,-201.0,-83.0,-588.299988,1.0,1.0,1.0,True,MET_SHORT,128450560,128450560,128.627101184,True,336.333456256,True,89.78953899999999,True,True
1.3.6.1.4.1.14519.5.2.1.6279.6001.188376349804761988217597754952,-87.27597336,163.0151729,-456.4501041,5.26273061,0,512,512,245,0.78125,0.78125,1.0,-201.0,-83.0,-588.299988,1.0,1.0,1.0,True,MET_SHORT,128450560,128450560,145.5667540992,True,314.899421312,True,131.8498839,True,True
1.3.6.1.4.1.14519.5.2.1.6279.6001.188376349804761988217597754952,79.03555701,209.8179057,-465.0624392,6.305539247,0,512,512,245,0.78125,0.78125,1.0,-201.0,-83.0,-588.299988,1.0,1.0,1.0,True,MET_SHORT,128450560,128450560,358.4455129728,True,374.806919296,True,123.23754880000001,True,True
1.3.6.1.4.1.14519.5.2.1.6279.6001.188385286346390202873004762827,-103.0536882,-65.26580979,-118.3045242,4.286161529,9,512,512,381,0.625,0.625,0.625,-163.600006,-160.0,-209.5,1.0,1.0,1.0,True,MET_SHORT,199753728,199753728,96.87410848000002,True,151.574704336,True,145.91276127999998,True,True
1.3.6.1.4.1.14519.5.2.1.6279.6001.188619674701053082195613114069,-95.29757514,189.2305976,-500.4365795,7.794843882,9,512,512,320,0.662109375,0.662109375,1.0,-182.030598,-25.8266125,-734.299988,1.0,1.0,1.0,True,MET_SHORT,167772160,167772160,130.99500797734513,True,324.8061698265487,True,233.8634085,True,True
1.3.6.1.4.1.14519.5.2.1.6279.6001.188619674701053082195613114069,-106.9376643,142.6213881,-553.7500925,11.47520609,9,512,512,320,0.662109375,0.662109375,1.0,-182.030598,-25.8266125,-734.299988,1.0,1.0,1.0,True,MET_SHORT,167772160,167772160,113.41469632566373,True,254.41113954926254,True,180.54989549999993,True,True
1.3.6.1.4.1.14519.5.2.1.6279.6001.189483585244687808087477024767,-83.12026192,91.61578275,-320.3531873,7.90492271,4,512,512,251,0.8203120231628418,0.8203120231628418,1.25,-218.300003,-210.0,-369.25,1.0,1.0,1.0,True,MET_SHORT,131596288,131596288,164.79063729773614,True,367.68421555870043,True,39.11745016,True,True
1.3.6.1.4.1.14519.5.2.1.6279.6001.189483585244687808087477024767,107.5055367,71.93790105,-278.241906,4.565784214,4,512,512,251,0.8203120231628418,0.8203120231628418,1.25,-218.300003,-210.0,-369.25,1.0,1.0,1.0,True,MET_SHORT,131596288,131596288,397.17269831521617,True,343.69592678032944,True,72.80647520000002,True,True
1.3.6.1.4.1.14519.5.2.1.6279.6001.190298296009658115773239776160,-47.59725933,38.35581629,-259.5247127,6.704958329,2,512,512,261,0.6894530057907104,0.6894530057907104,1.25,-169.699997,-171.300003,-351.589996,0.9999999999999999,0.9999999999999999,1.0,True,MET_SHORT,136839168,136839168,177.10088525898078,True,304.0900794239817,True,73.65222663999998,True,True
1.3.6.1.4.1.14519.5.2.1.6279.6001.191266041369462391833537519639,-96.19600129,-96.65249765,-324.2845499,4.502295592,3,512,512,455,0.6328125,0.6328125,0.699999988079071,-163.68359,-318.68359,-462.5,1.0,1.0,1.0,True,MET_SHORT,238551040,238551040,106.64705376395064,True,350.86394840493824,True,197.45064636256447,True,True
1.3.6.1.4.1.14519.5.2.1.6279.6001.192256506776434538421891524301,119.4417648,-124.5798429,-183.5276495,5.168489458,2,512,512,187,0.6640625,0.6640625,1.7999999523162842,-170.66796875,-320.66796875,-321.8,1.0,1.0,1.0,True,MET_SHORT,98041856,98041856,436.87112816941175,True,295.2856483388235,True,76.81797453498137,True,True
1.3.6.1.4.1.14519.5.2.1.6279.6001.192256506776434538421891524301,-59.74501321,-186.7368963,-117.5250438,5.261510023,2,512,512,187,0.6640625,0.6640625,1.7999999523162842,-170.66796875,-320.66796875,-321.8,1.0,1.0,1.0,True,MET_SHORT,98041856,98041856,167.0369212837647,True,201.68443851294117,True,113.48608978413249,True,True
1.3.6.1.4.1.14519.5.2.1.6279.6001.192256506776434538421891524301,99.55427087,-196.7161331,-96.1010188,5.831328901,2,512,512,187,0.6640625,0.6640625,1.7999999523162842,-170.66796875,-320.66796875,-321.8,1.0,1.0,1.0,True,MET_SHORT,98041856,98041856,406.92290201599997,True,186.65688192,True,125.38832621054517,True,True
1.3.6.1.4.1.14519.5.2.1.6279.6001.192256506776434538421891524301,-29.1700199,-133.1657313,-41.27737383,5.842982096,2,512,512,187,0.6640625,0.6640625,1.7999999523162842,-170.66796875,-320.66796875,-321.8,1.0,1.0,1.0,True,MET_SHORT,98041856,98041856,213.07926415058824,True,282.35631051294115,True,155.84590755628443,True,True
1.3.6.1.4.1.14519.5.2.1.6279.6001.192256506776434538421891524301,25.20531741,-125.3875332,-38.98208822,4.538549476,2,512,512,187,0.6640625,0.6640625,1.7999999523162842,-170.66796875,-320.66796875,-321.8,1.0,1.0,1.0,True,MET_SHORT,98041856,98041856,294.96212504094115,True,294.0693617694117,True,157.12106626228683,True,True
1.3.6.1.4.1.14519.5.2.1.6279.6001.192419869605596446455526220766,125.72278,-65.38741378,-155.8430296,5.463268111,3,512,512,231,0.703125,0.703125,1.25,-131.3,-171.2,-323.5,1.0,1.0,1.0,True,MET_SHORT,121110528,121110528,365.54350933333336,True,150.48901151288888,True,134.12557632,True,True
1.3.6.1.4.1.14519.5.2.1.6279.6001.193808128386712859512130599234,-47.71460531,-32.47540199,-77.44002704,7.141617843,1,512,512,128,0.78125,0.78125,2.5,-194.8,-195.3,-312.25,1.0,1.0,1.0,True,MET_SHORT,67108864,67108864,188.26930520320002,True,208.41548545280003,True,93.92398918399999,True,True
1.3.6.1.4.1.14519.5.2.1.6279.6001.193964947698259739624715468431,16.03531414,67.91292767,-31.29420185,3.887997704,9,512,512,461,0.5859379768371582,0.5859379768371582,0.625,-155.199997,-137.0,-274.670013,1.0,1.0,1.0,True,MET_SHORT,241696768,241696768,292.24135985230583,True,349.7177786224098,True,389.40129784,True,True
1.3.6.1.4.1.14519.5.2.1.6279.6001.194246472548954252250399902051,-32.75374084,8.777235784,-111.7798254,6.975190342,5,512,512,137,0.7226560115814209,0.7226560115814209,2.5,-186.300003,-185.0,-355.0,1.0,1.0,1.0,True,MET_SHORT,71827456,71827456,212.47489773728964,True,268.1458850109729,True,97.28806984,True,True
1.3.6.1.4.1.14519.5.2.1.6279.6001.194440094986948071643661798326,56.23980222,-92.28982952,-277.0985595,8.982986958,0,512,512,195,0.7421875,0.7421875,1.7999999523162842,-208.62890625,-331.62890625,-364.7,1.0,1.0,1.0,True,MET_SHORT,102236160,102236160,356.8757335174737,True,322.4779139098947,True,48.66746823369205,True,True
1.3.6.1.4.1.14519.5.2.1.6279.6001.194488534645348916700259325236,121.1740107,74.57004217,-168.1036947,4.92742239,3,512,512,458,0.625,0.625,0.625,-151.800003,-146.0,-245.925003,1.0,1.0,1.0,True,MET_SHORT,240123904,240123904,436.75842192,True,352.912067472,True,124.51409328,True,True
1.3.6.1.4.1.14519.5.2.1.6279.6001.194488534645348916700259325236,96.66859593,37.64844408,-58.80225858,5.866256959,3,512,512,458,0.625,0.625,0.625,-151.800003,-146.0,-245.925003,1.0,1.0,1.0,True,MET_SHORT,240123904,240123904,397.54975828799996,True,293.837510528,True,299.39639107200003,True,True
1.3.6.1.4.1.14519.5.2.1.6279.6001.194632613233275988184244485809,-47.89877032,-10.22492024,-96.1136025,20.15998367,9,512,512,130,0.703125,0.703125,2.5,-178.399994,-180.0,-363.0,1.0,1.0,1.0,True,MET_SHORT,68157440,68157440,185.6017403448889,True,241.45789121422223,True,106.754559,True,True
1.3.6.1.4.1.14519.5.2.1.6279.6001.194766721609772924944646251928,-106.8617398,9.048151896,-122.3496855,23.68811013,8,512,512,133,0.8984379768371582,0.8984379768371582,2.5,-236.7,-230.0,-343.0,1.0,1.0,1.0,True,MET_SHORT,69730304,69730304,144.51555204409303,True,266.070845243586,True,88.2601258,True,True
1.3.6.1.4.1.14519.5.2.1.6279.6001.195557219224169985110295082004,105.0927476,-12.11034538,-163.8563959,6.67566416,9,512,512,238,0.703125,0.703125,1.25,-166.5,-145.8,-320.5,1.0,1.0,1.0,True,MET_SHORT,124780544,124780544,386.2652410311111,True,190.13639768177777,True,125.31488328,True,True
1.3.6.1.4.1.14519.5.2.1.6279.6001.195557219224169985110295082004,-65.24188146,-2.009534031,-154.5988093,5.611381537,9,512,512,238,0.703125,0.703125,1.25,-166.5,-145.8,-320.5,1.0,1.0,1.0,True,MET_SHORT,124780544,124780544,144.01154636799998,True,204.50199604480002,True,132.72095256,True,True
1.3.6.1.4.1.14519.5.2.1.6279.6001.195557219224169985110295082004,95.50326213,50.83309312,-98.17735226,9.697334131,9,512,512,238,0.703125,0.703125,1.25,-166.5,-145.8,-320.5,1.0,1.0,1.0,True,MET_SHORT,124780544,124780544,372.626861696,True,279.65595465955556,True,177.85811819199998,True,True
1.3.6.1.4.1.14519.5.2.1.6279.6001.195557219224169985110295082004,-44.35081815,-2.878997069,-80.20624421,6.734930528,9,512,512,238,0.703125,0.703125,1.25,-166.5,-145.8,-320.5,1.0,1.0,1.0,True,MET_SHORT,124780544,124780544,173.7232808533333,True,203.26542639075555,True,192.235004632,True,True
1.3.6.1.4.1.14519.5.2.1.6279.6001.195557219224169985110295082004,-36.79299198,30.7687084,-78.63004564,7.21357337,9,512,512,238,0.703125,0.703125,1.25,-166.5,-145.8,-320.5,1.0,1.0,1.0,True,MET_SHORT,124780544,124780544,184.47218918399997,True,251.11994083555558,True,193.495963488,True,True
1.3.6.1.4.1.14519.5.2.1.6279.6001.195557219224169985110295082004,114.1812202,39.58850481,-77.01551257,6.554327379,9,512,512,238,0.703125,0.703125,1.25,-166.5,-145.8,-320.5,1.0,1.0,1.0,True,MET_SHORT,124780544,124780544,399.19106872888887,True,263.6636512853334,True,194.787589944,True,True
1.3.6.1.4.1.14519.5.2.1.6279.6001.195557219224169985110295082004,101.203838,25.22046529,-133.8132453,6.269450237,9,512,512,238,0.703125,0.703125,1.25,-166.5,-145.8,-320.5,1.0,1.0,1.0,True,MET_SHORT,124780544,124780544,380.7343473777778,True,243.22910619022224,True,149.34940376,True,True
1.3.6.1.4.1.14519.5.2.1.6279.6001.195557219224169985110295082004,99.7584658,42.83369719,-142.7906833,6.39203287,9,512,512,238,0.703125,0.703125,1.25,-166.5,-145.8,-320.5,1.0,1.0,1.0,True,MET_SHORT,124780544,124780544,378.67870691555555,True,268.2790360035556,True,142.16745336,True,True
1.3.6.1.4.1.14519.5.2.1.6279.6001.195557219224169985110295082004,76.62464946,-2.190466163,-170.1541606,5.512269698,9,512,512,238,0.703125,0.703125,1.25,-166.5,-145.8,-320.5,1.0,1.0,1.0,True,MET_SHORT,124780544,124780544,345.777279232,True,204.24467034595557,True,120.27667152,True,True
1.3.6.1.4.1.14519.5.2.1.6279.6001.195913706607582347421429908613,-106.3585085,-51.59739866,-166.4583333,4.311583799,7,512,512,117,0.8203120231628418,0.8203120231628418,2.5,-210.0,-210.0,-316.25,1.0,1.0,1.0,True,MET_SHORT,61341696,61341696,126.34398688976172,True,193.10042626128273,True,59.916666680000006,True,True
1.3.6.1.4.1.14519.5.2.1.6279.6001.196251645377731223510086726530,70.27851491,-52.13332395,-63.60156718,5.295986982,9,512,512,541,0.5859379768371582,0.5859379768371582,0.625,-152.600006,-150.0,-297.024994,1.0,1.0,1.0,True,MET_SHORT,283639808,283639808,380.37903279981737,True,167.02565786617166,True,373.47748291199997,True,True
1.3.6.1.4.1.14519.5.2.1.6279.6001.197063290812663596858124411210,-96.52133314,-61.02297366,-204.6272521,5.343956496,3,512,512,133,0.78125,0.78125,2.5,-200.0,-200.0,-366.25,1.0,1.0,1.0,True,MET_SHORT,69730304,69730304,132.4526935808,True,177.8905937152,True,64.64909916,True,True
1.3.6.1.4.1.14519.5.2.1.6279.6001.197063290812663596858124411210,-114.0292501,36.09563198,-281.6690246,7.754485276,3,512,512,133,0.78125,0.78125,2.5,-200.0,-200.0,-366.25,1.0,1.0,1.0,True,MET_SHORT,69730304,69730304,110.042559872,True,302.2024089344,True,33.83239016,True,True
1.3.6.1.4.1.14519.5.2.1.6279.6001.197063290812663596858124411210,92.36574726,18.31481554,-84.53565705,9.642120967,3,512,512,133,0.78125,0.78125,2.5,-200.0,-200.0,-366.25,1.0,1.0,1.0,True,MET_SHORT,69730304,69730304,374.22815649280005,True,279.4429638912,True,112.68573718,True,True
1.3.6.1.4.1.14519.5.2.1.6279.6001.197063290812663596858124411210,-71.01906551,-37.76752972,-133.5475427,4.93642793,3,512,512,133,0.78125,0.78125,2.5,-200.0,-200.0,-366.25,1.0,1.0,1.0,True,MET_SHORT,69730304,69730304,165.09559614719998,True,207.6575619584,True,93.08098292,True,True
1.3.6.1.4.1.14519.5.2.1.6279.6001.197063290812663596858124411210,-85.4417408,-50.32069009,-177.4651732,6.32263359,3,512,512,133,0.78125,0.78125,2.5,-200.0,-200.0,-366.25,1.0,1.0,1.0,True,MET_SHORT,69730304,69730304,146.634571776,True,191.5895166848,True,75.51393071999999,True,True
1.3.6.1.4.1.14519.5.2.1.6279.6001.198016798894102791158686961192,-147.9529673,-164.1694792,-273.4342411,5.898208305,8,512,512,419,0.65234375,0.65234375,0.699999988079071,-170.67383,-326.67383,-377.5,1.0,1.0,1.0,True,MET_SHORT,219676672,219676672,34.82958593532934,True,249.10846589700597,True,148.66537238889904,True,True
1.3.6.1.4.1.14519.5.2.1.6279.6001.198698492013538481395497694975,59.25687577,-34.72292702,-134.8379138,13.13641553,4,512,512,149,0.78125,0.78125,2.5,-199.5,-200.0,-399.5,1.0,1.0,1.0,True,MET_SHORT,78118912,78118912,331.2088009856,True,211.5546534144,True,105.86483447999998,True,True
1.3.6.1.4.1.14519.5.2.1.6279.6001.198698492013538481395497694975,78.29576032,-16.92867765,-163.9475346,19.34841823,4,512,512,149,0.78125,0.78125,2.5,-199.5,-200.0,-399.5,1.0,1.0,1.0,True,MET_SHORT,78118912,78118912,355.5785732096,True,234.331292608,True,94.22098616,True,True
1.3.6.1.4.1.14519.5.2.1.6279.6001.198698492013538481395497694975,64.42984573,70.38559073,-216.6686873,20.52475616,4,512,512,149,0.78125,0.78125,2.5,-199.5,-200.0,-399.5,1.0,1.0,1.0,True,MET_SHORT,78118912,78118912,337.83020253440003,True,346.0935561344,True,73.13252508000001,True,True
1.3.6.1.4.1.14519.5.2.1.6279.6001.199171741859530285887752432478,-72.92501601,196.8030244,-528.6920833,5.19625288,2,512,512,290,0.81640625,0.81640625,1.0,-186.512102,-74.1806374,-668.5,1.0,1.0,1.0,True,MET_SHORT,152043520,152043520,139.13059336574165,True,331.9225713913876,True,139.80791669999996,True,True
1.3.6.1.4.1.14519.5.2.1.6279.6001.199171741859530285887752432478,101.5197074,172.2746015,-530.7701627,4.93269156,2,512,512,290,0.81640625,0.81640625,1.0,-186.512102,-74.1806374,-668.5,1.0,1.0,1.0,True,MET_SHORT,152043520,152043520,352.8045129492823,True,301.87818736076554,True,137.72983729999999,True,True
1.3.6.1.4.1.14519.5.2.1.6279.6001.199220738144407033276946096708,-109.4034773,247.5094285,-743.5538024,4.872378109,2,512,512,285,0.748046875,0.748046875,1.0,-193.5,-4.5,-890.599976,1.0,1.0,1.0,True,MET_SHORT,149422080,149422080,112.42146115509138,True,336.88988875195827,True,147.04617359999997,True,True
1.3.6.1.4.1.14519.5.2.1.6279.6001.199261544234308780356714831537,-87.98029816,-170.435691,-67.39794153,8.260459929,9,512,512,225,0.64453125,0.64453125,1.7999999523162842,-170.677734375,-303.677734375,-408.7,1.0,1.0,1.0,True,MET_SHORT,117964800,117964800,128.3063252790303,True,206.72704911515152,True,189.61225972856508,True,True
1.3.6.1.4.1.14519.5.2.1.6279.6001.199282854229880908602362094937,-47.24454656,-63.24393196,-190.0773363,5.109990357,7,512,512,481,0.6054689884185791,0.6054689884185791,0.625,-146.699997,-155.0,-284.799988,1.0,1.0,1.0,True,MET_SHORT,252182528,252182528,164.26184056059932,True,151.5454462492904,True,151.55624271999994,True,True
1.3.6.1.4.1.14519.5.2.1.6279.6001.199670099218798685977406484591,73.10057831,22.12013499,-219.3862128,8.10334672,3,512,512,240,0.6035159826278687,0.6035159826278687,1.25,-165.399994,-141.399994,-328.244995,1.0,1.0,1.0,True,MET_SHORT,125829120,125829120,395.18518013641534,True,270.9458136932679,True,87.08702576,True,True
1.3.6.1.4.1.14519.5.2.1.6279.6001.199670099218798685977406484591,-93.90331541,-59.88212568,-215.2837448,3.688042585,3,512,512,240,0.6035159826278687,0.6035159826278687,1.25,-165.399994,-141.399994,-328.244995,1.0,1.0,1.0,True,MET_SHORT,125829120,125829120,118.46691827229577,True,135.07159821194722,True,90.36900016000001,True,True
1.3.6.1.4.1.14519.5.2.1.6279.6001.199975006921901879512837687266,-75.16079292,-47.10523005,-72.33869735,7.966642163,2,512,512,250,0.7207030057907104,0.7207030057907104,1.25,-176.199997,-191.800003,-319.25,1.0,1.0,1.0,True,MET_SHORT,131072000,131072000,140.19534158754627,True,200.76893226114677,True,197.52904211999999,True,True
1.3.6.1.4.1.14519.5.2.1.6279.6001.199975006921901879512837687266,54.1798167,-21.12720651,-50.60676129,6.097459329,2,512,512,250,0.7207030057907104,0.7207030057907104,1.25,-176.199997,-191.800003,-319.25,1.0,1.0,1.0,True,MET_SHORT,131072000,131072000,319.65984857693445,True,236.81432589940212,True,214.914590968,True,True
1.3.6.1.4.1.14519.5.2.1.6279.6001.200513183558872708878454294671,-80.78132388,-73.57508218,-138.4810135,5.569575919,8,512,512,137,0.7421879768371582,0.7421879768371582,2.5,-208.699997,-190.0,-357.25,1.0,1.0,1.0,True,MET_SHORT,71827456,71827456,172.35346989198985,True,156.86715691103757,True,87.5075946,True,True
1.3.6.1.4.1.14519.5.2.1.6279.6001.200725988589959521302320481687,88.8734675,-97.92722827,-169.2196164,8.181004159,6,512,512,187,0.7421875,0.7421875,1.7999999523162842,-176.62891,-362.62891,-318.8,1.0,1.0,1.0,True,MET_SHORT,98041856,98041856,357.7295191578947,True,356.6506869625263,True,83.10021531251503,True,True
1.3.6.1.4.1.14519.5.2.1.6279.6001.200725988589959521302320481687,66.31287987,-135.6997369,-42.75815989,8.824039277,6,512,512,187,0.7421875,0.7421875,1.7999999523162842,-176.62891,-362.62891,-318.8,1.0,1.0,1.0,True,MET_SHORT,98041856,98041856,327.3320958248421,True,305.7572016505263,True,153.35658190145094,True,True
1.3.6.1.4.1.14519.5.2.1.6279.6001.200841000324240313648595016964,-109.1802026,70.15936218,-107.6228042,8.391787919,5,512,512,127,0.7421879768371582,0.7421879768371582,2.5,-202.699997,-175.800003,-336.25,1.0,1.0,1.0,True,MET_SHORT,66584576,66584576,126.00553676244606,True,331.3976685908581,True,91.45087831999999,True,True
1.3.6.1.4.1.14519.5.2.1.6279.6001.202187810895588720702176009630,-143.0264631,-23.42697971,-178.5216354,3.431283808,3,512,512,264,0.703125,0.703125,1.25,-197.699997,-193.5,-349.26001,1.0,1.0,1.0,True,MET_SHORT,138412032,138412032,77.75791487999999,True,241.88162885688888,True,136.59069968,True,True
1.3.6.1.4.1.14519.5.2.1.6279.6001.202187810895588720702176009630,-126.8884017,-63.73510063,-197.045997,4.458681116,3,512,512,264,0.703125,0.703125,1.25,-197.699997,-193.5,-349.26001,1.0,1.0,1.0,True,MET_SHORT,138412032,138412032,100.70982442666666,True,184.55452354844445,True,121.77121040000002,True,True
1.3.6.1.4.1.14519.5.2.1.6279.6001.202187810895588720702176009630,-152.5091001,39.24279023,-264.9237449,4.779476584,3,512,512,264,0.703125,0.703125,1.25,-197.699997,-193.5,-349.26001,1.0,1.0,1.0,True,MET_SHORT,138412032,138412032,64.27149781333331,True,331.0119683271111,True,67.46901208000004,True,True
1.3.6.1.4.1.14519.5.2.1.6279.6001.202187810895588720702176009630,-148.8501076,-46.2823898,-263.4666085,4.298602389,3,512,512,264,0.703125,0.703125,1.25,-197.699997,-193.5,-349.26001,1.0,1.0,1.0,True,MET_SHORT,138412032,138412032,69.47539825777777,True,209.37615672888887,True,68.63472120000002,True,True
1.3.6.1.4.1.14519.5.2.1.6279.6001.202187810895588720702176009630,92.34849452,-28.14501624,-98.30724966,4.308746964,3,512,512,264,0.703125,0.703125,1.25,-197.699997,-193.5,-349.26001,1.0,1.0,1.0,True,MET_SHORT,138412032,138412032,412.51341016177776,True,235.1715324586667,True,200.762208272,True,True
1.3.6.1.4.1.14519.5.2.1.6279.6001.202187810895588720702176009630,118.3886326,-42.68235292,-247.8789499,4.207361086,3,512,512,264,0.703125,0.703125,1.25,-197.699997,-193.5,-349.26001,1.0,1.0,1.0,True,MET_SHORT,138412032,138412032,449.5482732088889,True,214.49620918044445,True,81.10484808000001,True,True
1.3.6.1.4.1.14519.5.2.1.6279.6001.202187810895588720702176009630,122.7403079,-3.364329503,-222.3942635,3.341564099,3,512,512,264,0.703125,0.703125,1.25,-197.699997,-193.5,-349.26001,1.0,1.0,1.0,True,MET_SHORT,138412032,138412032,455.73732252444444,True,270.41517581795557,True,101.49259720000002,True,True
1.3.6.1.4.1.14519.5.2.1.6279.6001.202187810895588720702176009630,45.14208761,52.2404132,-262.7505741,3.934638255,3,512,512,264,0.703125,0.703125,1.25,-197.699997,-193.5,-349.26001,1.0,1.0,1.0,True,MET_SHORT,138412032,138412032,345.3754092231111,True,349.4974765511111,True,69.20754872000002,True,True
1.3.6.1.4.1.14519.5.2.1.6279.6001.202187810895588720702176009630,7.723810414,-21.74870974,-89.81531988,3.744971475,3,512,512,264,0.703125,0.703125,1.25,-197.699997,-193.5,-349.26001,1.0,1.0,1.0,True,MET_SHORT,138412032,138412032,292.1583038776889,True,244.2685017031111,True,207.55575209600002,True,True
1.3.6.1.4.1.14519.5.2.1.6279.6001.202283133206014258077705539227,-54.06467496,63.55851124,-170.4688534,15.58144665,8,512,512,123,0.703125,0.703125,2.5,-182.600006,-180.0,-330.25,1.0,1.0,1.0,True,MET_SHORT,64487424,64487424,182.8058041457778,True,346.3943270968889,True,63.91245864,True,True
1.3.6.1.4.1.14519.5.2.1.6279.6001.202283133206014258077705539227,-14.59718229,21.69665563,-82.20115147,8.256573426,8,512,512,123,0.703125,0.703125,2.5,-182.600006,-180.0,-330.25,1.0,1.0,1.0,True,MET_SHORT,64487424,64487424,238.93734927644445,True,286.8574657848889,True,99.21953941199999,True,True
1.3.6.1.4.1.14519.5.2.1.6279.6001.202283133206014258077705539227,-110.5195873,13.24881288,-109.2784245,7.086777345,8,512,512,123,0.703125,0.703125,2.5,-182.600006,-180.0,-330.25,1.0,1.0,1.0,True,MET_SHORT,64487424,64487424,102.51437326222224,True,274.842756096,True,88.3886302,True,True
1.3.6.1.4.1.14519.5.2.1.6279.6001.202283133206014258077705539227,31.29063088,57.77039933,-115.2752891,6.989971578,8,512,512,123,0.703125,0.703125,2.5,-182.600006,-180.0,-330.25,1.0,1.0,1.0,True,MET_SHORT,64487424,64487424,304.200016896,True,338.16234571377777,True,85.98988435999999,True,True
1.3.6.1.4.1.14519.5.2.1.6279.6001.202464973819273687476049035824,83.03445343,88.63298054,-232.5065737,5.509268361,3,512,512,513,0.703125,0.703125,0.625,-173.699997,-154.100006,-338.5,1.0,1.0,1.0,True,MET_SHORT,268959744,268959744,365.13344061155556,True,345.2202475235556,True,169.58948208,True,True
1.3.6.1.4.1.14519.5.2.1.6279.6001.202643836890896697853521610450,-82.98918511,8.840855446,-85.89186517,8.604619037,4,512,512,164,0.5273439884185791,0.5273439884185791,2.0,-149.0,-135.0,-298.399994,1.0,1.0,1.0,True,MET_SHORT,85983232,85983232,125.17600719779884,True,272.7647581180472,True,106.25406441499999,True,True
1.3.6.1.4.1.14519.5.2.1.6279.6001.202811684116768680758082619196,-83.15808281,-21.67899694,-97.00437642,18.7832325,0,512,512,133,0.9765620231628418,0.9765620231628418,2.5,-237.300003,-250.0,-349.5,1.0,1.0,1.0,True,MET_SHORT,69730304,69730304,157.84140334555772,True,233.80082129399727,True,100.998249432,True,True
1.3.6.1.4.1.14519.5.2.1.6279.6001.204287915902811325371247860532,41.69536625,78.36878482,-127.8408681,5.235615798,8,512,512,218,0.8203120231628418,0.8203120231628418,1.25,-240.0,-210.0,-272.75,1.0,1.0,1.0,True,MET_SHORT,114294784,114294784,343.4002651379889,True,351.5354848855547,True,115.92730552,True,True
1.3.6.1.4.1.14519.5.2.1.6279.6001.204287915902811325371247860532,15.42130565,59.032951,-209.1954365,5.012771482,8,512,512,218,0.8203120231628418,0.8203120231628418,1.25,-240.0,-210.0,-272.75,1.0,1.0,1.0,True,MET_SHORT,114294784,114294784,311.37091550259504,True,327.9641690032791,True,50.8436508,True,True
1.3.6.1.4.1.14519.5.2.1.6279.6001.204303454658845815034433453512,-142.3151977,-174.2206828,788.1709415,5.789332994,3,512,512,558,0.6484375,0.6484375,0.699999988079071,-169.67578,-348.67578,642.0,1.0,1.0,1.0,True,MET_SHORT,292552704,292552704,42.19463294457832,True,269.0391860433735,True,208.8156342703948,True,True
1.3.6.1.4.1.14519.5.2.1.6279.6001.204303454658845815034433453512,-130.8896371,-160.5028157,851.7759097,13.16123654,3,512,512,558,0.6484375,0.6484375,0.699999988079071,-169.67578,-348.67578,642.0,1.0,1.0,1.0,True,MET_SHORT,292552704,292552704,59.81477459277111,True,290.19445096867463,True,299.679876103518,True,True
1.3.6.1.4.1.14519.5.2.1.6279.6001.204303454658845815034433453512,-72.30182365,-283.8343361,850.6550314,5.520606059,3,512,512,558,0.6484375,0.6484375,0.699999988079071,-169.67578,-348.67578,642.0,1.0,1.0,1.0,True,MET_SHORT,292552704,292552704,150.16706521445784,True,99.99644360481928,True,298.0786213619629,True,True
1.3.6.1.4.1.14519.5.2.1.6279.6001.204303454658845815034433453512,-49.26664508,-129.4859131,995.4654562,5.264434857,3,512,512,558,0.6484375,0.6484375,0.699999988079071,-169.67578,-348.67578,642.0,1.0,1.0,1.0,True,MET_SHORT,292552704,292552704,185.69119602120483,True,338.0277465445783,True,504.9506603135441,True,True
1.3.6.1.4.1.14519.5.2.1.6279.6001.204303454658845815034433453512,-42.78758381,-122.6339512,988.0600257,5.896251459,3,512,512,558,0.6484375,0.6484375,0.699999988079071,-169.67578,-348.67578,642.0,1.0,1.0,1.0,True,MET_SHORT,292552704,292552704,195.68300135325302,True,348.5946275469879,True,494.3714737048103,True,True
1.3.6.1.4.1.14519.5.2.1.6279.6001.204566802718283633558802774757,57.42043777,33.20420122,-61.85022853,13.81977981,8,512,512,137,0.6445310115814209,0.6445310115814209,2.5,-165.0,-165.0,-360.0,1.0,1.0,1.0,True,MET_SHORT,71827456,71827456,345.0888068586015,True,307.516935040389,True,119.259908588,True,True
1.3.6.1.4.1.14519.5.2.1.6279.6001.204802250386343794613980417281,99.82868773,-146.1245536,-169.5334558,18.82522399,4,512,512,348,0.634765625,0.634765625,1.0,-164.1826171875,-319.1826171875,-372.0,1.0,1.0,1.0,True,MET_SHORT,182452224,182452224,415.91934805464615,True,272.633010944,True,202.4665442,True,True
1.3.6.1.4.1.14519.5.2.1.6279.6001.205523326998654833765855998037,92.68685919,43.57438553,-197.5473589,4.631274716,5,512,512,268,0.703125,0.703125,1.25,-183.600006,-207.399994,-325.75,1.0,1.0,1.0,True,MET_SHORT,140509184,140509184,392.94131938133336,True,356.941339776,True,102.56211288,True,True
1.3.6.1.4.1.14519.5.2.1.6279.6001.205523326998654833765855998037,116.8170346,-12.84537683,-193.306,4.2912149,5,512,512,268,0.703125,0.703125,1.25,-183.600006,-207.399994,-325.75,1.0,1.0,1.0,True,MET_SHORT,140509184,140509184,427.25979107555554,True,276.6998999751111,True,105.95519999999999,True,True
1.3.6.1.4.1.14519.5.2.1.6279.6001.205993750485568250373835565680,37.79855693,3.300009869,-41.39558427,14.13656827,4,512,512,268,0.5683590173721313,0.5683590173721313,1.25,-162.699997,-145.5,-338.51001,1.0,1.0,1.0,True,MET_SHORT,140509184,140509184,352.76743713335713,True,261.8063676670298,True,237.691540584,True,True
1.3.6.1.4.1.14519.5.2.1.6279.6001.205993750485568250373835565680,36.72219758,43.30048703,-25.14203011,6.259110412,4,512,512,268,0.5683590173721313,0.5683590173721313,1.25,-162.699997,-145.5,-338.51001,1.0,1.0,1.0,True,MET_SHORT,140509184,140509184,350.8736352984243,True,332.1852583652833,True,250.694383912,True,True
1.3.6.1.4.1.14519.5.2.1.6279.6001.205993750485568250373835565680,28.63381923,39.2872431,-22.76116367,4.389292516,4,512,512,268,0.5683590173721313,0.5683590173721313,1.25,-162.699997,-145.5,-338.51001,1.0,1.0,1.0,True,MET_SHORT,140509184,140509184,336.64252766614374,True,325.12415120003476,True,252.59907706400003,True,True
1.3.6.1.4.1.14519.5.2.1.6279.6001.206028343897359374907954580114,84.69521504,-95.11232169,-214.6123866,5.233283378,8,512,512,133,0.78125,0.78125,2.5,-200.0,-200.0,-345.75,1.0,1.0,1.0,True,MET_SHORT,69730304,69730304,364.4098752512,True,134.25622823679998,True,52.45504536,True,True
1.3.6.1.4.1.14519.5.2.1.6279.6001.206028343897359374907954580114,-69.81151619,-69.68184275,-166.6322555,12.6270362,8,512,512,133,0.78125,0.78125,2.5,-200.0,-200.0,-345.75,1.0,1.0,1.0,True,MET_SHORT,69730304,69730304,166.64125927679999,True,166.80724128000003,True,71.6470978,True,True
1.3.6.1.4.1.14519.5.2.1.6279.6001.206028343897359374907954580114,75.71266555,12.58298968,-135.2999907,9.90073721,8,512,512,133,0.78125,0.78125,2.5,-200.0,-200.0,-345.75,1.0,1.0,1.0,True,MET_SHORT,69730304,69730304,352.912211904,True,272.1062267904,True,84.18000372,True,True
1.3.6.1.4.1.14519.5.2.1.6279.6001.206097113343059612247503064658,67.24659457,-122.5524971,-155.5200459,20.41212558,8,512,512,337,0.68359375,0.68359375,1.0,-180.658203125,-350.658203125,-373.6,1.0,1.0,1.0,True,MET_SHORT,176685056,176685056,362.6493040566857,True,333.68606138514286,True,218.0799541,True,True
1.3.6.1.4.1.14519.5.2.1.6279.6001.206539885154775002929031534291,138.6417422,-118.7654544,-60.25410033,7.748454694,1,512,512,198,0.703125,0.703125,1.7999999523162842,-179.6484375,-310.6484375,-141.1,1.0,1.0,1.0,True,MET_SHORT,103809024,103809024,452.67936668444446,True,272.9002426311111,True,44.91438989538055,True,True
1.3.6.1.4.1.14519.5.2.1.6279.6001.206539885154775002929031534291,145.6040538,-138.2558392,-13.4247001,5.071226824,1,512,512,198,0.703125,0.703125,1.7999999523162842,-179.6484375,-310.6484375,-141.1,1.0,1.0,1.0,True,MET_SHORT,103809024,103809024,462.58132095999997,True,245.1805842488889,True,70.93072404568916,True,True
1.3.6.1.4.1.14519.5.2.1.6279.6001.207341668080525761926965850679,-98.0171699,-167.4527522,-188.9153442,4.392206805,8,512,512,359,0.630859375,0.630859375,1.0,-158.1845703125,-299.1845703125,-438.0,1.0,1.0,1.0,True,MET_SHORT,188219392,188219392,95.37371210897832,True,208.8132844383901,True,249.0846558,True,True
1.3.6.1.4.1.14519.5.2.1.6279.6001.208511362832825683639135205368,-74.87296853,35.11080854,-36.54442722,16.2317489,3,512,512,481,0.703125,0.703125,0.625,-180.0,-180.0,-256.394989,1.0,1.0,1.0,True,MET_SHORT,252182528,252182528,149.5140003128889,True,305.93537214577776,True,351.760898848,True,True
1.3.6.1.4.1.14519.5.2.1.6279.6001.208511362832825683639135205368,-2.839756137,15.49133911,-42.88411974,11.0165788,3,512,512,481,0.703125,0.703125,0.625,-180.0,-180.0,-256.394989,1.0,1.0,1.0,True,MET_SHORT,252182528,252182528,251.96123571626669,True,278.03212673422223,True,341.617390816,True,True
1.3.6.1.4.1.14519.5.2.1.6279.6001.208737629504245244513001631764,-8.993304035,40.54099463,-99.81467502,13.53288259,1,512,512,232,0.78125,0.78125,1.25,-185.0,-200.0,-272.75,1.0,1.0,1.0,True,MET_SHORT,121634816,121634816,225.2885708352,True,307.8924731264,True,138.348259984,True,True
1.3.6.1.4.1.14519.5.2.1.6279.6001.208737629504245244513001631764,98.19037939,37.78561001,-70.46713787,14.88143912,1,512,512,232,0.78125,0.78125,1.25,-185.0,-200.0,-272.75,1.0,1.0,1.0,True,MET_SHORT,121634816,121634816,362.48368561919995,True,304.3655808128,True,161.826289704,True,True
1.3.6.1.4.1.14519.5.2.1.6279.6001.208737629504245244513001631764,-75.66575168,-51.48553141,-93.67729466,10.20083329,1,512,512,232,0.78125,0.78125,1.25,-185.0,-200.0,-272.75,1.0,1.0,1.0,True,MET_SHORT,121634816,121634816,139.9478378496,True,190.09851979520002,True,143.258164272,True,True
1.3.6.1.4.1.14519.5.2.1.6279.6001.211051626197585058967163339846,33.61792724,-158.8860009,-129.4362152,16.02309072,4,512,512,175,0.5078125,0.5078125,1.7999999523162842,-125.74609,-262.74609,-316.2,1.0,1.0,1.0,True,MET_SHORT,91750400,91750400,313.8245262572308,True,204.52448315076919,True,103.75766097086156,True,True
1.3.6.1.4.1.14519.5.2.1.6279.6001.211956804948320236390242845468,51.99987168,155.9191741,-554.1126447,8.793209067,4,512,512,350,0.6796875,0.6796875,1.0,-162.0,18.0,-802.099976,1.0,1.0,1.0,True,MET_SHORT,183500800,183500800,314.85038592,True,202.91556649195402,True,247.98733129999994,True,True
1.3.6.1.4.1.14519.5.2.1.6279.6001.211956804948320236390242845468,47.05520894,170.3943031,-527.5470707,19.84919656,4,512,512,350,0.6796875,0.6796875,1.0,-162.0,18.0,-802.099976,1.0,1.0,1.0,True,MET_SHORT,183500800,183500800,307.5754798197701,True,224.2123080091954,True,274.5529053,True,True
1.3.6.1.4.1.14519.5.2.1.6279.6001.211956804948320236390242845468,-64.76411531,222.4275025,-520.0442896,10.07288389,4,512,512,350,0.6796875,0.6796875,1.0,-162.0,18.0,-802.099976,1.0,1.0,1.0,True,MET_SHORT,183500800,183500800,143.05969241747127,True,300.76690022988504,True,282.0556864,True,True
1.3.6.1.4.1.14519.5.2.1.6279.6001.212346425055214308006918165305,68.29342162,71.32670944,-224.2446094,9.002203924,2,512,512,133,0.703125,0.703125,2.5,-179.0,-180.0,-357.0,1.0,1.0,1.0,True,MET_SHORT,69730304,69730304,351.7061996373333,True,357.44243120355554,True,53.10215624,True,True
1.3.6.1.4.1.14519.5.2.1.6279.6001.212608679077007918190529579976,-51.53790763,20.10350979,-85.16298794,4.515921778,9,512,512,162,0.703125,0.703125,1.25,-174.800003,-170.199997,-245.75,1.0,1.0,1.0,True,MET_SHORT,84934656,84934656,175.30609119288889,True,270.65387632355555,True,128.46960964800002,True,True
1.3.6.1.4.1.14519.5.2.1.6279.6001.212608679077007918190529579976,-61.83942051,-49.49988002,-178.135775,8.196011407,9,512,512,162,0.703125,0.703125,1.25,-174.800003,-170.199997,-245.75,1.0,1.0,1.0,True,MET_SHORT,84934656,84934656,160.65505065244446,True,171.66238859377776,True,54.09138,True,True
1.3.6.1.4.1.14519.5.2.1.6279.6001.213140617640021803112060161074,54.57771668,137.2790888,-626.5921144,13.96263215,0,512,512,276,0.6171875,0.6171875,1.0,-141.840662,23.1456223,-825.199951,1.0,1.0,1.0,True,MET_SHORT,144703488,144703488,318.24749963341776,True,184.92511027848104,True,198.60783660000004,True,True
1.3.6.1.4.1.14519.5.2.1.6279.6001.213140617640021803112060161074,109.4341558,229.6163407,-722.0838667,6.401625027,0,512,512,276,0.6171875,0.6171875,1.0,-141.840662,23.1456223,-825.199951,1.0,1.0,1.0,True,MET_SHORT,144703488,144703488,407.12881871392403,True,334.5348348759494,True,103.11608430000001,True,True
1.3.6.1.4.1.14519.5.2.1.6279.6001.213140617640021803112060161074,96.37514949,213.0800475,-613.5363606,4.784886899,0,512,512,276,0.6171875,0.6171875,1.0,-141.840662,23.1456223,-825.199951,1.0,1.0,1.0,True,MET_SHORT,144703488,144703488,385.96992241417723,True,307.7418534886076,True,211.6635904000001,True,True
1.3.6.1.4.1.14519.5.2.1.6279.6001.213854687290736562463866711534,115.3674027,-179.8695338,-281.6307649,10.63786384,8,512,512,535,0.6484375,0.6484375,0.699999988079071,-161.67578,-350.67578,-456.0,1.0,1.0,1.0,True,MET_SHORT,280494080,280494080,427.2473178987952,True,263.41204233253006,True,249.0989115278435,True,True
1.3.6.1.4.1.14519.5.2.1.6279.6001.214252223927572015414741039150,70.30866198,-48.69738576,-147.2003939,7.862425517,7,512,512,139,0.703125,0.703125,2.5,-173.300003,-194.5,-371.25,1.0,1.0,1.0,True,MET_SHORT,72876032,72876032,346.4656568604445,True,207.36371803022223,True,89.61984244,True,True
1.3.6.1.4.1.14519.5.2.1.6279.6001.214252223927572015414741039150,114.9945322,36.94296309,-143.6292513,7.841667885,7,512,512,139,0.703125,0.703125,2.5,-173.300003,-194.5,-371.25,1.0,1.0,1.0,True,MET_SHORT,72876032,72876032,410.01889450666664,True,329.16332528355554,True,91.04829948,True,True
1.3.6.1.4.1.14519.5.2.1.6279.6001.214252223927572015414741039150,-42.47036236,9.63938615,-67.76005548,11.16379761,7,512,512,139,0.703125,0.703125,2.5,-173.300003,-194.5,-371.25,1.0,1.0,1.0,True,MET_SHORT,72876032,72876032,186.06882224355556,True,290.33157141333334,True,121.395977808,True,True
1.3.6.1.4.1.14519.5.2.1.6279.6001.214800939017429618305208626314,82.56241585,-80.96717899,-282.9247385,6.709234609,4,512,512,189,0.6640625,0.6640625,1.7999999523162842,-177.66796875,-340.66796875,-382.4,1.0,1.0,1.0,True,MET_SHORT,99090432,99090432,391.87634386823527,True,391.07883634447063,True,55.26403563066364,True,True
1.3.6.1.4.1.14519.5.2.1.6279.6001.214800939017429618305208626314,131.4562868,-162.3474849,-273.1433425,5.275112281,4,512,512,189,0.6640625,0.6640625,1.7999999523162842,-177.66796875,-340.66796875,-382.4,1.0,1.0,1.0,True,MET_SHORT,99090432,99090432,465.5047612988235,True,268.52966979764705,True,60.69814466350724,True,True
1.3.6.1.4.1.14519.5.2.1.6279.6001.214800939017429618305208626314,-114.3661632,-92.46651501,-245.4278184,5.860880895,4,512,512,189,0.6640625,0.6640625,1.7999999523162842,-177.66796875,-340.66796875,-382.4,1.0,1.0,1.0,True,MET_SHORT,99090432,99090432,95.32507188705883,True,373.76218916141175,True,76.09565846029096,True,True
1.3.6.1.4.1.14519.5.2.1.6279.6001.214800939017429618305208626314,-39.56900888,-71.945242,-218.7775309,6.364695594,4,512,512,189,0.6640625,0.6640625,1.7999999523162842,-177.66796875,-340.66796875,-382.4,1.0,1.0,1.0,True,MET_SHORT,99090432,99090432,207.9607866277647,True,404.66481204705883,True,90.90137413028627,True,True
1.3.6.1.4.1.14519.5.2.1.6279.6001.214800939017429618305208626314,-93.71921035,-88.23701668,-211.0024986,4.276776035,4,512,512,189,0.6640625,0.6640625,1.7999999523162842,-177.66796875,-340.66796875,-382.4,1.0,1.0,1.0,True,MET_SHORT,99090432,99090432,126.41695382588236,True,380.1313160583529,True,95.22083663360183,True,True
1.3.6.1.4.1.14519.5.2.1.6279.6001.214800939017429618305208626314,-64.9992958,-71.02785858,-185.1208959,7.28852581,4,512,512,189,0.6640625,0.6640625,1.7999999523162842,-177.66796875,-340.66796875,-382.4,1.0,1.0,1.0,True,MET_SHORT,99090432,99090432,169.66576632470588,True,406.04628355011766,True,109.59950518117313,True,True
1.3.6.1.4.1.14519.5.2.1.6279.6001.215104063467523905369326175410,-100.8609071,15.28935029,-182.4603409,4.991628467,9,512,512,127,0.5234379768371582,0.5234379768371582,2.5,-130.899994,-134.0,-331.649994,1.0,1.0,1.0,True,MET_SHORT,66584576,66584576,57.3880540374799,True,285.209245213868,True,59.675861239999996,True,True
1.3.6.1.4.1.14519.5.2.1.6279.6001.215640837032688688030770057224,78.46553368,44.03628787,-86.86858612,5.696771445,7,512,512,235,0.5371090173721313,0.5371090173721313,1.25,-133.300003,-146.399994,-314.230011,1.0,1.0,1.0,True,MET_SHORT,123207680,123207680,394.2691889927442,True,354.55796814161073,True,181.889139904,True,True
1.3.6.1.4.1.14519.5.2.1.6279.6001.215640837032688688030770057224,96.27646513,-23.55686252,-107.3733613,7.477744916,7,512,512,235,0.5371090173721313,0.5371090173721313,1.25,-133.300003,-146.399994,-314.230011,1.0,1.0,1.0,True,MET_SHORT,123207680,123207680,427.4299270811533,True,228.7117279859206,True,165.48531975999998,True,True
1.3.6.1.4.1.14519.5.2.1.6279.6001.215640837032688688030770057224,72.19052901,33.77282956,-115.4497687,6.569503668,7,512,512,235,0.5371090173721313,0.5371090173721313,1.25,-133.300003,-146.399994,-314.230011,1.0,1.0,1.0,True,MET_SHORT,123207680,123207680,382.58626342820764,True,335.4492621284159,True,159.02419384,True,True
1.3.6.1.4.1.14519.5.2.1.6279.6001.215640837032688688030770057224,63.78794006,-77.60063281,-143.2981373,4.983856442,7,512,512,235,0.5371090173721313,0.5371090173721313,1.25,-133.300003,-146.399994,-314.230011,1.0,1.0,1.0,True,MET_SHORT,123207680,123207680,366.94216013031354,True,128.09198684953927,True,136.74549896,True,True
1.3.6.1.4.1.14519.5.2.1.6279.6001.215640837032688688030770057224,87.57932392,9.783753119,-100.9324878,9.088191083,7,512,512,235,0.5371090173721313,0.5371090173721313,1.25,-133.300003,-146.399994,-314.230011,1.0,1.0,1.0,True,MET_SHORT,123207680,123207680,411.2374206649479,True,290.7859337069916,True,170.63801856,True,True
1.3.6.1.4.1.14519.5.2.1.6279.6001.215640837032688688030770057224,-86.83903189,51.57119596,-143.7114972,5.181246583,7,512,512,235,0.5371090173721313,0.5371090173721313,1.25,-133.300003,-146.399994,-314.230011,1.0,1.0,1.0,True,MET_SHORT,123207680,123207680,86.5019383538108,True,368.58660636270304,True,136.41481104,True,True
1.3.6.1.4.1.14519.5.2.1.6279.6001.215785045378334625097907422785,-24.80602777,185.3534746,-545.8419781,4.355305398,9,512,512,290,0.611328125,0.611328125,1.0,-149.006963,-7.837975029999999,-768.800049,1.0,1.0,1.0,True,MET_SHORT,152043520,152043520,203.16574708549524,True,316.01924028932905,True,222.95807089999994,True,True
1.3.6.1.4.1.14519.5.2.1.6279.6001.216252660192313507027754194207,-39.61237465,146.7966702,-538.8806413,4.803859114,4,512,512,268,0.5390625,0.5390625,1.0,-107.0,55.0,-649.5,1.0,1.0,1.0,True,MET_SHORT,140509184,140509184,125.00892818550726,True,170.2894751536232,True,110.61935870000002,True,True
1.3.6.1.4.1.14519.5.2.1.6279.6001.216252660192313507027754194207,-31.09781851,222.3105282,-512.3187294,6.773419875,4,512,512,268,0.5390625,0.5390625,1.0,-107.0,55.0,-649.5,1.0,1.0,1.0,True,MET_SHORT,140509184,140509184,140.804046822029,True,310.37315376231885,True,137.18127059999995,True,True
1.3.6.1.4.1.14519.5.2.1.6279.6001.216882370221919561230873289517,-86.68832064,-17.11866797,-52.87589103,3.661014906,0,512,512,250,0.6542969942092896,0.6542969942092896,1.25,-157.600006,-161.800003,-302.679993,1.0,1.0,1.0,True,MET_SHORT,131072000,131072000,108.37843668485131,True,221.124865787968,True,199.84328157600004,True,True
1.3.6.1.4.1.14519.5.2.1.6279.6001.216882370221919561230873289517,-89.52725087,-5.104797566,-81.96650621,3.93841182,0,512,512,250,0.6542969942092896,0.6542969942092896,1.25,-157.600006,-161.800003,-302.679993,1.0,1.0,1.0,True,MET_SHORT,131072000,131072000,104.03953515370364,True,239.4863598958824,True,176.57078943200003,True,True
1.3.6.1.4.1.14519.5.2.1.6279.6001.217589936421986638139451480826,141.3149273,23.48811579,-242.6787116,6.375976946,2,512,512,241,0.703125,0.703125,1.2499998807907104,-180.0,-165.0,-307.609985,1.0,1.0,1.0,True,MET_SHORT,126353408,126353408,456.9812299377778,True,268.07198690133333,True,51.94502367386348,True,True
1.3.6.1.4.1.14519.5.2.1.6279.6001.217589936421986638139451480826,144.7977422,62.86369442,-241.1731829,5.305254374,2,512,512,241,0.703125,0.703125,1.2499998807907104,-180.0,-165.0,-307.609985,1.0,1.0,1.0,True,MET_SHORT,126353408,126353408,461.93456668444446,True,324.07280984177777,True,53.14944674872623,True,True
1.3.6.1.4.1.14519.5.2.1.6279.6001.217589936421986638139451480826,86.35325899,114.6358836,-175.477931,5.961135993,2,512,512,241,0.703125,0.703125,1.2499998807907104,-180.0,-165.0,-307.609985,1.0,1.0,1.0,True,MET_SHORT,126353408,126353408,378.81352389688885,True,397.7043677866667,True,105.70565328087665,True,True
1.3.6.1.4.1.14519.5.2.1.6279.6001.217589936421986638139451480826,-44.38911733,21.65032772,-36.19094841,6.012013105,2,512,512,241,0.703125,0.703125,1.2499998807907104,-180.0,-165.0,-307.609985,1.0,1.0,1.0,True,MET_SHORT,126353408,126353408,192.86881090844443,True,265.45824386844447,True,217.1352499796311,True,True
1.3.6.1.4.1.14519.5.2.1.6279.6001.217697417596902141600884006982,-81.21264213,38.50543905,-161.7782189,4.512190166,2,512,512,429,0.5859379768371582,0.5859379768371582,0.625,-139.600006,-125.0,-286.51001,1.0,1.0,1.0,True,MET_SHORT,224919552,224919552,99.64768657797173,True,279.04905555463057,True,199.57086576,True,True
1.3.6.1.4.1.14519.5.2.1.6279.6001.217697417596902141600884006982,112.2326686,9.722890567,-197.4920729,3.899770457,2,512,512,429,0.5859379768371582,0.5859379768371582,0.625,-139.600006,-125.0,-286.51001,1.0,1.0,1.0,True,MET_SHORT,224919552,224919552,429.79408155001437,True,229.9268794527065,True,142.42869936000002,True,True
1.3.6.1.4.1.14519.5.2.1.6279.6001.217697417596902141600884006982,76.4070202,7.959447114,-142.9888983,4.096360477,2,512,512,429,0.5859379768371582,0.5859379768371582,0.625,-139.600006,-125.0,-286.51001,1.0,1.0,1.0,True,MET_SHORT,224919552,224919552,368.6516913718189,True,226.91727174214483,True,229.63377872000007,True,True
1.3.6.1.4.1.14519.5.2.1.6279.6001.217754016294471278921686508169,-118.7456191,124.8523546,-568.68286,4.129168997,9,512,512,276,0.638671875,0.638671875,1.0,-182.970549,-11.1472559,-700.599976,1.0,1.0,1.0,True,MET_SHORT,144703488,144703488,100.56013488929665,True,212.9412861651376,True,131.91711599999996,True,True
1.3.6.1.4.1.14519.5.2.1.6279.6001.217955041973656886482758642958,-44.58942915,56.04434567,-51.61694575,19.91668687,2,512,512,133,0.78125,0.78125,2.5,-210.399994,-194.300003,-317.75,1.0,1.0,1.0,True,MET_SHORT,69730304,69730304,212.23752300799998,True,320.44076629759996,True,106.4532217,True,True
1.3.6.1.4.1.14519.5.2.1.6279.6001.218476624578721885561483687176,-115.6455979,-38.82732218,-109.6419395,5.738267951,4,512,512,247,0.703125,0.703125,1.25,-174.800003,-198.199997,-243.270004,1.0,1.0,1.0,True,MET_SHORT,129499136,129499136,84.13070947555556,True,226.663359744,True,106.90245159999999,True,True
1.3.6.1.4.1.14519.5.2.1.6279.6001.218476624578721885561483687176,96.88732872,1.546082872,-74.21168209,5.063187041,4,512,512,247,0.703125,0.703125,1.25,-174.800003,-198.199997,-243.270004,1.0,1.0,1.0,True,MET_SHORT,129499136,129499136,386.3997606684444,True,284.08331359573333,True,135.24665752800001,True,True
1.3.6.1.4.1.14519.5.2.1.6279.6001.219087313261026510628926082729,-65.48553737,197.2581037,-468.5690163,11.10051888,0,512,512,280,0.61328125,0.61328125,1.0,-152.0,-9.0,-681.900024,1.0,1.0,1.0,True,MET_SHORT,146800640,146800640,141.06816836484077,True,336.31894616050954,True,213.33100770000004,True,True
1.3.6.1.4.1.14519.5.2.1.6279.6001.219087313261026510628926082729,-61.37799447,223.9639647,-633.847977,4.813145858,0,512,512,280,0.61328125,0.61328125,1.0,-152.0,-9.0,-681.900024,1.0,1.0,1.0,True,MET_SHORT,146800640,146800640,147.76581793426752,True,379.86480868280256,True,48.052047000000016,True,True
1.3.6.1.4.1.14519.5.2.1.6279.6001.219254430927834326484477690403,147.9184452,-139.5398999,-289.3042952,5.371554924,8,512,512,187,0.6640625,0.6640625,1.7999999523162842,-147.66796875,-319.66796875,-393.3,1.0,1.0,1.0,True,MET_SHORT,98041856,98041856,445.1183645364706,True,271.25168015058824,True,57.77539308608079,True,True
1.3.6.1.4.1.14519.5.2.1.6279.6001.219254430927834326484477690403,-87.43359068,-127.5413444,-262.5572502,4.82415072,8,512,512,187,0.6640625,0.6640625,1.7999999523162842,-147.66796875,-319.66796875,-393.3,1.0,1.0,1.0,True,MET_SHORT,98041856,98041856,90.705886976,True,289.3200931388235,True,72.63486292416677,True,True
1.3.6.1.4.1.14519.5.2.1.6279.6001.219349715895470349269596532320,-69.25132002,17.49622889,-201.3042433,10.37870953,3,512,512,244,0.7617189884185791,0.7617189884185791,1.25,195.0,140.0,-327.0,-1.0,-1.0,1.0,True,MET_SHORT,127926272,127926272,346.9144448776546,True,160.8254132725937,True,100.55660536,True,True
1.3.6.1.4.1.14519.5.2.1.6279.6001.219428004988664846407984058588,123.0244827,85.5951695,-215.1788956,12.13515303,5,512,512,258,0.859375,0.859375,1.25,-211.699997,-199.800003,-347.0,1.0,1.0,1.0,True,MET_SHORT,135266304,135266304,389.49757637818175,True,332.09620072727273,True,105.45688351999999,True,True
1.3.6.1.4.1.14519.5.2.1.6279.6001.219428004988664846407984058588,96.41325044,92.61357881,-224.1152532,7.879370273,5,512,512,258,0.859375,0.859375,1.25,-211.699997,-199.800003,-347.0,1.0,1.0,1.0,True,MET_SHORT,135266304,135266304,358.53177883927276,True,340.2630770152727,True,98.30779743999999,True,True
1.3.6.1.4.1.14519.5.2.1.6279.6001.219428004988664846407984058588,127.5885954,44.77026048,-188.8742426,6.436398619,5,512,512,258,0.859375,0.859375,1.25,-211.699997,-199.800003,-347.0,1.0,1.0,1.0,True,MET_SHORT,135266304,135266304,394.80854388363633,True,284.59085204945455,True,126.50060592,True,True
1.3.6.1.4.1.14519.5.2.1.6279.6001.219428004988664846407984058588,71.66050173,94.49446209,-180.8208013,5.63626438,5,512,512,258,0.859375,0.859375,1.25,-211.699997,-199.800003,-347.0,1.0,1.0,1.0,True,MET_SHORT,135266304,135266304,329.72858034036364,True,342.4517411956364,True,132.94335896,True,True
1.3.6.1.4.1.14519.5.2.1.6279.6001.219428004988664846407984058588,-7.542193327,60.29166866,-240.9495399,6.01136994,5,512,512,258,0.859375,0.859375,1.25,-211.699997,-199.800003,-347.0,1.0,1.0,1.0,True,MET_SHORT,135266304,135266304,237.56544427403634,True,302.6521270225454,True,84.84036808,True,True
1.3.6.1.4.1.14519.5.2.1.6279.6001.219428004988664846407984058588,-33.96725483,114.1284149,-195.0651902,7.747960481,5,512,512,258,0.859375,0.859375,1.25,-211.699997,-199.800003,-347.0,1.0,1.0,1.0,True,MET_SHORT,135266304,135266304,206.81628179781816,True,365.2985226472727,True,121.54784784,True,True
1.3.6.1.4.1.14519.5.2.1.6279.6001.219428004988664846407984058588,-49.51411518,-13.58231496,-136.2125638,8.244882361,5,512,512,258,0.859375,0.859375,1.25,-211.699997,-199.800003,-347.0,1.0,1.0,1.0,True,MET_SHORT,135266304,135266304,188.7253897541818,True,216.6896733556364,True,168.62994896,True,True
1.3.6.1.4.1.14519.5.2.1.6279.6001.219428004988664846407984058588,66.14617331,36.39801261,-72.80318185,9.698623364,5,512,512,258,0.859375,0.859375,1.25,-211.699997,-199.800003,-347.0,1.0,1.0,1.0,True,MET_SHORT,135266304,135266304,323.31190726981816,True,274.84859998254547,True,219.35745452,True,True
1.3.6.1.4.1.14519.5.2.1.6279.6001.219428004988664846407984058588,79.179807,73.32770576,-167.728431,6.102801475,5,512,512,258,0.859375,0.859375,1.25,-211.699997,-199.800003,-347.0,1.0,1.0,1.0,True,MET_SHORT,135266304,135266304,338.47831738181816,True,317.82133382981823,True,143.4172552,True,True
1.3.6.1.4.1.14519.5.2.1.6279.6001.219618492426142913407827034169,-102.3832256,-96.39522474,-138.8622759,25.41540526,7,512,512,117,0.8984379768371582,0.8984379768371582,2.5,-268.9,-230.0,-276.5,1.0,1.0,1.0,True,MET_SHORT,61341696,61341696,185.34031139934896,True,148.70784484237785,True,55.055089640000006,True,True
1.3.6.1.4.1.14519.5.2.1.6279.6001.219618492426142913407827034169,52.60612067,51.0756965,-206.5,4.960423434,7,512,512,117,0.8984379768371582,0.8984379768371582,2.5,-268.9,-230.0,-276.5,1.0,1.0,1.0,True,MET_SHORT,61341696,61341696,357.85010090715804,True,312.84930484516343,True,28.0,True,True
1.3.6.1.4.1.14519.5.2.1.6279.6001.219909753224298157409438012179,118.3234759,20.24704104,-155.2786841,13.84883567,0,512,512,141,0.625,0.625,2.5,-136.100006,-160.0,-361.0,1.0,1.0,1.0,True,MET_SHORT,73924608,73924608,407.07757104,True,288.395265664,True,82.28852636,True,True
1.3.6.1.4.1.14519.5.2.1.6279.6001.219909753224298157409438012179,99.32939332,66.55314921,-92.09688887,6.673547135,0,512,512,141,0.625,0.625,2.5,-136.100006,-160.0,-361.0,1.0,1.0,1.0,True,MET_SHORT,73924608,73924608,376.68703891200005,True,362.48503873600004,True,107.56124445200001,True,True
1.3.6.1.4.1.14519.5.2.1.6279.6001.220596530836092324070084384692,-84.393952,246.9323285,-508.1886279,23.57156231,9,512,512,371,0.66796875,0.66796875,0.9999999403953552,-187.0,10.0,-753.099976,1.0,1.0,1.0,True,MET_SHORT,194510848,194510848,153.60905431578948,True,354.7057081637427,True,244.91136269785477,True,True
1.3.6.1.4.1.14519.5.2.1.6279.6001.221017801605543296514746423389,75.47571744,71.69373908,-97.73229784,7.389997194,6,512,512,133,0.703125,0.703125,2.5,-190.9,-180.0,-327.75,1.0,1.0,1.0,True,MET_SHORT,69730304,69730304,378.84546480355556,True,357.9644289137778,True,92.007080864,True,True
1.3.6.1.4.1.14519.5.2.1.6279.6001.221017801605543296514746423389,56.58729736,69.68454035,-109.1245027,9.025365556,6,512,512,133,0.703125,0.703125,2.5,-190.9,-180.0,-327.75,1.0,1.0,1.0,True,MET_SHORT,69730304,69730304,351.98193402311114,True,355.10690183111114,True,87.45019892,True,True
1.3.6.1.4.1.14519.5.2.1.6279.6001.222052723822248889877676736332,-64.40112214,7.841496444,-75.95221202,10.7221465,9,512,512,481,0.7421879768371582,0.7421879768371582,0.625,-188.0,-190.0,-262.394989,1.0,1.0,1.0,True,MET_SHORT,252182528,252182528,166.53311791268555,True,266.56521342086893,True,298.30844316800005,True,True
1.3.6.1.4.1.14519.5.2.1.6279.6001.222052723822248889877676736332,51.29471463,12.62769201,-44.86446771,4.761221031,9,512,512,481,0.7421879768371582,0.7421879768371582,0.625,-188.0,-190.0,-262.394989,1.0,1.0,1.0,True,MET_SHORT,252182528,252182528,322.4179346716945,True,273.0139780403073,True,348.04883406400006,True,True
1.3.6.1.4.1.14519.5.2.1.6279.6001.224465398054769500989828256685,-55.52821414,245.4376219,-758.1325898,13.84309944,5,512,512,286,0.671875,0.671875,1.0,-185.036307,-25.457846,-855.900024,1.0,1.0,1.0,True,MET_SHORT,149946368,149946368,192.75623123348834,True,403.1932545488373,True,97.76743420000003,True,True
1.3.6.1.4.1.14519.5.2.1.6279.6001.224465398054769500989828256685,-116.4604191,230.1689873,-747.8614134,5.388364876,5,512,512,286,0.671875,0.671875,1.0,-185.036307,-25.457846,-855.900024,1.0,1.0,1.0,True,MET_SHORT,149946368,149946368,102.06643780465116,True,380.4678449116279,True,108.03861060000008,True,True
1.3.6.1.4.1.14519.5.2.1.6279.6001.224465398054769500989828256685,12.73732548,216.6918398,-790.0747986,6.868316403,5,512,512,286,0.671875,0.671875,1.0,-185.036307,-25.457846,-855.900024,1.0,1.0,1.0,True,MET_SHORT,149946368,149946368,294.36075531906977,True,360.40883467906974,True,65.82522540000002,True,True
1.3.6.1.4.1.14519.5.2.1.6279.6001.224465398054769500989828256685,-139.713455,186.4162971,-789.1416745,8.743609647,5,512,512,286,0.671875,0.671875,1.0,-185.036307,-25.457846,-855.900024,1.0,1.0,1.0,True,MET_SHORT,149946368,149946368,67.45726809302323,True,315.34756182325583,True,66.75834950000001,True,True
1.3.6.1.4.1.14519.5.2.1.6279.6001.225154811831720426832024114593,101.948344,-58.63218351,-205.2437531,5.619534834,2,512,512,143,0.78125,0.78125,2.5,-208.300003,-200.0,-381.75,1.0,1.0,1.0,True,MET_SHORT,74973184,74973184,397.11788416,True,180.95080510719998,True,70.60249876,True,True
1.3.6.1.4.1.14519.5.2.1.6279.6001.225154811831720426832024114593,48.57179203,118.4387376,-249.4687169,6.548067679,2,512,512,143,0.78125,0.78125,2.5,-208.300003,-200.0,-381.75,1.0,1.0,1.0,True,MET_SHORT,74973184,74973184,328.7958976384,True,407.60158412799996,True,52.912513239999996,True,True
1.3.6.1.4.1.14519.5.2.1.6279.6001.225154811831720426832024114593,75.63291901,111.2621798,-182.1446944,6.279521551,2,512,512,143,0.78125,0.78125,2.5,-208.300003,-200.0,-381.75,1.0,1.0,1.0,True,MET_SHORT,74973184,74973184,363.43414017279997,True,398.415590144,True,79.84212224000001,True,True
1.3.6.1.4.1.14519.5.2.1.6279.6001.225227615446398900698431118292,38.17558461,76.65811776,-217.8804577,13.20481203,3,512,512,484,0.5859379768371582,0.5859379768371582,0.625,-158.800003,-158.899994,-291.38501,1.0,1.0,1.0,True,MET_SHORT,253755392,253755392,336.1713959440843,True,402.01885023995544,True,117.60728368000005,True,True
1.3.6.1.4.1.14519.5.2.1.6279.6001.225227615446398900698431118292,111.5397212,26.17387565,-216.2738565,4.438915742,3,512,512,484,0.5859379768371582,0.5859379768371582,0.625,-158.800003,-158.899994,-291.38501,1.0,1.0,1.0,True,MET_SHORT,253755392,253755392,461.37942049646637,True,315.8591471558347,True,120.17784560000004,True,True
1.3.6.1.4.1.14519.5.2.1.6279.6001.225227615446398900698431118292,97.6759868,59.95440744,-182.4642658,4.586830375,3,512,512,484,0.5859379768371582,0.5859379768371582,0.625,-158.800003,-158.899994,-291.38501,1.0,1.0,1.0,True,MET_SHORT,253755392,253755392,437.7186663756373,True,373.5112078267343,True,174.27319072000006,True,True
1.3.6.1.4.1.14519.5.2.1.6279.6001.225227615446398900698431118292,88.64532883,37.12480761,-129.2822334,5.315639734,3,512,512,484,0.5859379768371582,0.5859379768371582,0.625,-158.800003,-158.899994,-291.38501,1.0,1.0,1.0,True,MET_SHORT,253755392,253755392,422.306355982741,True,334.548722491286,True,259.36444256000004,True,True
1.3.6.1.4.1.14519.5.2.1.6279.6001.225515255547637437801620523312,28.82164325,-67.50284479,-119.4939135,14.74449324,8,512,512,277,0.9179689884185791,0.9179689884185791,1.25,-235.0,-220.0,-320.0,0.9999999999999999,0.9999999999999999,1.0,True,MET_SHORT,145227776,145227776,287.39711970498684,True,166.12451742265588,True,160.40486919999998,True,True
1.3.6.1.4.1.14519.5.2.1.6279.6001.225515255547637437801620523312,86.34284609,-24.24169612,-116.2560573,6.542124227,8,512,512,277,0.9179689884185791,0.9179689884185791,1.25,-235.0,-220.0,-320.0,0.9999999999999999,0.9999999999999999,1.0,True,MET_SHORT,145227776,145227776,350.0584988645312,True,213.25154373378177,True,162.99515416,True,True
1.3.6.1.4.1.14519.5.2.1.6279.6001.226152078193253087875725735761,-88.87929578,252.9672218,-542.2144094,9.584711922,8,512,512,270,0.671875,0.671875,1.0,-210.0,18.0,-697.099976,1.0,1.0,1.0,True,MET_SHORT,141557760,141557760,180.2726760483721,True,349.7186557023256,True,154.88556659999995,True,True
1.3.6.1.4.1.14519.5.2.1.6279.6001.226383054119800793308721198594,-91.77607345,193.6749754,-636.6738832,15.67293211,2,512,512,290,0.6484375,0.6484375,1.0,-153.094535,29.46455,-780.200012,1.0,1.0,1.0,True,MET_SHORT,152043520,152043520,94.56341058313255,True,253.24017411084336,True,143.52612880000004,True,True
1.3.6.1.4.1.14519.5.2.1.6279.6001.226456162308124493341905600418,89.75123428,33.49305253,-150.4590146,10.52433762,1,512,512,241,0.5898439884185791,0.5898439884185791,1.25,-161.899994,-151.0,-303.25,1.0,1.0,1.0,True,MET_SHORT,126353408,126353408,426.64032052729385,True,312.7827970657822,True,122.23278832000001,True,True
1.3.6.1.4.1.14519.5.2.1.6279.6001.226456162308124493341905600418,76.97808959,61.77172767,-133.750295,7.131301409,1,512,512,241,0.5898439884185791,0.5898439884185791,1.25,-161.899994,-151.0,-303.25,1.0,1.0,1.0,True,MET_SHORT,126353408,126353408,404.98519656096187,True,360.72543222905216,True,135.599764,True,True
1.3.6.1.4.1.14519.5.2.1.6279.6001.226889213794065160713547677129,49.69416659,104.6858466,-297.5292319,5.244468721,7,512,512,139,0.7421879768371582,0.7421879768371582,2.5,-205.5,-190.0,-400.5,1.0,1.0,1.0,True,MET_SHORT,72876032,72876032,343.84034039127476,True,397.0501487450751,True,41.18830723999999,True,True
1.3.6.1.4.1.14519.5.2.1.6279.6001.227707494413800460340110762069,-20.26058318,66.58938539,-206.2408307,7.789972805,7,512,512,125,0.6640620231628418,0.6640620231628418,2.5,-153.399994,-170.0,-346.0,1.0,1.0,1.0,True,MET_SHORT,65536000,65536000,200.4924332005528,True,356.27603617980634,True,55.90366772,True,True
1.3.6.1.4.1.14519.5.2.1.6279.6001.227796349777753378641347819780,-90.49973305,-228.203463,-347.1502138,4.83748734,2,512,512,506,0.69921875,0.69921875,0.699999988079071,-178.65039,-341.65039,-564.0,1.0,1.0,1.0,True,MET_SHORT,265289728,265289728,126.07021329162009,True,162.24811906145254,True,309.785414132757,True,True
1.3.6.1.4.1.14519.5.2.1.6279.6001.227796349777753378641347819780,-149.0749233,-156.3745612,-422.1191067,6.587261619,2,512,512,506,0.69921875,0.69921875,0.699999988079071,-178.65039,-341.65039,-564.0,1.0,1.0,1.0,True,MET_SHORT,265289728,265289728,42.29787416312848,True,264.97548699888273,True,202.6869938803104,True,True
1.3.6.1.4.1.14519.5.2.1.6279.6001.227796349777753378641347819780,144.3496682,-136.3511163,-435.821845,5.973944221,2,512,512,506,0.69921875,0.69921875,0.699999988079071,-178.65039,-341.65039,-564.0,1.0,1.0,1.0,True,MET_SHORT,265289728,265289728,461.9442173139665,True,293.6123690905028,True,183.11165311837289,True,True
1.3.6.1.4.1.14519.5.2.1.6279.6001.227885601428639043345478571594,-79.51333218,120.4823722,-68.3844107,6.313681857,2,512,512,519,0.703125,0.703125,0.6250000596046448,-184.600006,-150.399994,-259.265015,1.0,1.0,0.9999999999999999,True,MET_SHORT,272105472,272105472,149.45660276622223,True,385.25492081777776,True,305.4089377539341,True,True
1.3.6.1.4.1.14519.5.2.1.6279.6001.227962600322799211676960828223,72.88274978,-1.28143171,-56.52006584,17.52596027,0,512,512,209,0.6933590173721313,0.6933590173721313,1.25,-145.399994,-177.5,-279.75,0.9999999999999999,0.9999999999999999,1.0,True,MET_SHORT,109576192,109576192,314.8192181985367,True,254.15198169323313,True,178.583947328,True,True
1.3.6.1.4.1.14519.5.2.1.6279.6001.227968442353440630355230778531,-87.39262251,181.7454561,-508.5616381,13.18081087,9,512,512,266,0.66796875,0.66796875,1.0,-191.401686,-39.4016862,-727.5,1.0,1.0,1.0,True,MET_SHORT,139460608,139460608,155.70947516631583,True,331.07408437894736,True,218.93836190000002,True,True
1.3.6.1.4.1.14519.5.2.1.6279.6001.228511122591230092662900221600,103.4901351,19.02440919,-227.2106621,9.286445444,4,512,512,244,0.78125,0.78125,1.25,-231.0,-200.0,-370.0,1.0,1.0,1.0,True,MET_SHORT,127926272,127926272,428.147372928,True,280.3512437632,True,114.23147032,True,True
1.3.6.1.4.1.14519.5.2.1.6279.6001.228511122591230092662900221600,97.32696572,38.24556909,-208.1462513,5.963386128,4,512,512,244,0.78125,0.78125,1.25,-231.0,-200.0,-370.0,1.0,1.0,1.0,True,MET_SHORT,127926272,127926272,420.2585161216,True,304.9543284352,True,129.48299896,True,True
1.3.6.1.4.1.14519.5.2.1.6279.6001.228511122591230092662900221600,-31.01740011,-25.19581883,-196.2932789,6.2309343,4,512,512,244,0.78125,0.78125,1.25,-231.0,-200.0,-370.0,1.0,1.0,1.0,True,MET_SHORT,127926272,127926272,255.97772785919997,True,223.74935189759998,True,138.96537688,True,True
1.3.6.1.4.1.14519.5.2.1.6279.6001.228934821089041845791238006047,120.4418988,44.41861238,-245.4755968,4.900924695,7,512,512,258,0.765625,0.765625,1.25,-181.399994,-205.399994,-363.595001,0.9999999999999999,0.9999999999999999,1.0,True,MET_SHORT,135266304,135266304,394.24247222857144,True,326.29368996571435,True,94.49552336000002,True,True
1.3.6.1.4.1.14519.5.2.1.6279.6001.229096941293122177107846044795,-90.00339918,-218.9498337,-205.0745819,4.65186366,9,512,512,186,0.5859375,0.5859375,1.7999999523162842,-160.70703125,-295.70703125,-390.0,1.0,1.0,1.0,True,MET_SHORT,97517568,97517568,120.66753206613333,True,130.99895048533332,True,102.73634611047262,True,True
1.3.6.1.4.1.14519.5.2.1.6279.6001.229096941293122177107846044795,-86.57914744,-204.7481346,-203.6073358,6.385959004,9,512,512,186,0.5859375,0.5859375,1.7999999523162842,-160.70703125,-295.70703125,-390.0,1.0,1.0,1.0,True,MET_SHORT,97517568,97517568,126.51158836906667,True,155.23651694933335,True,103.55148285428861,True,True
1.3.6.1.4.1.14519.5.2.1.6279.6001.229096941293122177107846044795,-68.26080546,-69.21122599,-196.1228776,7.186704876,9,512,512,186,0.5859375,0.5859375,1.7999999523162842,-160.70703125,-295.70703125,-390.0,1.0,1.0,1.0,True,MET_SHORT,97517568,97517568,157.77489201493333,True,386.55284097706664,True,107.70951529777217,True,True
1.3.6.1.4.1.14519.5.2.1.6279.6001.229096941293122177107846044795,-73.17249303,-55.92625797,-183.7214311,14.79788128,9,512,512,186,0.5859375,0.5859375,1.7999999523162842,-160.70703125,-295.70703125,-390.0,1.0,1.0,1.0,True,MET_SHORT,97517568,97517568,149.39227856213333,True,409.22585306453334,True,114.5992079802867,True,True
1.3.6.1.4.1.14519.5.2.1.6279.6001.229096941293122177107846044795,-73.66370598,-215.809667,-183.9092361,6.489388614,9,512,512,186,0.5859375,0.5859375,1.7999999523162842,-160.70703125,-295.70703125,-390.0,1.0,1.0,1.0,True,MET_SHORT,97517568,97517568,148.55394179413332,True,136.35816832,True,114.49487186641164,True,True
1.3.6.1.4.1.14519.5.2.1.6279.6001.229860476925100292554329427970,-108.0795881,-70.76676061,-138.1757851,4.341588419,9,512,512,148,0.703125,0.703125,2.0,-182.600006,-180.0,-285.765015,1.0,1.0,1.0,True,MET_SHORT,77594624,77594624,105.98459434666668,True,155.35394046577778,True,73.79461495,True,True
1.3.6.1.4.1.14519.5.2.1.6279.6001.229860476925100292554329427970,-113.1622011,35.11715185,-166.5081249,4.635624615,9,512,512,148,0.703125,0.703125,2.0,-182.600006,-180.0,-285.765015,1.0,1.0,1.0,True,MET_SHORT,77594624,77594624,98.75598919111111,True,305.94439374222225,True,59.628445049999996,True,True
1.3.6.1.4.1.14519.5.2.1.6279.6001.229860476925100292554329427970,-100.2598962,-60.33797935,-135.0709524,3.923712299,9,512,512,148,0.703125,0.703125,2.0,-182.600006,-180.0,-285.765015,1.0,1.0,1.0,True,MET_SHORT,77594624,77594624,117.10593393777779,True,170.18598492444445,True,75.3470313,True,True
1.3.6.1.4.1.14519.5.2.1.6279.6001.230416590143922549745658357505,-103.1975366,-156.0826648,-199.8792945,6.23861912,4,512,512,338,0.5859375,0.5859375,1.0,-142.70703125,-299.70703125,-344.6,1.0,1.0,1.0,True,MET_SHORT,177209344,177209344,67.42953753599998,True,245.11891874133332,True,144.72070550000004,True,True
1.3.6.1.4.1.14519.5.2.1.6279.6001.230416590143922549745658357505,-75.85511002,-144.2211893,-61.73576306,4.137877518,4,512,512,338,0.5859375,0.5859375,1.0,-142.70703125,-299.70703125,-344.6,1.0,1.0,1.0,True,MET_SHORT,177209344,177209344,114.09394556586668,True,265.3625035946667,True,282.86423694,True,True
1.3.6.1.4.1.14519.5.2.1.6279.6001.230491296081537726468075344411,97.95579219,28.73484404,-133.4079455,12.1674054,9,512,512,133,0.8203120231628418,0.8203120231628418,2.5,-203.300003,-238.0,-354.75,1.0,1.0,1.0,True,MET_SHORT,69730304,69730304,367.24537332570236,True,325.1626655568962,True,88.5368218,True,True
1.3.6.1.4.1.14519.5.2.1.6279.6001.230491296081537726468075344411,95.35113888,50.21460247,-139.266673,12.07617755,9,512,512,133,0.8203120231628418,0.8203120231628418,2.5,-203.300003,-238.0,-354.75,1.0,1.0,1.0,True,MET_SHORT,69730304,69730304,364.07017506400024,True,351.3475291496318,True,86.1933308,True,True
1.3.6.1.4.1.14519.5.2.1.6279.6001.230675342744370103160629638194,-93.80070346,-42.0638866,-161.4495149,4.402510304,7,512,512,255,0.6152340173721313,0.6152340173721313,1.25,-165.800003,-141.899994,-330.820007,1.0,1.0,1.0,True,MET_SHORT,133693440,133693440,117.02750092969974,True,162.2733863553793,True,135.49639367999998,True,True
1.3.6.1.4.1.14519.5.2.1.6279.6001.231002159523969307155990628066,67.29092485,-2.511403926,-97.67385656,7.9202838,1,512,512,265,0.6640620231628418,0.6640620231628418,1.25,-201.600006,-195.899994,-320.0,1.0,1.0,1.0,True,MET_SHORT,138936320,138936320,404.9183983889143,True,291.2206741667217,True,177.860914752,True,True
1.3.6.1.4.1.14519.5.2.1.6279.6001.231002159523969307155990628066,52.2639469,1.497597,-106.7882515,4.141481922,1,512,512,265,0.6640620231628418,0.6640620231628418,1.25,-201.600006,-195.899994,-320.0,1.0,1.0,1.0,True,MET_SHORT,138936320,138936320,382.28952122706664,True,297.2577622491055,True,170.5693988,True,True
1.3.6.1.4.1.14519.5.2.1.6279.6001.231002159523969307155990628066,-95.13594331,66.11688471,-155.0085322,5.592105263,1,512,512,265,0.6640620231628418,0.6640620231628418,1.25,-201.600006,-195.899994,-320.0,1.0,1.0,1.0,True,MET_SHORT,138936320,138936320,160.32246834855184,True,394.5668771450706,True,131.99317424,True,True
1.3.6.1.4.1.14519.5.2.1.6279.6001.232071262560365924176679652948,-61.58176887,203.663079,-406.8238622,10.02702167,2,512,512,263,0.6640625,0.6640625,1.0,-152.458469,-21.638979,-556.799988,1.0,1.0,1.0,True,MET_SHORT,137887744,137887744,136.84961901929415,True,339.27839322352946,True,149.97612579999998,True,True
1.3.6.1.4.1.14519.5.2.1.6279.6001.233001470265230594739708503198,-64.82348424,-60.70896428,-192.062522,7.985106486,7,512,512,199,0.56640625,0.56640625,1.7999999523162842,-137.716796875,-263.716796875,-386.4,1.0,1.0,1.0,True,MET_SHORT,104333312,104333312,128.69440023834483,True,358.41382858151724,True,107.96526841565841,True,True
1.3.6.1.4.1.14519.5.2.1.6279.6001.233433352108264931671753343044,-103.0650847,-201.9728639,-199.259719,7.824906419,6,512,512,333,0.775390625,0.775390625,1.0,-179.1123046875,-370.1123046875,-401.0,1.0,1.0,1.0,True,MET_SHORT,174587904,174587904,98.07601167153652,True,216.84482036070528,True,201.740281,True,True
1.3.6.1.4.1.14519.5.2.1.6279.6001.233433352108264931671753343044,-54.51336914,-97.31184902,-302.9102068,5.728868072,6,512,512,333,0.775390625,0.775390625,1.0,-179.1123046875,-370.1123046875,-401.0,1.0,1.0,1.0,True,MET_SHORT,174587904,174587904,160.6918261972796,True,351.8232576870529,True,98.08979319999997,True,True
1.3.6.1.4.1.14519.5.2.1.6279.6001.233433352108264931671753343044,-78.35817417,-112.2362811,-207.9264479,5.0659595,6,512,512,333,0.775390625,0.775390625,1.0,-179.1123046875,-370.1123046875,-401.0,1.0,1.0,1.0,True,MET_SHORT,174587904,174587904,129.9398358311335,True,332.5756273974811,True,193.0735521,True,True
1.3.6.1.4.1.14519.5.2.1.6279.6001.233652865358649579816568545171,-67.1632622,34.25872475,-138.0189691,5.957179253,6,512,512,129,0.625,0.625,2.5,-154.0,-169.7,-325.75,1.0,1.0,1.0,True,MET_SHORT,67633152,67633152,138.93878048,True,326.33395959999996,True,75.09241236,True,True
1.3.6.1.4.1.14519.5.2.1.6279.6001.235364978775280910367690540811,64.68198292,32.10248901,-236.2047709,11.60251126,2,512,512,246,0.5664060115814209,0.5664060115814209,1.25,-144.5,-145.0,-324.804993,1.0,1.0,1.0,True,MET_SHORT,128974848,128974848,369.31455288752716,True,312.6776294543998,True,70.88017768000002,True,True
1.3.6.1.4.1.14519.5.2.1.6279.6001.237215747217294006286437405216,-59.75176891,-45.51209719,-84.77197151,5.52981148,9,512,512,250,0.703125,0.703125,1.25,-184.600006,-174.800003,-282.230011,1.0,1.0,1.0,True,MET_SHORT,131072000,131072000,177.56193719466665,True,183.87613270755557,True,157.966431592,True,True
1.3.6.1.4.1.14519.5.2.1.6279.6001.237428977311365557972720635401,-47.90112947,-52.76024068,-155.8593999,5.498575682,3,512,512,238,0.6640620231628418,0.6640620231628418,1.25,-164.300003,-157.600006,-299.75,1.0,1.0,1.0,True,MET_SHORT,124780544,124780544,175.28313541498304,True,157.8764658467619,True,115.11248008,True,True
1.3.6.1.4.1.14519.5.2.1.6279.6001.238019241099704094018548301753,-58.14574208,-55.41029389,-195.8649752,6.006388591,7,512,512,513,0.703125,0.703125,0.625,-180.0,-180.0,-331.845001,1.0,1.0,1.0,True,MET_SHORT,268959744,268959744,173.30383348622223,True,177.1942486897778,True,217.56804128000005,True,True
1.3.6.1.4.1.14519.5.2.1.6279.6001.238855414831158993232534884296,-87.67051321,26.78212237,-68.95236036,5.362783598,5,512,512,372,0.5859379768371582,0.5859379768371582,0.625,-148.399994,-150.0,-211.459991,1.0,1.0,1.0,True,MET_SHORT,195035136,195035136,103.6448962018342,True,301.70790998094094,True,228.01220902400001,True,True
1.3.6.1.4.1.14519.5.2.1.6279.6001.239358021703233250639913775427,67.94312597,-57.5603859,-192.0483809,5.143368003,8,512,512,133,0.6445310115814209,0.6445310115814209,2.5,-165.0,-151.0,-351.25,1.0,1.0,1.0,True,MET_SHORT,69730304,69730304,361.41492307476545,True,144.97303065485804,True,63.68064764,True,True
1.3.6.1.4.1.14519.5.2.1.6279.6001.239358021703233250639913775427,-89.03608095,-4.521104786,-184.3910257,5.494770376,8,512,512,133,0.6445310115814209,0.6445310115814209,2.5,-165.0,-151.0,-351.25,1.0,1.0,1.0,True,MET_SHORT,69730304,69730304,117.85921497185213,True,227.2643093690705,True,66.74358972,True,True
1.3.6.1.4.1.14519.5.2.1.6279.6001.239358021703233250639913775427,-50.06071754,84.28251833,-182.0021641,7.016006655,8,512,512,133,0.6445310115814209,0.6445310115814209,2.5,-165.0,-151.0,-351.25,1.0,1.0,1.0,True,MET_SHORT,69730304,69730304,178.3301042070653,True,365.04452710927126,True,67.69913436,True,True
1.3.6.1.4.1.14519.5.2.1.6279.6001.239358021703233250639913775427,52.03768945,-57.49443854,-179.1694878,6.197677084,8,512,512,133,0.6445310115814209,0.6445310115814209,2.5,-165.0,-151.0,-351.25,1.0,1.0,1.0,True,MET_SHORT,69730304,69730304,336.7373881940552,True,145.07534902094906,True,68.83220487999999,True,True
1.3.6.1.4.1.14519.5.2.1.6279.6001.239358021703233250639913775427,-55.35427856,-21.73921101,-170.024255,6.567796504,8,512,512,133,0.6445310115814209,0.6445310115814209,2.5,-165.0,-151.0,-351.25,1.0,1.0,1.0,True,MET_SHORT,69730304,69730304,170.1170610409782,True,200.5501468003003,True,72.490298,True,True
1.3.6.1.4.1.14519.5.2.1.6279.6001.239358021703233250639913775427,55.67723378,85.91442717,-184.7025172,5.810350051,8,512,512,133,0.6445310115814209,0.6445310115814209,2.5,-165.0,-151.0,-351.25,1.0,1.0,1.0,True,MET_SHORT,69730304,69730304,342.38419845547304,True,367.5764593370099,True,66.61899312,True,True
1.3.6.1.4.1.14519.5.2.1.6279.6001.239358021703233250639913775427,45.20399101,82.20492377,-187.3730159,6.104617991,8,512,512,133,0.6445310115814209,0.6445310115814209,2.5,-165.0,-151.0,-351.25,1.0,1.0,1.0,True,MET_SHORT,69730304,69730304,326.13479760150506,True,361.8211064783501,True,65.55079364,True,True
1.3.6.1.4.1.14519.5.2.1.6279.6001.239358021703233250639913775427,67.70370235,-42.03608191,-177.5220588,4.898202157,8,512,512,133,0.6445310115814209,0.6445310115814209,2.5,-165.0,-151.0,-351.25,1.0,1.0,1.0,True,MET_SHORT,69730304,69730304,361.0434535632946,True,169.05923242179796,True,69.49117648000001,True,True
1.3.6.1.4.1.14519.5.2.1.6279.6001.240969450540588211676803094518,-67.89250682,66.62625425,-201.7299033,6.232717756,2,512,512,133,0.703125,0.703125,2.5,-198.0,-180.0,-341.0,1.0,1.0,1.0,True,MET_SHORT,69730304,69730304,185.04176807822222,True,350.7573393777778,True,55.70803868,True,True
1.3.6.1.4.1.14519.5.2.1.6279.6001.240969450540588211676803094518,78.57938299,-32.83961731,-117.1172356,5.981259208,2,512,512,133,0.703125,0.703125,2.5,-198.0,-180.0,-341.0,1.0,1.0,1.0,True,MET_SHORT,69730304,69730304,393.3573446968889,True,209.29476649244447,True,89.55310576,True,True
1.3.6.1.4.1.14519.5.2.1.6279.6001.241083615484551649610616348856,37.2907856,-153.930576,-230.4874106,8.361662881,8,512,512,159,0.64453125,0.64453125,1.7999999523162842,-179.677734375,-358.677734375,-331.9,1.0,1.0,1.0,True,MET_SHORT,83361792,83361792,336.6299461430303,True,317.66831844848485,True,56.34032893695345,True,True
1.3.6.1.4.1.14519.5.2.1.6279.6001.241570579760883349458693655367,-124.4281777,127.7209789,1633.223987,5.253525386,0,512,512,325,0.611328125,0.611328125,1.0,-160.5,-52.2845135,1539.0,1.0,1.0,1.0,True,MET_SHORT,170393600,170393600,59.005664592971236,True,294.44987894185306,True,94.22398700000008,True,True
1.3.6.1.4.1.14519.5.2.1.6279.6001.241717018262666382493757419144,31.3515371,49.9935034,-93.09019002,9.953169615,6,512,512,257,0.8515620231628418,0.8515620231628418,1.25,-226.3,-218.0,-310.0,1.0,1.0,1.0,True,MET_SHORT,134742016,134742016,302.5634423468531,True,314.7081435179882,True,173.527847984,True,True
1.3.6.1.4.1.14519.5.2.1.6279.6001.241717018262666382493757419144,84.46996514,54.58091128,-216.1892685,4.257333181,6,512,512,257,0.8515620231628418,0.8515620231628418,1.25,-226.3,-218.0,-310.0,1.0,1.0,1.0,True,MET_SHORT,134742016,134742016,364.9410808454669,True,320.0951943201853,True,75.0485852,True,True
1.3.6.1.4.1.14519.5.2.1.6279.6001.242624386080831911167122628616,-70.05203824,-177.2863673,-196.0178473,4.481196844,7,512,512,429,0.5859375,0.5859375,0.699999988079071,-149.70703,-317.70703,-367.0,1.0,1.0,1.0,True,MET_SHORT,224919552,224919552,135.9445192704,True,239.6512643413333,True,244.26022230258394,True,True
1.3.6.1.4.1.14519.5.2.1.6279.6001.242624386080831911167122628616,-105.4904536,-195.789589,-231.9827617,7.340286975,7,512,512,429,0.5859375,0.5859375,0.699999988079071,-149.70703,-317.70703,-367.0,1.0,1.0,1.0,True,MET_SHORT,224919552,224919552,75.46295705600001,True,208.07243263999996,True,192.881772284757,True,True
1.3.6.1.4.1.14519.5.2.1.6279.6001.242761658169703141430370511586,-112.2957484,97.35768343,-324.5095395,10.43124188,4,512,512,149,0.7421879768371582,0.7421879768371582,2.5,-194.100006,-165.199997,-404.75,1.0,1.0,1.0,True,MET_SHORT,78118912,78118912,110.22040258400534,True,353.76170003304594,True,32.096184199999996,True,True
1.3.6.1.4.1.14519.5.2.1.6279.6001.243094273518213382155770295147,36.10138756,56.74686,-225.4606863,15.27003429,1,512,512,150,0.78125,0.78125,2.5,-208.300003,-200.0,-414.75,1.0,1.0,1.0,True,MET_SHORT,78643200,78643200,312.83377991680004,True,328.63598079999997,True,75.71572548,True,True
1.3.6.1.4.1.14519.5.2.1.6279.6001.243094273518213382155770295147,88.04700244,82.06805138,-235.1776874,9.514315903,1,512,512,150,0.78125,0.78125,2.5,-208.300003,-200.0,-414.75,1.0,1.0,1.0,True,MET_SHORT,78643200,78643200,379.32416696319996,True,361.04710576639997,True,71.82892504,True,True
1.3.6.1.4.1.14519.5.2.1.6279.6001.243094273518213382155770295147,76.8032595,80.64710662,-206.0164263,8.220380612,1,512,512,150,0.78125,0.78125,2.5,-208.300003,-200.0,-414.75,1.0,1.0,1.0,True,MET_SHORT,78643200,78643200,364.932176,True,359.2282964736,True,83.49342948,True,True
1.3.6.1.4.1.14519.5.2.1.6279.6001.243094273518213382155770295147,45.57006602,34.24015941,-140.1768512,12.99686424,1,512,512,150,0.78125,0.78125,2.5,-208.300003,-200.0,-414.75,1.0,1.0,1.0,True,MET_SHORT,78643200,78643200,324.9536883456,True,299.8274040448,True,109.82925952000001,True,True
1.3.6.1.4.1.14519.5.2.1.6279.6001.243094273518213382155770295147,62.56152545,73.24041758,-255.6159586,12.13959395,1,512,512,150,0.78125,0.78125,2.5,-208.300003,-200.0,-414.75,1.0,1.0,1.0,True,MET_SHORT,78643200,78643200,346.702756416,True,349.74773450239996,True,63.65361656,True,True
1.3.6.1.4.1.14519.5.2.1.6279.6001.244204120220889433826451158706,-97.40113449,23.34590944,-151.9773605,7.370224529,3,512,512,251,0.8085939884185791,0.8085939884185791,1.25,-194.6,-207.0,-330.0,0.9999999999999999,0.9999999999999999,1.0,True,MET_SHORT,131596288,131596288,120.20725716759071,True,284.8721518329648,True,142.4181116,True,True
1.3.6.1.4.1.14519.5.2.1.6279.6001.244204120220889433826451158706,34.04035793,29.47635335,-156.4414006,6.018626532,3,512,512,251,0.8085939884185791,0.8085939884185791,1.25,-194.6,-207.0,-330.0,0.9999999999999999,0.9999999999999999,1.0,True,MET_SHORT,131596288,131596288,282.76287136040565,True,292.4537613895603,True,138.84687952,True,True
1.3.6.1.4.1.14519.5.2.1.6279.6001.244442540088515471945035689377,74.06556161,-121.2537719,-208.5776702,6.429381085,5,512,512,425,0.5390625,0.5390625,0.699999988079071,-145.73047,-278.73047,-361.5,1.0,1.0,1.0,True,MET_SHORT,222822400,222822400,407.7375658852174,True,292.1306863304348,True,218.46047486321686,True,True
1.3.6.1.4.1.14519.5.2.1.6279.6001.244447966386688625240438849169,-102.5054319,184.7539324,-376.0209821,5.217135106,3,512,512,272,0.67578125,0.67578125,1.0,-184.0,-48.2291393,-585.799988,1.0,1.0,1.0,True,MET_SHORT,142606336,142606336,120.59311811329479,True,344.7610771976878,True,209.77900589999996,True,True
1.3.6.1.4.1.14519.5.2.1.6279.6001.244590453955380448651329424024,-53.48738674,-155.8038863,-244.9570362,5.694304171,4,512,512,421,0.66796875,0.66796875,0.699999988079071,-164.66602,-353.66602,-385.0,1.0,1.0,1.0,True,MET_SHORT,220725248,220725248,166.44286616701754,True,296.21465629941525,True,200.06138026416784,True,True
1.3.6.1.4.1.14519.5.2.1.6279.6001.244681063194071446501270815660,-54.53295263,-122.3417894,-106.8530672,12.06823325,3,512,512,167,0.6640625,0.6640625,1.7999999523162842,-162.66797,-327.66797,-338.8,1.0,1.0,1.0,True,MET_SHORT,87556096,87556096,162.8386143924706,True,309.197071962353,True,128.85941052471975,True,True
1.3.6.1.4.1.14519.5.2.1.6279.6001.245248446973732759194067808002,132.7235076,-2.482715594,-178.7296901,5.676359559,6,512,512,500,0.703125,0.703125,0.625,-160.300003,-180.0,-339.695007,1.0,1.0,1.0,True,MET_SHORT,262144000,262144000,416.7445484088889,True,252.46902671075554,True,257.54450704,True,True
1.3.6.1.4.1.14519.5.2.1.6279.6001.245391706475696258069508046497,104.3487739,-50.6450938,-178.7102944,5.696507379,5,512,512,128,0.6113280057907104,0.6113280057907104,2.5,-156.0,-143.0,-345.100006,1.0,1.0,1.0,True,MET_SHORT,67108864,67108864,425.87411575109644,True,151.07259167776115,True,66.55588464,True,True
1.3.6.1.4.1.14519.5.2.1.6279.6001.246225645401227472829175288633,85.10312764,68.1231479,1552.672487,6.858527982,5,512,512,335,0.623046875,0.623046875,1.0,-171.5,-67.5,1370.0,1.0,1.0,1.0,True,MET_SHORT,175636480,175636480,411.85204185479625,True,217.67727813416926,True,182.67248700000005,True,True
1.3.6.1.4.1.14519.5.2.1.6279.6001.246758220302211646532176593724,102.2399542,65.22379138,1561.838456,3.973281304,7,512,512,300,0.654296875,0.654296875,1.0,-169.5,-101.5,1395.5,1.0,1.0,1.0,True,MET_SHORT,157286400,157286400,415.3159897026866,True,254.81367518376118,True,166.33845599999995,True,True
1.3.6.1.4.1.14519.5.2.1.6279.6001.246758220302211646532176593724,79.74714343,43.96384249,1624.371493,4.297245295,7,512,512,300,0.654296875,0.654296875,1.0,-169.5,-101.5,1395.5,1.0,1.0,1.0,True,MET_SHORT,157286400,157286400,380.9389177198806,True,222.32085777576117,True,228.8714930000001,True,True
1.3.6.1.4.1.14519.5.2.1.6279.6001.247060297988514823071467295949,130.8516193,88.73648159,-200.0790996,6.009066896,8,512,512,261,0.703125,0.703125,1.25,-180.0,-172.199997,-314.0,1.0,1.0,1.0,True,MET_SHORT,136839168,136839168,442.1000807822223,True,371.10965843911106,True,91.13672032,True,True
1.3.6.1.4.1.14519.5.2.1.6279.6001.247769845138587733933485039556,146.8476333,-9.053466102,-165.6777809,5.784239296,1,512,512,436,0.703125,0.703125,0.625,-171.199997,-190.399994,-246.639999,1.0,1.0,1.0,True,MET_SHORT,228589568,228589568,452.33440753777785,True,257.9150618993778,True,129.53954896,True,True
1.3.6.1.4.1.14519.5.2.1.6279.6001.247769845138587733933485039556,-101.1317473,-66.59775552,-149.2552797,6.605182062,1,512,512,436,0.703125,0.703125,0.625,-171.199997,-190.399994,-246.639999,1.0,1.0,1.0,True,MET_SHORT,228589568,228589568,99.65262179555555,True,176.0742947271111,True,155.81555088,True,True
1.3.6.1.4.1.14519.5.2.1.6279.6001.247769845138587733933485039556,-113.1069633,-65.53102431,-141.3337001,3.994313797,1,512,512,436,0.703125,0.703125,0.625,-171.199997,-190.399994,-246.639999,1.0,1.0,1.0,True,MET_SHORT,228589568,228589568,82.62120348444444,True,177.5914235591111,True,168.49007824,True,True
1.3.6.1.4.1.14519.5.2.1.6279.6001.247816269490470394602288565775,-77.92733327,201.3950992,-334.2187716,4.686873877,6,512,512,590,0.626953125,0.626953125,0.45000001788139343,-193.5,-32.1303682,-564.400024,1.0,1.0,1.0,True,MET_SHORT,309329920,309329920,184.3402036316511,True,372.47675797133957,True,511.51387389648704,True,True
1.3.6.1.4.1.14519.5.2.1.6279.6001.247816269490470394602288565775,30.32154661,113.8050094,-401.1255093,12.65708157,6,512,512,590,0.626953125,0.626953125,0.45000001788139343,-193.5,-32.1303682,-564.400024,1.0,1.0,1.0,True,MET_SHORT,309329920,309329920,356.99885315987535,True,232.76920040872275,True,362.83224047123116,True,True
1.3.6.1.4.1.14519.5.2.1.6279.6001.248357157975955379661896491341,93.40756606,32.61451529,-183.9276734,6.405074711,4,512,512,117,0.703125,0.703125,2.5,-183.2,-180.0,-315.25,1.0,1.0,1.0,True,MET_SHORT,61341696,61341696,393.39742728533326,True,302.3850884124444,True,52.52893064,True,True
1.3.6.1.4.1.14519.5.2.1.6279.6001.249032660919473722154870746474,-55.33524393,103.8208322,-99.0727983,4.443753341,7,512,512,293,0.6894530057907104,0.6894530057907104,1.25,-175.699997,-155.300003,-335.25,0.9999999999999999,0.9999999999999999,1.0,True,MET_SHORT,153616384,153616384,174.58006863275293,True,375.83538402711446,True,188.94176136000002,True,True
1.3.6.1.4.1.14519.5.2.1.6279.6001.249314567767437206995861966896,29.40142613,79.93102755,-273.0968803,16.77602203,8,512,512,238,0.78125,0.78125,1.25,-200.0,-200.0,-332.25,1.0,1.0,1.0,True,MET_SHORT,124780544,124780544,293.6338254464,True,358.311715264,True,47.322495759999995,True,True
1.3.6.1.4.1.14519.5.2.1.6279.6001.249314567767437206995861966896,67.01986114,2.845989356,-85.92605423,12.46806721,8,512,512,238,0.78125,0.78125,1.25,-200.0,-200.0,-332.25,1.0,1.0,1.0,True,MET_SHORT,124780544,124780544,341.7854222592,True,259.64286637568,True,197.059156616,True,True
1.3.6.1.4.1.14519.5.2.1.6279.6001.249404938669582150398726875826,61.14957634,65.36834984,-282.8838048,8.815802572,7,512,512,133,0.7421879768371582,0.7421879768371582,2.5,-169.300003,-190.0,-342.88501,1.0,1.0,1.0,True,MET_SHORT,69730304,69730304,310.50028635880534,True,344.07502925101926,True,24.000482080000005,True,True
1.3.6.1.4.1.14519.5.2.1.6279.6001.249404938669582150398726875826,-82.50977278,75.76669562,-284.3027222,6.765042258,7,512,512,133,0.7421879768371582,0.7421879768371582,2.5,-169.300003,-190.0,-342.88501,1.0,1.0,1.0,True,MET_SHORT,69730304,69730304,116.93834032431712,True,358.0854229848448,True,23.432915120000008,True,True
1.3.6.1.4.1.14519.5.2.1.6279.6001.249404938669582150398726875826,78.1449453,84.69417166,-181.0381686,8.279651627,7,512,512,133,0.7421879768371582,0.7421879768371582,2.5,-169.300003,-190.0,-342.88501,1.0,1.0,1.0,True,MET_SHORT,69730304,69730304,333.3992950875993,True,370.1140145527715,True,64.73873656,True,True
1.3.6.1.4.1.14519.5.2.1.6279.6001.249404938669582150398726875826,129.6606906,32.39491492,-174.1825371,11.36963426,7,512,512,133,0.7421879768371582,0.7421879768371582,2.5,-169.300003,-190.0,-342.88501,1.0,1.0,1.0,True,MET_SHORT,69730304,69730304,402.8099388971836,True,299.64769284964467,True,67.48098916000001,True,True
1.3.6.1.4.1.14519.5.2.1.6279.6001.249450003033735700817635168066,102.5994972,-85.18892956,-274.7995891,5.384158274,6,512,512,193,0.546875,0.546875,1.7999999523162842,-143.7265625,-270.7265625,-383.6,1.0,1.0,1.0,True,MET_SHORT,101187584,101187584,450.42479488,True,339.2688145188571,True,60.44467432345928,True,True
1.3.6.1.4.1.14519.5.2.1.6279.6001.249450003033735700817635168066,102.8516419,-142.9349464,-264.1177375,4.756333837,6,512,512,193,0.546875,0.546875,1.7999999523162842,-143.7265625,-270.7265625,-383.6,1.0,1.0,1.0,True,MET_SHORT,101187584,101187584,450.8858594742857,True,233.67609801142856,True,66.3790364806662,True,True
1.3.6.1.4.1.14519.5.2.1.6279.6001.249450003033735700817635168066,93.17781319,-61.86571862,-251.1174529,5.118324575,6,512,512,193,0.546875,0.546875,1.7999999523162842,-143.7265625,-270.7265625,-383.6,1.0,1.0,1.0,True,MET_SHORT,101187584,101187584,433.1965726902857,True,381.91697166628575,True,73.60141700532726,True,True
1.3.6.1.4.1.14519.5.2.1.6279.6001.249450003033735700817635168066,-108.2741578,-128.0277449,-247.6879925,7.070646904,6,512,512,193,0.546875,0.546875,1.7999999523162842,-143.7265625,-270.7265625,-383.6,1.0,1.0,1.0,True,MET_SHORT,101187584,101187584,64.82725430857143,True,260.93498075428573,True,75.50667283357708,True,True
1.3.6.1.4.1.14519.5.2.1.6279.6001.249530219848512542668813996730,-99.67287454,38.01094057,-117.1044624,4.683570528,0,512,512,481,0.6054689884185791,0.6054689884185791,0.625,-143.600006,-122.0,-271.059998,1.0,1.0,1.0,True,MET_SHORT,252182528,252182528,72.55058855240965,True,264.27603003736266,True,246.32885696000002,True,True
1.3.6.1.4.1.14519.5.2.1.6279.6001.249530219848512542668813996730,145.0481102,33.85318709,-189.8031919,6.242190906,0,512,512,481,0.6054689884185791,0.6054689884185791,0.625,-143.600006,-122.0,-271.059998,1.0,1.0,1.0,True,MET_SHORT,252182528,252182528,476.73476548141355,True,257.4090334454157,True,130.01088976,True,True
1.3.6.1.4.1.14519.5.2.1.6279.6001.249530219848512542668813996730,123.6737499,65.76589059,-210.8132276,10.83118822,0,512,512,481,0.6054689884185791,0.6054689884185791,0.625,-143.600006,-122.0,-271.059998,1.0,1.0,1.0,True,MET_SHORT,252182528,252182528,441.4326101128495,True,310.1164455679631,True,96.39483264,True,True
1.3.6.1.4.1.14519.5.2.1.6279.6001.250397690690072950000431855143,100.0021827,22.00611876,-147.0757546,8.871621958,1,512,512,246,0.7617189884185791,0.7617189884185791,1.25,-176.800003,-138.5,-315.25,1.0,1.0,1.0,True,MET_SHORT,128974848,128974848,363.3914736386904,True,210.71565918716317,True,134.53939631999998,True,True
1.3.6.1.4.1.14519.5.2.1.6279.6001.250397690690072950000431855143,-55.31574942,4.042374673,-154.7552924,5.970538617,1,512,512,246,0.7617189884185791,0.7617189884185791,1.25,-176.800003,-138.5,-315.25,1.0,1.0,1.0,True,MET_SHORT,128974848,128974848,159.48697016496337,True,187.1324948442407,True,128.39576608,True,True
1.3.6.1.4.1.14519.5.2.1.6279.6001.250397690690072950000431855143,-25.40860122,136.715217,-181.6943198,11.08601237,1,512,512,246,0.7617189884185791,0.7617189884185791,1.25,-176.800003,-138.5,-315.25,1.0,1.0,1.0,True,MET_SHORT,128974848,128974848,198.74967551262822,True,361.30806922823353,True,106.84454416000001,True,True
1.3.6.1.4.1.14519.5.2.1.6279.6001.250397690690072950000431855143,127.2115066,44.79847847,-164.7894133,7.72427841,1,512,512,246,0.7617189884185791,0.7617189884185791,1.25,-176.800003,-138.5,-315.25,1.0,1.0,1.0,True,MET_SHORT,128974848,128974848,399.1124210139027,True,240.6379271843411,True,120.36846935999999,True,True
1.3.6.1.4.1.14519.5.2.1.6279.6001.250397690690072950000431855143,120.2208995,50.312055,-132.1372108,5.251592099,1,512,512,246,0.7617189884185791,0.7617189884185791,1.25,-176.800003,-138.5,-315.25,1.0,1.0,1.0,True,MET_SHORT,128974848,128974848,389.93501148849055,True,247.87626128632644,True,146.49023136,True,True
1.3.6.1.4.1.14519.5.2.1.6279.6001.250397690690072950000431855143,101.082909,-3.953008029,-180.4023007,9.404294354,1,512,512,246,0.7617189884185791,0.7617189884185791,1.25,-176.800003,-138.5,-315.25,1.0,1.0,1.0,True,MET_SHORT,128974848,128974848,364.81027284998976,True,176.63599571061746,True,107.87815943999999,True,True
1.3.6.1.4.1.14519.5.2.1.6279.6001.250481236093201801255751845296,73.76386971,56.33474997,-111.8408463,4.084912815,9,512,512,548,0.78125,0.78125,0.625,-190.600006,-225.0,-278.570007,1.0,1.0,1.0,True,MET_SHORT,287309824,287309824,338.3857609088,True,360.10847996160004,True,266.76665711999993,True,True
1.3.6.1.4.1.14519.5.2.1.6279.6001.250863365157630276148828903732,-82.01433803,-28.01109961,-153.9073895,10.06186005,0,512,512,297,0.9492189884185791,0.9492189884185791,1.25,-242.5,-233.0,-390.0,1.0,1.0,1.0,True,MET_SHORT,155713536,155713536,169.0712722017633,True,215.95533053075167,True,188.8740884,True,True
1.3.6.1.4.1.14519.5.2.1.6279.6001.251215764736737018371915284679,-83.90348039,-43.19714842,-275.3149289,14.81279634,6,512,512,143,0.703125,0.703125,2.5,-182.100006,-169.600006,-385.5,1.0,1.0,1.0,True,MET_SHORT,74973184,74973184,139.65728086755556,True,179.7729530026667,True,44.074028440000006,True,True
1.3.6.1.4.1.14519.5.2.1.6279.6001.252358625003143649770119512644,-118.1529007,10.0091412,-172.2271819,7.083745614,4,512,512,503,0.703125,0.703125,0.625,-188.800003,-180.0,-318.505005,1.0,1.0,1.0,True,MET_SHORT,263716864,263716864,100.47587882666667,True,270.23522304,True,234.04451695999995,True,True
1.3.6.1.4.1.14519.5.2.1.6279.6001.252634638822000832774167856951,60.16096443,67.20210777,-97.95107479,19.57555466,2,512,512,245,0.7304689884185791,0.7304689884185791,1.25,-190.699997,-187.0,-300.0,1.0,1.0,1.0,True,MET_SHORT,128450560,128450560,343.4245195995229,True,347.9984938447997,True,161.63914016799998,True,True
1.3.6.1.4.1.14519.5.2.1.6279.6001.252697338970999211181671881792,-85.06548421,81.6029288,-149.5488028,5.285669845,3,512,512,213,0.6464840173721313,0.6464840173721313,1.25,-157.699997,-156.100006,-303.059998,1.0,1.0,1.0,True,MET_SHORT,111673344,111673344,112.35314538052977,True,367.68570979717293,True,122.80895616000001,True,True
1.3.6.1.4.1.14519.5.2.1.6279.6001.252814707117018427472206147014,-107.2159607,-18.51266964,-209.7539105,6.002516297,6,512,512,280,0.703125,0.703125,1.25,-165.0,-167.600006,-380.029999,1.0,1.0,1.0,True,MET_SHORT,146800640,146800640,82.18174478222222,True,212.0353228231111,True,136.2208708,True,True
1.3.6.1.4.1.14519.5.2.1.6279.6001.252814707117018427472206147014,61.32976859,84.76491799,-250.9065563,5.129855377,6,512,512,280,0.703125,0.703125,1.25,-165.0,-167.600006,-380.029999,1.0,1.0,1.0,True,MET_SHORT,146800640,146800640,321.8912264391111,True,358.919003008,True,103.29875415999997,True,True
1.3.6.1.4.1.14519.5.2.1.6279.6001.253322967203074795232627653819,78.91931222,28.0701114,-30.64770351,6.145856048,2,512,512,461,0.6445310115814209,0.6445310115814209,0.625,-181.0,-165.0,-270.875,1.0,1.0,1.0,True,MET_SHORT,241696768,241696768,403.2689002539414,True,299.5513139488561,True,384.36367438400003,True,True
1.3.6.1.4.1.14519.5.2.1.6279.6001.253322967203074795232627653819,-112.0234972,69.97418001,-99.2558482,4.341383521,2,512,512,461,0.6445310115814209,0.6445310115814209,0.625,-181.0,-165.0,-270.875,1.0,1.0,1.0,True,MET_SHORT,241696768,241696768,107.01812877980736,True,364.56613535703656,True,274.59064288,True,True
1.3.6.1.4.1.14519.5.2.1.6279.6001.253322967203074795232627653819,-81.57264551,-57.20275617,-167.9608443,4.730361001,2,512,512,461,0.6445310115814209,0.6445310115814209,0.625,-181.0,-165.0,-270.875,1.0,1.0,1.0,True,MET_SHORT,241696768,241696768,154.26310402977367,True,167.2491189609461,True,164.66264912000003,True,True
1.3.6.1.4.1.14519.5.2.1.6279.6001.254254303842550572473665729969,-58.69016149,-46.43839771,1449.3662,17.60680854,3,512,512,183,0.9459999799728394,0.9459999799728394,2.0,-258.789,-239.2578,1250.5,0.9999999999999999,0.9999999999999999,1.0,True,MET_SHORT,95944704,95944704,211.5209754187786,True,203.8260109641187,True,99.43309999999997,True,True
1.3.6.1.4.1.14519.5.2.1.6279.6001.254254303842550572473665729969,-36.28894981,37.1796656,1549.254705,12.31597935,3,512,512,183,0.9459999799728394,0.9459999799728394,2.0,-258.789,-239.2578,1250.5,0.9999999999999999,0.9999999999999999,1.0,True,MET_SHORT,95944704,95944704,235.20090370021808,True,292.21720026668163,True,149.37735250000003,True,True
1.3.6.1.4.1.14519.5.2.1.6279.6001.254473943359963613733707320244,76.68553038,79.72250117,-100.1052284,5.978370835,6,512,512,252,0.703125,0.703125,1.25,-174.300003,-180.0,-330.399994,1.0,1.0,1.0,True,MET_SHORT,132120576,132120576,356.9572030293333,True,369.3831127751111,True,184.23581248,True,True
1.3.6.1.4.1.14519.5.2.1.6279.6001.254473943359963613733707320244,-106.4518389,79.48717995,-194.2562157,3.586891724,6,512,512,252,0.703125,0.703125,1.25,-174.300003,-180.0,-330.399994,1.0,1.0,1.0,True,MET_SHORT,132120576,132120576,96.49516672000001,True,369.04843370666663,True,108.91502263999999,True,True
1.3.6.1.4.1.14519.5.2.1.6279.6001.254957696184671649675053562027,-86.96072327,-223.9393033,-156.5318361,5.580524027,8,512,512,201,0.6640625,0.6640625,1.7999999523162842,-188.66796875,-308.66796875,-410.5,1.0,1.0,1.0,True,MET_SHORT,105381888,105381888,153.15914613458824,True,127.59140208941176,True,141.0934281265883,True,True
1.3.6.1.4.1.14519.5.2.1.6279.6001.254957696184671649675053562027,94.79861345,-131.0465533,-139.7058976,6.073504253,8,512,512,201,0.6640625,0.6640625,1.7999999523162842,-188.66796875,-308.66796875,-410.5,1.0,1.0,1.0,True,MET_SHORT,105381888,105381888,426.8673237835294,True,267.4769550305882,True,150.44117198533007,True,True
1.3.6.1.4.1.14519.5.2.1.6279.6001.255999614855292116767517149228,-115.3501501,-13.63731068,-174.0566414,12.98553245,5,512,512,137,0.78125,0.78125,2.5,-208.199997,-167.0,-357.25,1.0,1.0,1.0,True,MET_SHORT,71827456,71827456,118.847804032,True,196.3042423296,True,73.27734344000001,True,True
1.3.6.1.4.1.14519.5.2.1.6279.6001.257383535269991165447822992959,-11.68147261,69.32037685,-177.9755523,5.146058962,8,512,512,133,0.703125,0.703125,2.5,-174.300003,-180.0,-350.945007,1.0,1.0,1.0,True,MET_SHORT,69730304,69730304,231.27968766577777,True,354.5889804088889,True,69.18778187999999,True,True
1.3.6.1.4.1.14519.5.2.1.6279.6001.257383535269991165447822992959,-14.23272252,54.11225209,-168.7037196,18.02111617,8,512,512,133,0.703125,0.703125,2.5,-174.300003,-180.0,-350.945007,1.0,1.0,1.0,True,MET_SHORT,69730304,69730304,227.65124334933333,True,332.9596474168889,True,72.89651495999999,True,True
1.3.6.1.4.1.14519.5.2.1.6279.6001.257383535269991165447822992959,-47.10027725,55.21237511,-132.715981,13.80566396,8,512,512,133,0.703125,0.703125,2.5,-174.300003,-180.0,-350.945007,1.0,1.0,1.0,True,MET_SHORT,69730304,69730304,180.9062766222222,True,334.52426682311113,True,87.2916104,True,True
1.3.6.1.4.1.14519.5.2.1.6279.6001.257383535269991165447822992959,-43.72223094,80.4630221,-116.2138052,8.896326902,8,512,512,133,0.703125,0.703125,2.5,-174.300003,-180.0,-350.945007,1.0,1.0,1.0,True,MET_SHORT,69730304,69730304,185.710609152,True,370.43629809777775,True,93.89248072,True,True
1.3.6.1.4.1.14519.5.2.1.6279.6001.257515388956260258681136624817,-42.79341777,-131.4626408,-226.1803103,12.65179825,8,512,512,324,0.720703125,0.720703125,1.0,-176.1396484375,-324.1396484375,-339.0,1.0,1.0,1.0,True,MET_SHORT,169869312,169869312,185.02241219989162,True,267.34587509593496,True,112.8196897,True,True
1.3.6.1.4.1.14519.5.2.1.6279.6001.257515388956260258681136624817,86.76513695,-104.194718,-197.5664809,5.436792782,8,512,512,324,0.720703125,0.720703125,1.0,-176.1396484375,-324.1396484375,-339.0,1.0,1.0,1.0,True,MET_SHORT,169869312,169869312,364.78929571382116,True,305.1810416910569,True,141.4335191,True,True
1.3.6.1.4.1.14519.5.2.1.6279.6001.257840703452266097926250569223,-92.27396082,49.15940214,-179.9056886,6.358950284,5,512,512,119,0.703125,0.703125,2.5,-171.2,-180.0,-325.0,1.0,1.0,1.0,True,MET_SHORT,62390272,62390272,112.25036683377776,True,325.9155941546667,True,58.03772456,True,True
1.3.6.1.4.1.14519.5.2.1.6279.6001.257840703452266097926250569223,102.2669667,60.33818513,-151.4941817,5.520478941,5,512,512,119,0.703125,0.703125,2.5,-171.2,-180.0,-325.0,1.0,1.0,1.0,True,MET_SHORT,62390272,62390272,388.93079708444446,True,341.81430774044446,True,69.40232732,True,True
1.3.6.1.4.1.14519.5.2.1.6279.6001.258220324170977900491673635112,63.26966891,77.36318965,-225.9292676,13.44804609,5,512,512,465,0.5859379768371582,0.5859379768371582,0.625,-153.199997,-150.0,-301.875,1.0,1.0,1.0,True,MET_SHORT,243793920,243793920,369.4412625009976,True,388.03286122071574,True,121.51317184,True,True
1.3.6.1.4.1.14519.5.2.1.6279.6001.258220324170977900491673635112,95.0892826,1.698275943,-126.7249875,4.501806204,5,512,512,465,0.5859379768371582,0.5859379768371582,0.625,-153.199997,-150.0,-301.875,1.0,1.0,1.0,True,MET_SHORT,243793920,243793920,423.74669233805895,True,258.89818025084156,True,280.24002,True,True
1.3.6.1.4.1.14519.5.2.1.6279.6001.259123825760999546551970425757,-41.61771193,178.4096622,-381.2501196,19.310152,4,512,512,275,0.724609375,0.724609375,1.0,-194.605842,-64.1392937,-591.0,1.0,1.0,1.0,True,MET_SHORT,144179200,144179200,211.13186683514826,True,334.73063455741243,True,209.7498804,True,True
1.3.6.1.4.1.14519.5.2.1.6279.6001.259123825760999546551970425757,-53.43332809,148.1412784,-393.7043538,4.013764282,4,512,512,275,0.724609375,0.724609375,1.0,-194.605842,-64.1392937,-591.0,1.0,1.0,1.0,True,MET_SHORT,144179200,144179200,194.82567957390833,True,292.95863319460915,True,197.29564620000002,True,True
1.3.6.1.4.1.14519.5.2.1.6279.6001.259123825760999546551970425757,-40.57117818,122.6396589,-434.5711893,5.744030221,4,512,512,275,0.724609375,0.724609375,1.0,-194.605842,-64.1392937,-591.0,1.0,1.0,1.0,True,MET_SHORT,144179200,144179200,212.57613982706198,True,257.76502353423183,True,156.42881069999999,True,True
1.3.6.1.4.1.14519.5.2.1.6279.6001.259123825760999546551970425757,110.9646084,136.259879,-527.2449875,4.983754092,4,512,512,275,0.724609375,0.724609375,1.0,-194.605842,-64.1392937,-591.0,1.0,1.0,1.0,True,MET_SHORT,144179200,144179200,421.70369435256066,True,276.561661515903,True,63.75501250000002,True,True
1.3.6.1.4.1.14519.5.2.1.6279.6001.259123825760999546551970425757,-49.10667981,117.2006652,-438.8990091,3.589491744,4,512,512,275,0.724609375,0.724609375,1.0,-194.605842,-64.1392937,-591.0,1.0,1.0,1.0,True,MET_SHORT,144179200,144179200,200.79668744280323,True,250.25891902102427,True,152.1009909,True,True
1.3.6.1.4.1.14519.5.2.1.6279.6001.259124675432205040899951626253,-59.76229837,-62.2617989,-167.156639,4.793159505,8,512,512,477,0.6835939884185791,0.6835939884185791,0.625,-161.5,-160.0,-301.730011,1.0,1.0,1.0,True,MET_SHORT,250085376,250085376,148.82767162034176,True,142.9769757427311,True,215.31739519999996,True,True
1.3.6.1.4.1.14519.5.2.1.6279.6001.259227883564429312164962953756,-29.1228645,48.5569787,-85.50543462,10.72670328,2,512,512,245,0.546875,0.546875,1.2499998807907104,-155.300003,-127.599998,-289.359985,1.0,1.0,1.0,True,MET_SHORT,128450560,128450560,230.72391040000002,True,322.11561453714285,True,163.08365585686937,True,True
1.3.6.1.4.1.14519.5.2.1.6279.6001.259543921154154401875872845498,-56.22044118,-34.51721529,-144.2330617,4.958169738,1,512,512,506,0.703125,0.703125,0.625,-167.0,-172.699997,-304.690002,1.0,1.0,1.0,True,MET_SHORT,265289728,265289728,157.5531503217778,True,196.52662287644443,True,256.73110448,True,True
1.3.6.1.4.1.14519.5.2.1.6279.6001.259543921154154401875872845498,-62.78408473,-54.35912078,-153.7498201,6.179309944,1,512,512,506,0.703125,0.703125,0.625,-167.0,-172.699997,-304.690002,1.0,1.0,1.0,True,MET_SHORT,265289728,265289728,148.21819060622224,True,168.30702395733334,True,241.50429104,True,True
1.3.6.1.4.1.14519.5.2.1.6279.6001.259543921154154401875872845498,-56.69302662,-71.39766503,-160.153874,6.024061049,1,512,512,506,0.703125,0.703125,0.625,-167.0,-172.699997,-304.690002,1.0,1.0,1.0,True,MET_SHORT,265289728,265289728,156.8810288071111,True,144.07442769066665,True,231.25780479999997,True,True
1.3.6.1.4.1.14519.5.2.1.6279.6001.261700367741314729940340271960,21.13605804,3.015375203,-90.46574675,3.968197931,7,512,512,133,0.703125,0.703125,2.5,-189.8,-180.0,-373.75,1.0,1.0,1.0,True,MET_SHORT,69730304,69730304,299.99794921244444,True,260.28853362204444,True,113.3137013,True,True
1.3.6.1.4.1.14519.5.2.1.6279.6001.262736997975960398949912434623,-101.395296,-125.8650982,-179.2955087,4.570090698,5,512,512,182,0.625,0.625,1.7999999523162842,-159.6875,-304.6875,-355.8,1.0,1.0,1.0,True,MET_SHORT,95420416,95420416,93.2675264,True,286.11584288,True,98.05805331987354,True,True
1.3.6.1.4.1.14519.5.2.1.6279.6001.262736997975960398949912434623,-77.84509313,-185.9564699,-134.911108,3.805906302,5,512,512,182,0.625,0.625,1.7999999523162842,-159.6875,-304.6875,-355.8,1.0,1.0,1.0,True,MET_SHORT,95420416,95420416,130.947850992,True,189.96964816,True,122.71605436197636,True,True
1.3.6.1.4.1.14519.5.2.1.6279.6001.262873069163227096134627700599,36.99117198,75.96897009,-211.922723,7.968882541,8,512,512,238,0.703125,0.703125,1.25,-173.800003,-180.0,-303.079987,1.0,1.0,1.0,True,MET_SHORT,124780544,124780544,299.7918933048889,True,364.04475746133335,True,72.92581120000003,True,True
1.3.6.1.4.1.14519.5.2.1.6279.6001.262873069163227096134627700599,-55.69319085,73.99821874,-147.3502844,14.67752407,8,512,512,238,0.703125,0.703125,1.25,-173.800003,-180.0,-303.079987,1.0,1.0,1.0,True,MET_SHORT,124780544,124780544,167.97413283555554,True,361.2419110968889,True,124.58376208000001,True,True
1.3.6.1.4.1.14519.5.2.1.6279.6001.264251211689085893915477907261,-96.83638558,24.05696088,-138.4551231,5.406806871,7,512,512,503,0.7421879768371582,0.7421879768371582,0.625,-190.5,-197.800003,-300.920013,1.0,1.0,1.0,True,MET_SHORT,263716864,263716864,126.19931519121135,True,298.9228750719538,True,259.94382383999994,True,True
1.3.6.1.4.1.14519.5.2.1.6279.6001.264251211689085893915477907261,-50.68978766,45.876185,-110.4343429,5.934589046,7,512,512,503,0.7421879768371582,0.7421879768371582,0.625,-190.5,-197.800003,-300.920013,1.0,1.0,1.0,True,MET_SHORT,263716864,263716864,188.37574402081083,True,328.32138973529135,True,304.77707216,True,True
1.3.6.1.4.1.14519.5.2.1.6279.6001.264251211689085893915477907261,-72.81004385,-35.14068792,-78.38709823,5.713817831,7,512,512,503,0.7421879768371582,0.7421879768371582,0.625,-190.5,-197.800003,-300.920013,1.0,1.0,1.0,True,MET_SHORT,263716864,263716864,158.57162851321976,True,219.16188372273876,True,356.05266363199996,True,True
1.3.6.1.4.1.14519.5.2.1.6279.6001.265453131727473342790950829556,88.51247939,-68.10352403,-147.9907896,4.720379813,2,512,512,347,0.625,0.625,1.0,-151.6875,-347.6875,-308.6,1.0,1.0,1.0,True,MET_SHORT,181927936,181927936,384.319967024,True,447.33436155199996,True,160.60921040000002,True,True
1.3.6.1.4.1.14519.5.2.1.6279.6001.265453131727473342790950829556,-80.45493331,-84.32187708,-128.7269511,6.111922058,2,512,512,347,0.625,0.625,1.0,-151.6875,-347.6875,-308.6,1.0,1.0,1.0,True,MET_SHORT,181927936,181927936,113.972106704,True,421.38499667200006,True,179.87304890000001,True,True
1.3.6.1.4.1.14519.5.2.1.6279.6001.265453131727473342790950829556,57.60716664,-75.94085727,-109.5389192,7.664341312,2,512,512,347,0.625,0.625,1.0,-151.6875,-347.6875,-308.6,1.0,1.0,1.0,True,MET_SHORT,181927936,181927936,334.871466624,True,434.794628368,True,199.0610808,True,True
1.3.6.1.4.1.14519.5.2.1.6279.6001.265453131727473342790950829556,84.50307774,-76.27875698,-89.27114991,6.705330851,2,512,512,347,0.625,0.625,1.0,-151.6875,-347.6875,-308.6,1.0,1.0,1.0,True,MET_SHORT,181927936,181927936,377.90492438399997,True,434.25398883199995,True,219.32885009,True,True
1.3.6.1.4.1.14519.5.2.1.6279.6001.265453131727473342790950829556,79.6430395,-114.6833702,-74.70024737,4.858789829,2,512,512,347,0.625,0.625,1.0,-151.6875,-347.6875,-308.6,1.0,1.0,1.0,True,MET_SHORT,181927936,181927936,370.12886319999996,True,372.80660767999996,True,233.89975263000002,True,True
1.3.6.1.4.1.14519.5.2.1.6279.6001.265775376735520890308424143898,0.378580731,213.6507752,-676.932069,5.866867348,4,512,512,300,0.63671875,0.63671875,1.0,-145.038595,-30.7003365,-864.900024,1.0,1.0,1.0,True,MET_SHORT,157286400,157286400,228.3852575897914,True,383.7661631607362,True,187.96795500000007,True,True
1.3.6.1.4.1.14519.5.2.1.6279.6001.265775376735520890308424143898,-69.1757411,218.0526254,-668.5012726,4.441200069,4,512,512,300,0.63671875,0.63671875,1.0,-145.038595,-30.7003365,-864.900024,1.0,1.0,1.0,True,MET_SHORT,157286400,157286400,119.14656808834354,True,390.67949844417177,True,196.39875140000004,True,True
1.3.6.1.4.1.14519.5.2.1.6279.6001.265775376735520890308424143898,81.09750567,241.7018527,-701.3822918,4.227905054,4,512,512,300,0.63671875,0.63671875,1.0,-145.038595,-30.7003365,-864.900024,1.0,1.0,1.0,True,MET_SHORT,157286400,157286400,355.1585384755828,True,427.8218431607362,True,163.51773220000007,True,True
1.3.6.1.4.1.14519.5.2.1.6279.6001.265780642925621389994857727416,-96.92511861,-19.80447862,-120.1001986,10.60627713,9,512,512,236,0.703125,0.703125,1.25,-159.800003,-180.0,-296.0,1.0,1.0,1.0,True,MET_SHORT,123731968,123731968,89.42205779911112,True,227.83363040711112,True,140.71984112,True,True
1.3.6.1.4.1.14519.5.2.1.6279.6001.265960756233787099041040311282,116.3125797,12.94951993,-80.41107871,4.554576075,4,512,512,535,0.6640620231628418,0.6640620231628418,0.625,-174.699997,-153.399994,-334.75,1.0,1.0,1.0,True,MET_SHORT,280494080,280494080,438.23101841292566,True,250.5029773238631,True,406.942274064,True,True
1.3.6.1.4.1.14519.5.2.1.6279.6001.267519732763035023633235877753,-85.25444741,-46.79571211,-180.6569421,6.856554178,2,512,512,426,0.7421879768371582,0.7421879768371582,0.625,-188.399994,-164.600006,-265.625,1.0,1.0,1.0,True,MET_SHORT,223346688,223346688,138.9749629595939,True,158.72568347445377,True,135.94889264,True,True
1.3.6.1.4.1.14519.5.2.1.6279.6001.267519732763035023633235877753,-90.23807193,-88.54741894,-174.9446668,4.746983627,2,512,512,426,0.7421879768371582,0.7421879768371582,0.625,-188.399994,-164.600006,-265.625,1.0,1.0,1.0,True,MET_SHORT,223346688,223346688,132.26018897303894,True,102.47078830904658,True,145.08853312000002,True,True
1.3.6.1.4.1.14519.5.2.1.6279.6001.267519732763035023633235877753,24.60583341,-33.45402892,-45.67999081,4.680676552,2,512,512,426,0.7421879768371582,0.7421879768371582,0.625,-188.399994,-164.600006,-265.625,1.0,1.0,1.0,True,MET_SHORT,223346688,223346688,286.9971409638385,True,176.70183453911497,True,351.912014704,True,True
1.3.6.1.4.1.14519.5.2.1.6279.6001.267957701183569638795986183786,-65.84352891,-77.23814671,354.4514823,4.406865675,2,512,512,368,0.623046875,0.623046875,1.0,-168.1884765625,-297.1884765625,37.5,1.0,1.0,1.0,True,MET_SHORT,192937984,192937984,164.26524513504702,True,353.0237269105956,True,316.9514823,True,True
1.3.6.1.4.1.14519.5.2.1.6279.6001.267957701183569638795986183786,-71.45458891,-176.2479812,241.8137726,7.977820653,2,512,512,368,0.623046875,0.623046875,1.0,-168.1884765625,-297.1884765625,37.5,1.0,1.0,1.0,True,MET_SHORT,192937984,192937984,155.25940588739812,True,194.11139067586208,True,204.3137726,True,True
1.3.6.1.4.1.14519.5.2.1.6279.6001.267957701183569638795986183786,-97.8083916,-183.2310149,249.2611219,4.198740236,2,512,512,368,0.623046875,0.623046875,1.0,-168.1884765625,-297.1884765625,37.5,1.0,1.0,1.0,True,MET_SHORT,192937984,192937984,112.96113950094045,True,182.9035121354232,True,211.7611219,True,True
1.3.6.1.4.1.14519.5.2.1.6279.6001.267957701183569638795986183786,-93.68123544,-176.0318756,213.2126387,23.93362973,2,512,512,368,0.623046875,0.623046875,1.0,-168.1884765625,-297.1884765625,37.5,1.0,1.0,1.0,True,MET_SHORT,192937984,192937984,119.58528982670848,True,194.45824355109715,True,175.7126387,True,True
1.3.6.1.4.1.14519.5.2.1.6279.6001.268030488196493755113553009785,73.79496797,69.55764009,-35.17353835,8.158102396,9,512,512,445,0.6445310115814209,0.6445310115814209,0.625,-170.199997,-150.5,-248.115005,1.0,1.0,1.0,True,MET_SHORT,233308160,233308160,378.5620250782567,True,341.4228891020569,True,340.70634664,True,True
1.3.6.1.4.1.14519.5.2.1.6279.6001.268992195564407418480563388746,-116.1875069,0.827026319,-238.0362876,5.834911249,4,512,512,133,0.703125,0.703125,2.5,-180.0,-180.0,-386.0,1.0,1.0,1.0,True,MET_SHORT,69730304,69730304,90.75554574222222,True,257.17621520924445,True,59.18548496,True,True
1.3.6.1.4.1.14519.5.2.1.6279.6001.269075535958871753309238331179,-12.41585622,-184.5111396,867.1793966,12.16970693,3,512,512,183,0.6640625,0.6640625,1.7999999523162842,-164.66797,-307.66797,694.9,1.0,1.0,1.0,True,MET_SHORT,95944704,95944704,229.27377133929411,True,185.45969754352944,True,95.71077842435867,True,True
1.3.6.1.4.1.14519.5.2.1.6279.6001.269075535958871753309238331179,-24.11055443,-171.5345888,864.1143948,5.54930965,3,512,512,183,0.6640625,0.6640625,1.7999999523162842,-164.66797,-307.66797,694.9,1.0,1.0,1.0,True,MET_SHORT,95944704,95944704,211.66293168188233,True,205.00085639529416,True,94.00799960147265,True,True
1.3.6.1.4.1.14519.5.2.1.6279.6001.269075535958871753309238331179,-89.80382595,-68.12701296,873.8383847,5.536440222,3,512,512,183,0.6640625,0.6640625,1.7999999523162842,-164.66797,-307.66797,694.9,1.0,1.0,1.0,True,MET_SHORT,95944704,95944704,112.73659339294116,True,360.7205000131765,True,99.41021635569363,True,True
1.3.6.1.4.1.14519.5.2.1.6279.6001.270152671889301412052226973069,-94.17099656,60.22888982,-185.1525725,7.636326684,2,512,512,135,0.5566409826278687,0.5566409826278687,2.5,-140.699997,-142.5,-322.5,1.0,1.0,1.0,True,MET_SHORT,70778880,70778880,83.58888743753536,True,364.20043824823875,True,54.938971,True,True
1.3.6.1.4.1.14519.5.2.1.6279.6001.270215889102603268207599305185,101.8010914,-28.53858261,-173.2606127,5.582216627,4,512,512,564,0.703125,0.703125,0.625,-186.199997,-180.0,-349.019989,1.0,1.0,1.0,True,MET_SHORT,295698432,295698432,409.6015479466667,True,215.41179362133335,True,281.21500208000003,True,True
1.3.6.1.4.1.14519.5.2.1.6279.6001.270390050141765094612147226290,-49.72758728,-19.98555378,-151.9287579,14.31390685,1,512,512,144,0.78125,0.78125,2.5,-191.2,-200.0,-362.75,1.0,1.0,1.0,True,MET_SHORT,75497472,75497472,181.0846882816,True,230.4184911616,True,84.32849684,True,True
1.3.6.1.4.1.14519.5.2.1.6279.6001.270390050141765094612147226290,-71.7826853,-64.17026387,-210.6358489,8.22221772,1,512,512,144,0.78125,0.78125,2.5,-191.2,-200.0,-362.75,1.0,1.0,1.0,True,MET_SHORT,75497472,75497472,152.85416281599998,True,173.86206224640003,True,60.845660439999996,True,True
1.3.6.1.4.1.14519.5.2.1.6279.6001.270390050141765094612147226290,114.0663418,-39.7958665,-161.1772179,4.771826524,1,512,512,144,0.78125,0.78125,2.5,-191.2,-200.0,-362.75,1.0,1.0,1.0,True,MET_SHORT,75497472,75497472,390.740917504,True,205.06129088,True,80.62911284,True,True
1.3.6.1.4.1.14519.5.2.1.6279.6001.270951128717816232360812849541,71.24730999,68.44187934,-190.2289952,8.489837273,6,512,512,298,0.71875,0.71875,1.25,-185.600006,-194.0,-392.184998,1.0,1.0,0.9999999999999999,True,MET_SHORT,156237824,156237824,357.35278746434784,True,365.13652777739134,True,161.56480224000003,True,True
1.3.6.1.4.1.14519.5.2.1.6279.6001.271220641987745483198036913951,-108.438374,-118.8944651,-221.9638299,10.05662598,8,512,512,503,0.6875,0.6875,0.699999988079071,-179.65625,-349.65625,-434.5,1.0,1.0,1.0,True,MET_SHORT,263716864,263716864,103.58963781818183,True,335.6535053090909,True,303.6231053135278,True,True
1.3.6.1.4.1.14519.5.2.1.6279.6001.271307051432838466826189754230,123.637574,-5.081129141,-262.4648206,20.38922514,7,512,512,133,0.703125,0.703125,2.5,-180.0,-171.699997,-363.75,1.0,1.0,1.0,True,MET_SHORT,69730304,69730304,431.84010524444443,True,236.9690565105778,True,40.51407176,True,True
1.3.6.1.4.1.14519.5.2.1.6279.6001.272042302501586336192628818865,36.84866907,178.6334519,-603.1030289,5.028864971,0,512,512,280,0.7109375,0.7109375,1.0,-166.439067,-36.1953354,-817.199951,1.0,1.0,1.0,True,MET_SHORT,146800640,146800640,285.94318919736264,True,302.1767557626374,True,214.09692210000003,True,True
1.3.6.1.4.1.14519.5.2.1.6279.6001.272123398257168239653655006815,-36.64395514,-76.5761924,-155.6091206,15.28264973,8,512,512,133,0.859375,0.859375,2.5,-220.0,-220.0,-370.5,1.0,1.0,1.0,True,MET_SHORT,69730304,69730304,213.35976129163637,True,166.89315793454546,True,85.95635175999999,True,True
1.3.6.1.4.1.14519.5.2.1.6279.6001.272123398257168239653655006815,107.3014973,-1.66826224,-189.204955,20.03584717,8,512,512,133,0.859375,0.859375,2.5,-220.0,-220.0,-370.5,1.0,1.0,1.0,True,MET_SHORT,69730304,69730304,380.85992413090906,True,254.05874939345455,True,72.518018,True,True
1.3.6.1.4.1.14519.5.2.1.6279.6001.272123398257168239653655006815,129.1442701,35.49501731,-229.6640754,22.13533119,8,512,512,133,0.859375,0.859375,2.5,-220.0,-220.0,-370.5,1.0,1.0,1.0,True,MET_SHORT,69730304,69730304,406.2769688436363,True,297.30329286981816,True,56.33436984,True,True
1.3.6.1.4.1.14519.5.2.1.6279.6001.272190966764020277652079081128,-45.80479316,59.89230782,-200.9927893,8.766657397,3,512,512,133,0.78125,0.78125,2.5,-192.199997,-200.0,-368.0,1.0,1.0,1.0,True,MET_SHORT,69730304,69730304,187.3858609152,True,332.6621540096,True,66.80288428,True,True
1.3.6.1.4.1.14519.5.2.1.6279.6001.272190966764020277652079081128,-88.56419765,20.20911916,-103.7426809,7.076676777,3,512,512,133,0.78125,0.78125,2.5,-192.199997,-200.0,-368.0,1.0,1.0,1.0,True,MET_SHORT,69730304,69730304,132.653823168,True,281.8676725248,True,105.70292764000001,True,True
1.3.6.1.4.1.14519.5.2.1.6279.6001.272344603176687884771013620823,96.78026471,1.565748925,-113.1028372,22.03891888,9,512,512,138,0.78125,0.78125,2.5,-200.0,-200.0,-371.0,1.0,1.0,1.0,True,MET_SHORT,72351744,72351744,379.87873882879995,True,258.004158624,True,103.15886512,True,True
1.3.6.1.4.1.14519.5.2.1.6279.6001.272348349298439120568330857680,-48.52221096,45.38208006,-90.22368433,22.88079244,7,512,512,145,0.78125,0.78125,2.5,-200.0,-181.300003,-359.5,1.0,1.0,1.0,True,MET_SHORT,76021760,76021760,193.8915699712,True,290.1530663168,True,107.71052626800001,True,True
1.3.6.1.4.1.14519.5.2.1.6279.6001.272961322147784625028175033640,-101.4017843,87.31094814,-230.908114,6.044864617,1,512,512,121,0.6640620231628418,0.6640620231628418,2.5,-168.0,-170.0,-337.535004,1.0,1.0,1.0,True,MET_SHORT,63438848,63438848,100.28914977369325,True,387.4802942569447,True,42.650756,True,True
1.3.6.1.4.1.14519.5.2.1.6279.6001.273525289046256012743471155680,102.2324301,210.5837195,-614.3178454,4.335976969,5,512,512,280,0.80078125,0.80078125,1.0,-207.533876,-59.7241745,-747.0,1.0,1.0,1.0,True,MET_SHORT,146800640,146800640,386.8301188370732,True,337.55522372682924,True,132.6821546,True,True
1.3.6.1.4.1.14519.5.2.1.6279.6001.274052674198758621258447180130,-77.6685505,156.5915805,-517.9735625,6.373118453,3,512,512,300,0.662109375,0.662109375,1.0,-171.900938,-42.1386871,-675.5,1.0,1.0,1.0,True,MET_SHORT,157286400,157286400,142.3214820058997,True,300.1471888235988,True,157.52643750000004,True,True
1.3.6.1.4.1.14519.5.2.1.6279.6001.274052674198758621258447180130,-72.80446275,223.427845,-567.1713376,6.031697835,3,512,512,300,0.662109375,0.662109375,1.0,-171.900938,-42.1386871,-675.5,1.0,1.0,1.0,True,MET_SHORT,157286400,157286400,149.6678328259587,True,401.09163550206495,True,108.32866239999998,True,True
1.3.6.1.4.1.14519.5.2.1.6279.6001.275007193025729362844652516689,87.89218568,-56.95129309,-142.9535988,4.988818646,3,512,512,209,0.6171879768371582,0.6171879768371582,1.25,-158.0,-158.0,-226.0,1.0,1.0,1.0,True,MET_SHORT,109576192,109576192,398.40728417960963,True,163.72436065238057,True,66.43712095999999,True,True
1.3.6.1.4.1.14519.5.2.1.6279.6001.275007193025729362844652516689,-97.01461145,-21.57207523,-127.9731352,14.21146202,3,512,512,209,0.6171879768371582,0.6171879768371582,1.25,-158.0,-158.0,-226.0,1.0,1.0,1.0,True,MET_SHORT,109576192,109576192,98.81169244826471,True,221.04760606183325,True,78.42149184,True,True
1.3.6.1.4.1.14519.5.2.1.6279.6001.275007193025729362844652516689,-29.74141401,-18.46166759,-134.2459518,17.98864725,3,512,512,209,0.6171879768371582,0.6171879768371582,1.25,-158.0,-158.0,-226.0,1.0,1.0,1.0,True,MET_SHORT,109576192,109576192,207.8112192775919,True,226.08724998999205,True,73.40323856,True,True
1.3.6.1.4.1.14519.5.2.1.6279.6001.275755514659958628040305922764,-98.39887472,-257.6239438,-242.1180244,5.048067067,5,512,512,493,0.76171875,0.76171875,0.699999988079071,-197.61914,-394.61914,-401.5,1.0,1.0,1.0,True,MET_SHORT,258473984,258473984,130.25839954707692,True,179.8501037292308,True,227.68854044894132,True,True
1.3.6.1.4.1.14519.5.2.1.6279.6001.275755514659958628040305922764,-48.06616769,-258.0504359,-250.544875,8.413884666,5,512,512,493,0.76171875,0.76171875,0.699999988079071,-197.61914,-394.61914,-401.5,1.0,1.0,1.0,True,MET_SHORT,258473984,258473984,196.3362098018461,True,179.29019615179487,True,215.6501822439293,True,True
1.3.6.1.4.1.14519.5.2.1.6279.6001.275755514659958628040305922764,-90.94045378,-230.2193214,-217.071482,7.663782425,5,512,512,493,0.76171875,0.76171875,0.699999988079071,-197.61914,-394.61914,-401.5,1.0,1.0,1.0,True,MET_SHORT,258473984,258473984,140.04996755035896,True,215.82745416205128,True,263.46931591542716,True,True
1.3.6.1.4.1.14519.5.2.1.6279.6001.275755514659958628040305922764,120.8151682,-117.7561585,-258.7667719,6.920897477,5,512,512,493,0.76171875,0.76171875,0.699999988079071,-197.61914,-394.61914,-401.5,1.0,1.0,1.0,True,MET_SHORT,258473984,258473984,418.0470917907692,True,363.4714013538462,True,203.9046150439035,True,True
1.3.6.1.4.1.14519.5.2.1.6279.6001.275755514659958628040305922764,-114.4516276,-91.13719415,-264.111843,5.964079886,5,512,512,493,0.76171875,0.76171875,0.699999988079071,-197.61914,-394.61914,-401.5,1.0,1.0,1.0,True,MET_SHORT,258473984,258473984,109.18401627897435,True,398.4173237825641,True,196.26879905672342,True,True
1.3.6.1.4.1.14519.5.2.1.6279.6001.275766318636944297772360944907,-75.51553848,-45.34884762,-144.4902038,7.593735846,1,512,512,477,0.703125,0.703125,0.625,-180.0,-151.0,-310.25,1.0,1.0,1.0,True,MET_SHORT,250085376,250085376,148.60012305066667,True,150.2594167182222,True,265.21567392000003,True,True
1.3.6.1.4.1.14519.5.2.1.6279.6001.275766318636944297772360944907,33.0178907,94.39493036,-251.7982184,8.328291294,1,512,512,477,0.703125,0.703125,0.625,-180.0,-151.0,-310.25,1.0,1.0,1.0,True,MET_SHORT,250085376,250085376,302.95877788444443,True,349.00612317866666,True,93.52285056000001,True,True
1.3.6.1.4.1.14519.5.2.1.6279.6001.275986221854423197884953496664,-87.72559112,172.6043391,-580.1726871,5.155662025,5,512,512,265,0.716796875,0.716796875,1.0,-176.485684,-55.1979237,-687.300049,1.0,1.0,1.0,True,MET_SHORT,138936320,138936320,123.82879442659399,True,317.8058816174387,True,107.12736189999998,True,True
1.3.6.1.4.1.14519.5.2.1.6279.6001.275986221854423197884953496664,-60.31452861,135.3053658,-566.8624414,4.520944354,5,512,512,265,0.716796875,0.716796875,1.0,-176.485684,-55.1979237,-687.300049,1.0,1.0,1.0,True,MET_SHORT,138936320,138936320,162.06984076207084,True,265.7702567411444,True,120.43760759999998,True,True
1.3.6.1.4.1.14519.5.2.1.6279.6001.276556509002726404418399209377,-67.45950309,-247.7442112,-211.0953396,7.744221728,3,512,512,185,0.6640625,0.6640625,1.7999999523162842,-164.66796875,-299.66796875,-360.7,1.0,1.0,1.0,True,MET_SHORT,96993280,96993280,146.38451299388237,True,78.19107019294118,True,83.11370242398343,True,True
1.3.6.1.4.1.14519.5.2.1.6279.6001.276556509002726404418399209377,-97.69087642,-134.0680536,-187.0948829,6.690036478,3,512,512,185,0.6640625,0.6640625,1.7999999523162842,-164.66796875,-299.66796875,-360.7,1.0,1.0,1.0,True,MET_SHORT,96993280,96993280,100.85962139105884,True,249.37398987294117,True,96.44728983275843,True,True
1.3.6.1.4.1.14519.5.2.1.6279.6001.276710697414087561012670296643,69.52914115,87.03615287,-149.1901128,10.82451529,4,512,512,223,0.78125,0.78125,1.25,-193.300003,-200.0,-289.0,1.0,1.0,1.0,True,MET_SHORT,116916224,116916224,336.421304512,True,367.4062756736,True,111.84790976,True,True
1.3.6.1.4.1.14519.5.2.1.6279.6001.277445975068759205899107114231,-57.0819205,-85.17233126,-214.5551686,5.070932612,0,512,512,177,0.7421875,0.7421875,1.7999999523162842,-174.62890625,-330.62890625,-342.8,1.0,1.0,1.0,True,MET_SHORT,92798976,92798976,158.3790965894737,True,330.72043788126314,True,71.24713044295996,True,True
1.3.6.1.4.1.14519.5.2.1.6279.6001.277445975068759205899107114231,-48.22664898,-66.08106226,-209.0373634,4.717405126,0,512,512,177,0.7421875,0.7421875,1.7999999523162842,-174.62890625,-330.62890625,-342.8,1.0,1.0,1.0,True,MET_SHORT,92798976,92798976,170.31040979536843,True,356.4434108496842,True,74.31257785749992,True,True
1.3.6.1.4.1.14519.5.2.1.6279.6001.277452631455527999380186898011,76.95201463,-27.48605744,-148.58781,5.863401006,6,512,512,143,0.7421879768371582,0.7421879768371582,2.5,-177.100006,-207.5,-369.5,1.0,1.0,1.0,True,MET_SHORT,74973184,74973184,342.30144998123706,True,242.54494572538252,True,88.36487600000001,True,True
1.3.6.1.4.1.14519.5.2.1.6279.6001.277662902666135640561346462196,106.9705181,8.301864146,-139.5403359,16.10237553,3,512,512,497,0.7617189884185791,0.7617189884185791,0.625,-195.5,-190.300003,-336.505005,1.0,1.0,1.0,True,MET_SHORT,260571136,260571136,397.0893763958352,True,260.7285234654863,True,315.14347055999997,True,True
1.3.6.1.4.1.14519.5.2.1.6279.6001.278010349511857248000260557753,-131.9599469,55.69961281,-165.2127172,6.618630161,3,512,512,545,0.703125,0.703125,0.625,-175.300003,-159.800003,-314.75,1.0,1.0,1.0,True,MET_SHORT,285736960,285736960,61.63919089777777,True,306.4883424853333,True,239.25965248000003,True,True
1.3.6.1.4.1.14519.5.2.1.6279.6001.279300249795483097365868125932,51.48901046,9.855025846,-86.83518484,14.86094152,7,512,512,131,0.703125,0.703125,2.5,-186.800003,-180.0,-361.75,1.0,1.0,1.0,True,MET_SHORT,68681728,68681728,338.8999302542222,True,270.01603675875555,True,109.965926064,True,True
1.3.6.1.4.1.14519.5.2.1.6279.6001.280072876841890439628529365478,-73.72958121,-50.52444839,-259.1407657,4.533837123,2,512,512,334,0.5859375,0.5859375,1.0,-139.70703125,-296.70703125,-343.1,1.0,1.0,1.0,True,MET_SHORT,175112192,175112192,112.60151473493332,True,420.1516080810667,True,83.95923430000005,True,True
1.3.6.1.4.1.14519.5.2.1.6279.6001.280072876841890439628529365478,-73.96568646,-92.44533909,-238.6529412,7.185957941,2,512,512,334,0.5859375,0.5859375,1.0,-139.70703125,-296.70703125,-343.1,1.0,1.0,1.0,True,MET_SHORT,175112192,175112192,112.19856177493334,True,348.6066212864,True,104.44705880000004,True,True
1.3.6.1.4.1.14519.5.2.1.6279.6001.280072876841890439628529365478,-52.54525764,-195.1320838,-180.130679,8.436595788,2,512,512,334,0.5859375,0.5859375,1.0,-139.70703125,-296.70703125,-343.1,1.0,1.0,1.0,True,MET_SHORT,175112192,175112192,148.75609362773332,True,173.35457698133334,True,162.96932100000004,True,True
1.3.6.1.4.1.14519.5.2.1.6279.6001.280072876841890439628529365478,-85.9411151,-169.2745879,-128.3546076,7.595614881,2,512,512,334,0.5859375,0.5859375,1.0,-139.70703125,-296.70703125,-343.1,1.0,1.0,1.0,True,MET_SHORT,175112192,175112192,91.76049689599999,True,217.48470331733333,True,214.74539240000001,True,True
1.3.6.1.4.1.14519.5.2.1.6279.6001.280072876841890439628529365478,32.58870589,-102.4937764,-88.46395383,5.642186103,2,512,512,334,0.5859375,0.5859375,1.0,-139.70703125,-296.70703125,-343.1,1.0,1.0,1.0,True,MET_SHORT,175112192,175112192,294.0513913856,True,331.4572882773333,True,254.63604617000004,True,True
1.3.6.1.4.1.14519.5.2.1.6279.6001.280072876841890439628529365478,-73.19462067,-102.8061689,-166.8263298,6.172638207,2,512,512,334,0.5859375,0.5859375,1.0,-139.70703125,-296.70703125,-343.1,1.0,1.0,1.0,True,MET_SHORT,175112192,175112192,113.51451405653333,True,330.92413841066667,True,176.27367020000003,True,True
1.3.6.1.4.1.14519.5.2.1.6279.6001.280072876841890439628529365478,106.6949197,-126.2271369,-246.3140429,22.77961842,2,512,512,334,0.5859375,0.5859375,1.0,-139.70703125,-296.70703125,-343.1,1.0,1.0,1.0,True,MET_SHORT,175112192,175112192,420.52599628800004,True,290.952353024,True,96.78595710000002,True,True
1.3.6.1.4.1.14519.5.2.1.6279.6001.280125803152924778388346920341,-72.12347451,7.797144105,-217.0274902,6.844315185,7,512,512,123,0.703125,0.703125,2.5,-197.0,-180.0,-338.25,1.0,1.0,1.0,True,MET_SHORT,64487424,64487424,177.60216958577777,True,267.089271616,True,48.48900392,True,True
1.3.6.1.4.1.14519.5.2.1.6279.6001.280125803152924778388346920341,5.688584989,77.51244888,-142.6580166,5.905235821,7,512,512,123,0.703125,0.703125,2.5,-197.0,-180.0,-338.25,1.0,1.0,1.0,True,MET_SHORT,64487424,64487424,288.2682097621333,True,366.23992729599996,True,78.23679336000001,True,True
1.3.6.1.4.1.14519.5.2.1.6279.6001.280125803152924778388346920341,14.6814816,64.49124539,-233.5115248,5.597494358,7,512,512,123,0.703125,0.703125,2.5,-197.0,-180.0,-338.25,1.0,1.0,1.0,True,MET_SHORT,64487424,64487424,301.05810716444444,True,347.7208823324445,True,41.895390080000006,True,True
1.3.6.1.4.1.14519.5.2.1.6279.6001.281489753704424911132261151767,110.1355596,-32.0169515,-241.1046505,6.005399015,0,512,512,471,0.5859379768371582,0.5859379768371582,0.625,-154.699997,-148.399994,-275.73999,1.0,1.0,1.0,True,MET_SHORT,246939648,246939648,451.98564877047073,True,198.62689755701695,True,55.41654319999998,True,True
1.3.6.1.4.1.14519.5.2.1.6279.6001.282512043257574309474415322775,-88.49125714,4.69078919,-184.9336769,18.50978255,1,512,512,283,0.7617189884185791,0.7617189884185791,1.25,186.199997,130.199997,-399.5,-1.0,-1.0,1.0,True,MET_SHORT,148373504,148373504,360.620200252973,True,164.77101098736205,True,171.65305848,True,True
1.3.6.1.4.1.14519.5.2.1.6279.6001.282779922503707013097174625409,82.49968,-81.76246933,-162.3132715,4.206700455,6,512,512,477,0.625,0.625,0.625,-175.0,-163.100006,-282.329987,1.0,1.0,1.0,True,MET_SHORT,250085376,250085376,411.99948800000004,True,130.140058672,True,192.02674480000002,True,True
1.3.6.1.4.1.14519.5.2.1.6279.6001.282779922503707013097174625409,91.76868348,32.4243149,-101.9035024,5.58156934,6,512,512,477,0.625,0.625,0.625,-175.0,-163.100006,-282.329987,1.0,1.0,1.0,True,MET_SHORT,250085376,250085376,426.829893568,True,312.83891344000006,True,288.68237536000004,True,True
1.3.6.1.4.1.14519.5.2.1.6279.6001.283569726884265181140892667131,101.0640749,-2.909610731,-129.7329156,6.417805328,2,512,512,95,0.859375,0.859375,2.5,-220.0,-203.399994,-251.75,1.0,1.0,1.0,True,MET_SHORT,49807360,49807360,373.60183261090907,True,233.2979005312,True,48.806833759999996,True,True
1.3.6.1.4.1.14519.5.2.1.6279.6001.283569726884265181140892667131,98.17857282,40.23143915,-147.6875423,6.351836743,2,512,512,95,0.859375,0.859375,2.5,-220.0,-203.399994,-251.75,1.0,1.0,1.0,True,MET_SHORT,49807360,49807360,370.2441574632727,True,283.49839493818183,True,41.62498308000001,True,True
1.3.6.1.4.1.14519.5.2.1.6279.6001.283569726884265181140892667131,111.8026601,34.3791455,-156.3357581,6.898836492,2,512,512,95,0.859375,0.859375,2.5,-220.0,-203.399994,-251.75,1.0,1.0,1.0,True,MET_SHORT,49807360,49807360,386.0976408436364,True,276.6884532363636,True,38.16569676,True,True
1.3.6.1.4.1.14519.5.2.1.6279.6001.283569726884265181140892667131,54.86650139,83.42134104,-200.5208054,15.9976197,2,512,512,95,0.859375,0.859375,2.5,-220.0,-203.399994,-251.75,1.0,1.0,1.0,True,MET_SHORT,49807360,49807360,319.8446561629091,True,333.75573531927273,True,20.49167784,True,True
1.3.6.1.4.1.14519.5.2.1.6279.6001.283733738239331719775105586296,79.24095142,105.0621099,-170.1267748,5.838910273,2,512,512,253,0.6015620231628418,0.6015620231628418,1.25,-133.800003,-133.300003,-341.540009,1.0,1.0,1.0,True,MET_SHORT,132644864,132644864,354.14628287186633,True,396.238631632296,True,137.13058736,True,True
1.3.6.1.4.1.14519.5.2.1.6279.6001.286217539434358186648717203667,-57.93049681,-30.77966437,-83.41758578,5.73592519,6,512,512,241,0.7734379768371582,0.7734379768371582,1.25,-222.6,-208.0,-285.0,0.9999999999999999,0.9999999999999999,1.0,True,MET_SHORT,126353408,126353408,212.90589306641974,True,229.1332219743232,True,161.265931376,True,True
1.3.6.1.4.1.14519.5.2.1.6279.6001.286217539434358186648717203667,-66.07883697,27.44178912,-61.40408623,6.862125594,6,512,512,241,0.7734379768371582,0.7734379768371582,1.25,-222.6,-208.0,-285.0,0.9999999999999999,0.9999999999999999,1.0,True,MET_SHORT,126353408,126353408,202.37067187994367,True,304.40939825944264,True,178.876731016,True,True
1.3.6.1.4.1.14519.5.2.1.6279.6001.286217539434358186648717203667,46.81849127,-6.947360373,-20.34015546,4.023705654,6,512,512,241,0.7734379768371582,0.7734379768371582,1.25,-222.6,-208.0,-285.0,0.9999999999999999,0.9999999999999999,1.0,True,MET_SHORT,126353408,126353408,348.3388446630727,True,259.9466869330237,True,211.727875632,True,True
1.3.6.1.4.1.14519.5.2.1.6279.6001.286422846896797433168187085942,-90.94204444,9.422642589,-72.51868585,22.22543938,8,512,512,445,0.703125,0.703125,0.625,-190.899994,-207.0,-297.369995,1.0,1.0,0.9999999999999999,True,MET_SHORT,233308160,233308160,142.162417152,True,307.80109168213335,True,359.7620946400001,True,True
1.3.6.1.4.1.14519.5.2.1.6279.6001.287560874054243719452635194040,-66.56658517,-40.61335572,-118.4928899,7.53039924,4,512,512,127,0.703125,0.703125,2.5,-187.199997,-155.199997,-306.75,1.0,1.0,1.0,True,MET_SHORT,66584576,66584576,171.56751904711112,True,162.96766759822222,True,75.30284404,True,True
1.3.6.1.4.1.14519.5.2.1.6279.6001.287966244644280690737019247886,102.2377292,65.32842988,-240.6955559,18.210145,1,512,512,123,0.8203120231628418,0.8203120231628418,2.5,-212.199997,-210.0,-338.0,1.0,1.0,1.0,True,MET_SHORT,64487424,64487424,383.3147842788357,True,335.63866200379215,True,38.92177764,True,True
1.3.6.1.4.1.14519.5.2.1.6279.6001.287966244644280690737019247886,22.53616818,34.72145001,-117.4375995,10.33971307,1,512,512,123,0.8203120231628418,0.8203120231628418,2.5,-212.199997,-210.0,-338.0,1.0,1.0,1.0,True,MET_SHORT,64487424,64487424,286.15472960512983,True,298.32727437839816,True,88.2249602,True,True
1.3.6.1.4.1.14519.5.2.1.6279.6001.287966244644280690737019247886,60.18947724,-45.04675978,-112.6427797,8.349225392,1,512,512,123,0.8203120231628418,0.8203120231628418,2.5,-212.199997,-210.0,-338.0,1.0,1.0,1.0,True,MET_SHORT,64487424,64487424,332.05593304576917,True,201.08597163308283,True,90.14288812,True,True
1.3.6.1.4.1.14519.5.2.1.6279.6001.287966244644280690737019247886,67.82725575,85.37992457,-109.7467238,32.27003025,1,512,512,123,0.8203120231628418,0.8203120231628418,2.5,-212.199997,-210.0,-338.0,1.0,1.0,1.0,True,MET_SHORT,64487424,64487424,341.3667541654589,True,360.08240307281653,True,91.30131048000001,True,True
1.3.6.1.4.1.14519.5.2.1.6279.6001.287966244644280690737019247886,114.1058249,-11.85681073,-165.6215278,4.915612527,1,512,512,123,0.8203120231628418,0.8203120231628418,2.5,-212.199997,-210.0,-338.0,1.0,1.0,1.0,True,MET_SHORT,64487424,64487424,397.7825664944867,True,241.5461235177656,True,68.95138888,True,True
1.3.6.1.4.1.14519.5.2.1.6279.6001.288701997968615460794642979503,-23.97628,66.98028611,1569.020052,5.40759858,8,512,512,166,0.7049999833106995,0.7049999833106995,2.0,-164.8437,-171.875,1321.5,1.0,1.0,1.0,True,MET_SHORT,87031808,87031808,199.81194799251298,True,338.8018322898803,True,123.76002600000004,True,True
1.3.6.1.4.1.14519.5.2.1.6279.6001.288701997968615460794642979503,-107.6908186,82.29497289,1432.633036,5.611908232,8,512,512,166,0.7049999833106995,0.7049999833106995,2.0,-164.8437,-171.875,1321.5,1.0,1.0,1.0,True,MET_SHORT,87031808,87031808,81.06791879853458,True,360.52479277575407,True,55.566517999999974,True,True
1.3.6.1.4.1.14519.5.2.1.6279.6001.288701997968615460794642979503,146.5013001,33.33503366,1433.047346,4.639346679,8,512,512,166,0.7049999833106995,0.7049999833106995,2.0,-164.8437,-171.875,1321.5,1.0,1.0,1.0,True,MET_SHORT,87031808,87031808,441.6241240714861,True,291.07806881970123,True,55.77367300000003,True,True
1.3.6.1.4.1.14519.5.2.1.6279.6001.290135156874098366424871975734,-59.39053533,91.29824683,-217.315565,18.99864751,5,512,512,141,0.703125,0.703125,2.5,-178.399994,-186.699997,-386.5,1.0,1.0,1.0,True,MET_SHORT,73924608,73924608,169.25789677511108,True,395.37528011377776,True,67.67377400000001,True,True
1.3.6.1.4.1.14519.5.2.1.6279.6001.290135156874098366424871975734,-65.43453788,68.62896143,-282.4272547,13.55294288,5,512,512,141,0.703125,0.703125,2.5,-178.399994,-186.699997,-386.5,1.0,1.0,1.0,True,MET_SHORT,73924608,73924608,160.66198203733333,True,363.134518656,True,41.62909812,True,True
1.3.6.1.4.1.14519.5.2.1.6279.6001.290135156874098366424871975734,80.32564185,58.99865099,-150.4842755,12.71396134,5,512,512,141,0.703125,0.703125,2.5,-178.399994,-186.699997,-386.5,1.0,1.0,1.0,True,MET_SHORT,73924608,73924608,367.96534876444446,True,349.43807714133334,True,94.4062898,True,True
1.3.6.1.4.1.14519.5.2.1.6279.6001.290135156874098366424871975734,92.70661624,19.69810556,-194.2689681,8.80965529,5,512,512,141,0.703125,0.703125,2.5,-178.399994,-186.699997,-386.5,1.0,1.0,1.0,True,MET_SHORT,73924608,73924608,385.5738456746667,True,293.5439680853333,True,76.89241276,True,True
1.3.6.1.4.1.14519.5.2.1.6279.6001.290135156874098366424871975734,71.01942171,16.25754185,-196.9970104,6.877252867,5,512,512,141,0.703125,0.703125,2.5,-178.399994,-186.699997,-386.5,1.0,1.0,1.0,True,MET_SHORT,73924608,73924608,354.72983567644445,True,288.65072191999997,True,75.80119584,True,True
1.3.6.1.4.1.14519.5.2.1.6279.6001.291539125579672469833850180824,129.4752815,-51.57101338,-251.9485797,5.529020275,5,512,512,567,0.7421879768371582,0.7421879768371582,0.625,-187.399994,-190.0,-325.75,1.0,1.0,1.0,True,MET_SHORT,297271296,297271296,426.9474653178394,True,186.51472529899576,True,118.08227247999999,True,True
1.3.6.1.4.1.14519.5.2.1.6279.6001.292057261351416339496913597985,116.7588076,-180.8050991,-234.5537632,5.106009516,3,512,512,191,0.68359375,0.68359375,1.7999999523162842,-168.6582,-364.6582,-394.0,1.0,1.0,1.0,True,MET_SHORT,100139008,100139008,417.5243082605714,True,268.950821888,True,88.58124501326829,True,True
1.3.6.1.4.1.14519.5.2.1.6279.6001.292057261351416339496913597985,-83.62032739,-95.87788076,-221.5685425,6.216601241,3,512,512,191,0.68359375,0.68359375,1.7999999523162842,-168.6582,-364.6582,-394.0,1.0,1.0,1.0,True,MET_SHORT,100139008,100139008,124.39825936091428,True,393.1872098596572,True,95.79525670437432,True,True
1.3.6.1.4.1.14519.5.2.1.6279.6001.292057261351416339496913597985,-92.89107114,-208.5061595,-203.2724929,4.251282657,3,512,512,191,0.68359375,0.68359375,1.7999999523162842,-168.6582,-364.6582,-394.0,1.0,1.0,1.0,True,MET_SHORT,100139008,100139008,110.83648564662857,True,228.4281278171429,True,105.95972897364089,True,True
1.3.6.1.4.1.14519.5.2.1.6279.6001.292057261351416339496913597985,76.66626608,-163.8716684,-147.2499084,15.6929733,3,512,512,191,0.68359375,0.68359375,1.7999999523162842,-168.6582,-364.6582,-394.0,1.0,1.0,1.0,True,MET_SHORT,100139008,100139008,358.8746475227428,True,293.72201194057146,True,137.08338785369185,True,True
1.3.6.1.4.1.14519.5.2.1.6279.6001.292194861362266467652267941663,44.32326395,82.57803325,-189.3255283,5.56275007,6,512,512,241,0.609375,0.609375,1.25,-153.399994,-152.399994,-300.0,1.0,1.0,1.0,True,MET_SHORT,126353408,126353408,324.46893612307696,True,385.6049677948718,True,88.53957736,True,True
1.3.6.1.4.1.14519.5.2.1.6279.6001.292994770358625142596171316474,135.3036242,-21.79208926,-239.4086072,4.543071313,9,512,512,270,0.703125,0.703125,1.25,-160.300003,-204.399994,-366.0,1.0,1.0,1.0,True,MET_SHORT,141557760,141557760,420.41404757333333,True,259.7090200746666,True,101.27311424,True,True
1.3.6.1.4.1.14519.5.2.1.6279.6001.293593766328917170359373773080,-62.19588874,56.10498787,-94.82411775,5.982909574,3,512,512,413,0.703125,0.703125,0.625,-160.800003,-190.399994,-285.899994,1.0,1.0,1.0,True,MET_SHORT,216530944,216530944,140.2369625031111,True,350.58486310399996,True,305.721402,True,True
1.3.6.1.4.1.14519.5.2.1.6279.6001.293757615532132808762625441831,-68.00720196,-41.02746294,-172.1175757,5.247278653,0,512,512,477,0.78125,0.78125,0.625,-194.800003,-200.0,-324.005005,1.0,1.0,1.0,True,MET_SHORT,250085376,250085376,162.2947853312,True,203.4848474368,True,243.01988687999997,True,True
1.3.6.1.4.1.14519.5.2.1.6279.6001.293757615532132808762625441831,-86.83682341,44.88428152,-150.5213276,8.103288228,0,512,512,477,0.78125,0.78125,0.625,-194.800003,-200.0,-324.005005,1.0,1.0,1.0,True,MET_SHORT,250085376,250085376,138.19286987520002,True,313.4518803456,True,277.57388383999995,True,True
1.3.6.1.4.1.14519.5.2.1.6279.6001.294120933998772507043263238704,48.93160782,-57.64898774,-73.99981349,5.743023818,7,512,512,127,0.859375,0.859375,2.5,-229.0,-235.0,-335.75,1.0,1.0,1.0,True,MET_SHORT,66584576,66584576,323.41132546327276,True,206.37208699345456,True,104.700074604,True,True
1.3.6.1.4.1.14519.5.2.1.6279.6001.294120933998772507043263238704,91.74344115,1.489122847,-109.3375922,4.950660035,7,512,512,127,0.859375,0.859375,2.5,-229.0,-235.0,-335.75,1.0,1.0,1.0,True,MET_SHORT,66584576,66584576,373.22873151999994,True,275.1873429492364,True,90.56496311999999,True,True
1.3.6.1.4.1.14519.5.2.1.6279.6001.294120933998772507043263238704,-64.32373023,56.85721717,-168.4427428,6.331569947,7,512,512,127,0.859375,0.859375,2.5,-229.0,-235.0,-335.75,1.0,1.0,1.0,True,MET_SHORT,66584576,66584576,191.62329573236363,True,339.61567088872727,True,66.92290288000001,True,True
1.3.6.1.4.1.14519.5.2.1.6279.6001.294120933998772507043263238704,-130.2047538,27.56977296,-210.2722058,9.503203598,7,512,512,127,0.859375,0.859375,2.5,-229.0,-235.0,-335.75,1.0,1.0,1.0,True,MET_SHORT,66584576,66584576,114.96174103272729,True,305.535735808,True,50.191117680000005,True,True
1.3.6.1.4.1.14519.5.2.1.6279.6001.294188507421106424248264912111,-84.56144675,53.32378035,-281.9974642,5.556944532,0,512,512,250,0.5859379768371582,0.5859379768371582,1.25,-145.300003,-174.399994,-347.25,1.0,1.0,1.0,True,MET_SHORT,131072000,131072000,103.66038497429608,True,388.6482586079041,True,52.20202863999998,True,True
1.3.6.1.4.1.14519.5.2.1.6279.6001.294188507421106424248264912111,120.7849264,26.79966924,-282.3975687,7.903510371,0,512,512,250,0.5859379768371582,0.5859379768371582,1.25,-145.300003,-174.399994,-347.25,1.0,1.0,1.0,True,MET_SHORT,131072000,131072000,454.1179099472322,True,343.38047915251735,True,51.881945039999984,True,True
1.3.6.1.4.1.14519.5.2.1.6279.6001.294188507421106424248264912111,100.7686809,54.38122979,-256.9953278,5.722280115,0,512,512,250,0.5859379768371582,0.5859379768371582,1.25,-145.300003,-174.399994,-347.25,1.0,1.0,1.0,True,MET_SHORT,131072000,131072000,419.9568787608838,True,390.45297085015886,True,72.20373776000001,True,True
1.3.6.1.4.1.14519.5.2.1.6279.6001.295298571102631191572192562523,-131.3987948,-2.758456139,-221.4306053,5.6734543,0,512,512,232,0.703125,0.703125,1.25,-214.699997,-164.0,-304.25,1.0,1.0,1.0,True,MET_SHORT,121634816,121634816,118.47282090666667,True,229.32130682453334,True,66.25551576000001,True,True
1.3.6.1.4.1.14519.5.2.1.6279.6001.295298571102631191572192562523,60.46365697,6.684682456,-166.2635713,6.275342115,0,512,512,232,0.703125,0.703125,1.25,-214.699997,-164.0,-304.25,1.0,1.0,1.0,True,MET_SHORT,121634816,121634816,391.343863424,True,242.75154838186666,True,110.38914296,True,True
1.3.6.1.4.1.14519.5.2.1.6279.6001.295420274214095686326263147663,-46.90144291,75.75702229,-160.6226978,7.000523906,0,512,512,244,0.5253909826278687,0.5253909826278687,1.2499998807907104,-118.900002,-107.400002,-340.859985,1.0,1.0,1.0,True,MET_SHORT,127926272,127926272,137.03805636305745,True,348.6109018732989,True,144.18984351101506,True,True
1.3.6.1.4.1.14519.5.2.1.6279.6001.295420274214095686326263147663,-70.85118947,43.23273855,-161.9030791,5.103331958,0,512,512,244,0.5253909826278687,0.5253909826278687,1.2499998807907104,-118.900002,-107.400002,-340.859985,1.0,1.0,1.0,True,MET_SHORT,127926272,127926272,91.45343966444263,True,286.7059875991292,True,143.16553837332967,True,True
1.3.6.1.4.1.14519.5.2.1.6279.6001.295420274214095686326263147663,-65.85355844,81.31080175,-179.9458889,4.09125367,0,512,512,244,0.5253909826278687,0.5253909826278687,1.2499998807907104,-118.900002,-107.400002,-340.859985,1.0,1.0,1.0,True,MET_SHORT,127926272,127926272,100.9656528451926,True,359.18165707016476,True,128.73128915677242,True,True
1.3.6.1.4.1.14519.5.2.1.6279.6001.295420274214095686326263147663,-78.60873551,83.60316733,-180.3313412,3.604122074,0,512,512,244,0.5253909826278687,0.5253909826278687,1.2499998807907104,-118.900002,-107.400002,-340.859985,1.0,1.0,1.0,True,MET_SHORT,127926272,127926272,76.68815762401097,True,363.5448183268239,True,128.42292728736473,True,True
1.3.6.1.4.1.14519.5.2.1.6279.6001.295420274214095686326263147663,-68.57907771,88.63420627,-190.8726177,4.36498067,0,512,512,244,0.5253909826278687,0.5253909826278687,1.2499998807907104,-118.900002,-107.400002,-340.859985,1.0,1.0,1.0,True,MET_SHORT,127926272,127926272,95.77805092563229,True,373.12061826696765,True,119.98990528312908,True,True
1.3.6.1.4.1.14519.5.2.1.6279.6001.295462530340364058116953738925,74.06988329,38.35306684,-64.55323564,4.620478005,7,512,512,258,0.6640620231628418,0.6640620231628418,1.25,-161.199997,-176.199997,-284.76001,1.0,1.0,0.9999999999999999,True,MET_SHORT,135266304,135266304,354.28901530829893,True,323.0919046057045,True,176.16541948800005,True,True
1.3.6.1.4.1.14519.5.2.1.6279.6001.295462530340364058116953738925,92.75491946,28.68047227,-68.42174667,14.01055468,7,512,512,258,0.6640620231628418,0.6640620231628418,1.25,-161.199997,-176.199997,-284.76001,1.0,1.0,0.9999999999999999,True,MET_SHORT,135266304,135266304,382.4265017451916,True,308.5261046764589,True,173.07061066400004,True,True
1.3.6.1.4.1.14519.5.2.1.6279.6001.296738183013079390785739615169,-68.98527379,59.65236221,-93.7862976,12.23861568,5,512,512,227,0.5859379768371582,0.5859379768371582,1.25,-148.5,-110.599998,-283.25,1.0,1.0,1.0,True,MET_SHORT,119013376,119013376,135.70502229470347,True,290.56379163031437,True,151.57096192,True,True
1.3.6.1.4.1.14519.5.2.1.6279.6001.296738183013079390785739615169,69.39410493,2.301055592,-116.9214528,10.15451033,5,512,512,227,0.5859379768371582,0.5859379768371582,1.25,-148.5,-110.599998,-283.25,1.0,1.0,1.0,True,MET_SHORT,119013376,119013376,371.872303116745,True,192.68430799012205,True,133.06283776,True,True
1.3.6.1.4.1.14519.5.2.1.6279.6001.297433269262659217151107535012,-81.4227151,-72.28037593,-175.2840689,7.803510446,7,512,512,497,0.703125,0.703125,0.625,-180.5,-172.699997,-322.0,1.0,1.0,1.0,True,MET_SHORT,260571136,260571136,140.90991630222223,True,142.8190166328889,True,234.74548976,True,True
1.3.6.1.4.1.14519.5.2.1.6279.6001.297433269262659217151107535012,33.10479474,-63.11643351,-108.7255712,10.7593487,7,512,512,497,0.703125,0.703125,0.625,-180.5,-172.699997,-322.0,1.0,1.0,1.0,True,MET_SHORT,260571136,260571136,303.7934858524444,True,155.85217918577777,True,341.23908608,True,True
1.3.6.1.4.1.14519.5.2.1.6279.6001.297964221542942838344351735414,-48.25336944,122.9531915,-662.8189689,4.741226698,8,512,512,281,0.62890625,0.62890625,1.0,-154.263092,-31.6007843,-811.400024,0.9999999999999999,0.9999999999999999,1.0,True,MET_SHORT,147324928,147324928,168.56204332521742,True,245.7504211478261,True,148.58105510000007,True,True
1.3.6.1.4.1.14519.5.2.1.6279.6001.297964221542942838344351735414,-79.34409697,174.995213,-675.2716339,9.54755631,8,512,512,281,0.62890625,0.62890625,1.0,-154.263092,-31.6007843,-811.400024,0.9999999999999999,0.9999999999999999,1.0,True,MET_SHORT,147324928,147324928,119.1258554514286,True,328.50046775652186,True,136.12839010000005,True,True
1.3.6.1.4.1.14519.5.2.1.6279.6001.297988578825170426663869669862,50.97022755,-34.22691743,-145.0871207,9.854691375,8,512,512,247,0.703125,0.703125,1.25,-177.399994,-180.0,-364.0,1.0,1.0,1.0,True,MET_SHORT,129499136,129499136,324.7932039822222,True,207.32171743288887,True,175.13030343999998,True,True
1.3.6.1.4.1.14519.5.2.1.6279.6001.297988578825170426663869669862,107.2310959,38.93370431,-202.7540175,5.698508138,8,512,512,247,0.703125,0.703125,1.25,-177.399994,-180.0,-364.0,1.0,1.0,1.0,True,MET_SHORT,129499136,129499136,404.8086611911111,True,311.3723794631111,True,128.996786,True,True
1.3.6.1.4.1.14519.5.2.1.6279.6001.299476369290630280560355838785,-102.6786393,-60.02526548,47.31904974,6.309861737,5,512,512,285,0.7792969942092896,0.7792969942092896,1.25,-193.0,-214.600006,-154.210007,1.0,1.0,1.0,True,MET_SHORT,149422080,149422080,115.90107670265583,True,198.35151639053686,True,161.223245392,True,True
1.3.6.1.4.1.14519.5.2.1.6279.6001.299476369290630280560355838785,-128.9519043,51.49699246,-46.08862011,5.12610172,5,512,512,285,0.7792969942092896,0.7792969942092896,1.25,-193.0,-214.600006,-154.210007,1.0,1.0,1.0,True,MET_SHORT,149422080,149422080,82.18701749900387,True,341.45775030223774,True,86.497109512,True,True
1.3.6.1.4.1.14519.5.2.1.6279.6001.299767339686526858593516834230,96.62595381,-46.15482266,-88.22943221,6.326436035,2,512,512,156,0.6445310115814209,0.6445310115814209,2.0,-173.399994,-165.0,-251.475006,1.0,1.0,1.0,True,MET_SHORT,81788928,81788928,418.94950430308154,True,184.39016153528678,True,81.622786895,True,True
1.3.6.1.4.1.14519.5.2.1.6279.6001.299767339686526858593516834230,-118.326081,-37.39744532,-110.3530583,4.088340903,2,512,512,156,0.6445310115814209,0.6445310115814209,2.0,-173.399994,-165.0,-251.475006,1.0,1.0,1.0,True,MET_SHORT,81788928,81788928,85.44804208081574,True,197.9773701918771,True,70.56097385000001,True,True
1.3.6.1.4.1.14519.5.2.1.6279.6001.299767339686526858593516834230,-72.28799048,-77.48196772,-160.4862542,4.087102079,2,512,512,156,0.6445310115814209,0.6445310115814209,2.0,-173.399994,-165.0,-251.475006,1.0,1.0,1.0,True,MET_SHORT,81788928,81788928,156.87686349165983,True,135.7856033416698,True,45.49437590000001,True,True
1.3.6.1.4.1.14519.5.2.1.6279.6001.299767339686526858593516834230,-57.72551821,73.77949357,-147.4155797,11.80179732,2,512,512,156,0.6445310115814209,0.6445310115814209,2.0,-173.399994,-165.0,-251.475006,1.0,1.0,1.0,True,MET_SHORT,81788928,81788928,179.47076821979624,True,370.4701391855929,True,52.029713150000006,True,True
1.3.6.1.4.1.14519.5.2.1.6279.6001.299767339686526858593516834230,-72.58061805,3.189654663,-124.7859175,7.740811844,2,512,512,156,0.6445310115814209,0.6445310115814209,2.0,-173.399994,-165.0,-251.475006,1.0,1.0,1.0,True,MET_SHORT,81788928,81788928,156.4228472151086,True,260.9488940653607,True,63.344544250000006,True,True
1.3.6.1.4.1.14519.5.2.1.6279.6001.299806338046301317870803017534,76.92845221,42.9591148,-156.1113403,4.359847311,8,512,512,232,0.5859379768371582,0.5859379768371582,1.25,-160.399994,-131.300003,-326.334991,1.0,1.0,1.0,True,MET_SHORT,121634816,121634816,405.04021857582626,True,297.4019856856445,True,136.17892056,True,True
1.3.6.1.4.1.14519.5.2.1.6279.6001.299806338046301317870803017534,-48.19484987,85.6472109,-106.9277616,6.223836401,8,512,512,232,0.5859379768371582,0.5859379768371582,1.25,-160.399994,-131.300003,-326.334991,1.0,1.0,1.0,True,MET_SHORT,121634816,121634816,191.49662347484886,True,370.2562770740037,True,175.52578352,True,True
1.3.6.1.4.1.14519.5.2.1.6279.6001.299806338046301317870803017534,-61.79005197,85.7037051,-88.95044821,4.880407071,8,512,512,232,0.5859379768371582,0.5859379768371582,1.25,-160.399994,-131.300003,-326.334991,1.0,1.0,1.0,True,MET_SHORT,121634816,121634816,168.29416410639195,True,370.35269376353955,True,189.90763423200002,True,True
1.3.6.1.4.1.14519.5.2.1.6279.6001.299806338046301317870803017534,31.99820076,87.0398605,-87.30499286,5.264823454,8,512,512,232,0.5859379768371582,0.5859379768371582,1.25,-160.399994,-131.300003,-326.334991,1.0,1.0,1.0,True,MET_SHORT,121634816,121634816,328.35931850423583,True,372.6330637904364,True,191.223998512,True,True
1.3.6.1.4.1.14519.5.2.1.6279.6001.299806338046301317870803017534,69.06378759,-5.20922866,-122.7216281,3.588905452,8,512,512,232,0.5859379768371582,0.5859379768371582,1.25,-160.399994,-131.300003,-326.334991,1.0,1.0,1.0,True,MET_SHORT,121634816,121634816,391.617868547496,True,215.19474641433374,True,162.89069032,True,True
1.3.6.1.4.1.14519.5.2.1.6279.6001.300136985030081433029390459071,118.8935973,9.543387329,-223.3917754,22.30485311,8,512,512,111,0.703125,0.703125,2.5,-171.0,-159.800003,-312.75,1.0,1.0,1.0,True,MET_SHORT,58195968,58195968,412.29311616,True,240.84393291235557,True,35.74328984,True,True
1.3.6.1.4.1.14519.5.2.1.6279.6001.300136985030081433029390459071,-32.57589084,-38.49990256,-195.9028979,9.65159512,8,512,512,111,0.703125,0.703125,2.5,-171.0,-159.800003,-312.75,1.0,1.0,1.0,True,MET_SHORT,58195968,58195968,196.86984413866668,True,172.51569840355555,True,46.73884084,True,True
1.3.6.1.4.1.14519.5.2.1.6279.6001.300146276266881736689307479986,-68.44093973,-157.1137025,-176.1858824,4.805890569,4,512,512,171,0.546875,0.546875,1.7999999523162842,-124.7265625,-279.7265625,-343.0,1.0,1.0,1.0,True,MET_SHORT,89653248,89653248,102.92228163657144,True,224.2063725714286,True,92.67451223281395,True,True
1.3.6.1.4.1.14519.5.2.1.6279.6001.300146276266881736689307479986,-55.10711143,-92.46668464,-105.1251227,6.821386617,4,512,512,171,0.546875,0.546875,1.7999999523162842,-124.7265625,-279.7265625,-343.0,1.0,1.0,1.0,True,MET_SHORT,89653248,89653248,127.30413909942857,True,342.41806237257146,True,132.15271311196244,True,True
1.3.6.1.4.1.14519.5.2.1.6279.6001.300246184547502297539521283806,-77.1815686,-56.67932785,-210.12595,3.844582048,3,512,512,154,0.6445310115814209,0.6445310115814209,2.0,-163.399994,-156.699997,-309.76001,1.0,1.0,1.0,True,MET_SHORT,80740352,80740352,133.76924283046446,True,155.18364105489565,True,49.81703000000002,True,True
1.3.6.1.4.1.14519.5.2.1.6279.6001.300246184547502297539521283806,100.1064082,4.113763028,-93.59102919,4.375706691,3,512,512,154,0.6445310115814209,0.6445310115814209,2.0,-163.399994,-156.699997,-309.76001,1.0,1.0,1.0,True,MET_SHORT,80740352,80740352,408.8343267664668,True,249.50507754999632,True,108.08449040500001,True,True
1.3.6.1.4.1.14519.5.2.1.6279.6001.300270516469599170290456821227,-64.08984827,-185.1943695,-176.461318,3.556818181,9,512,512,376,0.4609375,0.4609375,0.699999988079071,-120.76953,-252.76953,-316.5,1.0,1.0,1.0,True,MET_SHORT,197132288,197132288,122.96608917694915,True,146.60373803389834,True,200.05526340692083,True,True
1.3.6.1.4.1.14519.5.2.1.6279.6001.300270516469599170290456821227,-112.5257962,-147.0691547,-279.5736221,6.661399227,9,512,512,376,0.4609375,0.4609375,0.699999988079071,-120.76953,-252.76953,-316.5,1.0,1.0,1.0,True,MET_SHORT,197132288,197132288,17.884710616949153,True,229.3160684474576,True,52.75196932693208,True,True
1.3.6.1.4.1.14519.5.2.1.6279.6001.301462380687644451483231621986,91.67018342,-140.4872171,1157.979081,13.0575593,8,512,512,318,0.703125,0.703125,1.0,-179.6484375,-365.1484375,969.5,1.0,1.0,1.0,True,MET_SHORT,166723584,166723584,385.87537197511114,True,319.5181801244444,True,188.47908099999995,True,True
1.3.6.1.4.1.14519.5.2.1.6279.6001.301462380687644451483231621986,73.32391758,-154.0753119,1175.026682,12.76400579,8,512,512,318,0.703125,0.703125,1.0,-179.6484375,-365.1484375,969.5,1.0,1.0,1.0,True,MET_SHORT,166723584,166723584,359.78290500266667,True,300.19288974222223,True,205.52668199999994,True,True
1.3.6.1.4.1.14519.5.2.1.6279.6001.301462380687644451483231621986,61.57360432,-112.1197753,1206.626262,8.68806614,8,512,512,318,0.703125,0.703125,1.0,-179.6484375,-365.1484375,969.5,1.0,1.0,1.0,True,MET_SHORT,166723584,166723584,343.07134836622225,True,359.86298624,True,237.126262,True,True
1.3.6.1.4.1.14519.5.2.1.6279.6001.301582691063019848479942618641,85.1785161,-36.78139636,-100.6408476,8.623614727,5,512,512,583,0.703125,0.703125,0.625,-177.399994,-159.800003,-360.904999,1.0,1.0,1.0,True,MET_SHORT,305659904,305659904,373.44499214222225,True,174.95979611022221,True,416.4226422399999,True,True
1.3.6.1.4.1.14519.5.2.1.6279.6001.302403227435841351528721627052,94.08411483,8.592369179,-226.0784745,5.320080577,8,512,512,261,0.625,0.625,1.25,-168.800003,-176.0,-337.25,1.0,1.0,1.0,True,MET_SHORT,136839168,136839168,420.61458852800007,True,295.3477906864,True,88.9372204,True,True
1.3.6.1.4.1.14519.5.2.1.6279.6001.302403227435841351528721627052,91.171059,11.67926171,-221.9540872,4.509994543,8,512,512,261,0.625,0.625,1.25,-168.800003,-176.0,-337.25,1.0,1.0,1.0,True,MET_SHORT,136839168,136839168,415.9536992,True,300.286818736,True,92.23673024,True,True
1.3.6.1.4.1.14519.5.2.1.6279.6001.302557165094691896097534021075,-35.86499577,50.0903772,-54.97785519,11.73040225,2,512,512,233,0.6640620231628418,0.6640620231628418,1.25,-167.899994,-170.0,-262.25,1.0,1.0,1.0,True,MET_SHORT,122159104,122159104,198.8293165766871,True,331.4304530648175,True,165.81771584799998,True,True
1.3.6.1.4.1.14519.5.2.1.6279.6001.303421828981831854739626597495,90.69412437,136.8807468,1521.030798,5.060034849,0,512,512,300,0.744140625,0.744140625,1.0,-210.612314,-101.614477,1444.5,1.0,1.0,1.0,True,MET_SHORT,157286400,157286400,404.90524001427826,True,320.4975185973753,True,76.530798,True,True
1.3.6.1.4.1.14519.5.2.1.6279.6001.304700823314998198591652152637,-134.3906237,-122.7636416,-297.6611428,7.068103093,4,512,512,198,0.6640625,0.6640625,1.7999999523162842,-171.66796875,-318.66796875,-395.1,1.0,1.0,1.0,True,MET_SHORT,103809024,103809024,56.13529607529413,True,295.00886912,True,54.13269987847128,True,True
1.3.6.1.4.1.14519.5.2.1.6279.6001.305858704835252413616501469037,-61.93533913,226.7878603,-379.0557742,6.972916889,0,512,512,290,0.681640625,0.681640625,1.0,-187.672935,-28.0670528,-422.5,1.0,1.0,1.0,True,MET_SHORT,152043520,152043520,184.46317789524355,True,373.8845716538682,True,43.44422580000003,True,True
1.3.6.1.4.1.14519.5.2.1.6279.6001.305858704835252413616501469037,22.14091595,196.0980962,-367.3614119,9.253917448,0,512,512,290,0.681640625,0.681640625,1.0,-187.672935,-28.0670528,-422.5,1.0,1.0,1.0,True,MET_SHORT,152043520,152043520,307.80713950257876,True,328.86119280229224,True,55.13858809999999,True,True
1.3.6.1.4.1.14519.5.2.1.6279.6001.305887072264491016857673607285,-128.7512557,-1.511218785,-213.3437987,5.62818632,8,512,512,267,0.703125,0.703125,1.25,-172.699997,-182.600006,-358.190002,1.0,1.0,1.0,True,MET_SHORT,139984896,139984896,62.50487651555555,True,257.54849737244444,True,115.87696263999999,True,True
1.3.6.1.4.1.14519.5.2.1.6279.6001.306948744223170422945185006551,101.2451127,15.80942106,-105.5725817,16.09508736,1,512,512,127,0.703125,0.703125,2.5,-180.0,-169.600006,-332.25,1.0,1.0,1.0,True,MET_SHORT,66584576,66584576,399.9930491733333,True,263.69340737422226,True,90.67096732,True,True
1.3.6.1.4.1.14519.5.2.1.6279.6001.306948744223170422945185006551,117.1530633,-1.520032995,-208.7261177,21.67749437,1,512,512,127,0.703125,0.703125,2.5,-180.0,-169.600006,-332.25,1.0,1.0,1.0,True,MET_SHORT,66584576,66584576,422.61769002666665,True,239.0470727182222,True,49.409552919999996,True,True
1.3.6.1.4.1.14519.5.2.1.6279.6001.307835307280028057486413359377,-75.58452659,43.10980417,-128.326338,7.850328152,4,512,512,133,0.8203120231628418,0.8203120231628418,2.5,-211.0,-210.0,-325.5,1.0,1.0,1.0,True,MET_SHORT,69730304,69730304,165.07800640039918,True,308.55308348900627,True,78.8694648,True,True
1.3.6.1.4.1.14519.5.2.1.6279.6001.308655308958459380153492314021,-46.88603145,-71.47201601,-204.7362163,5.253505195,5,512,512,375,0.5859375,0.5859375,1.0,-153.70703125,-296.70703125,-386.6,1.0,1.0,1.0,True,MET_SHORT,196608000,196608000,182.3078396586667,True,384.40109267626667,True,181.86378370000003,True,True
1.3.6.1.4.1.14519.5.2.1.6279.6001.308655308958459380153492314021,-85.90557458,-179.9071501,-108.8742678,5.100020792,5,512,512,375,0.5859375,0.5859375,1.0,-153.70703125,-296.70703125,-386.6,1.0,1.0,1.0,True,MET_SHORT,196608000,196608000,115.71448605013332,True,199.33846382933334,True,277.72573220000004,True,True
1.3.6.1.4.1.14519.5.2.1.6279.6001.309672797925724868457151381131,48.84233801,-79.99347491,-170.1226167,7.747145031,1,512,512,301,0.546875,0.546875,1.0,-144.7265625,-304.7265625,-314.0,1.0,1.0,1.0,True,MET_SHORT,157810688,157810688,353.95456093257144,True,410.9405030217143,True,143.8773833,True,True
1.3.6.1.4.1.14519.5.2.1.6279.6001.309901913847714156367981722205,-44.74552511,15.74507375,-199.2057467,11.06629748,9,512,512,133,0.703125,0.703125,2.5,-172.699997,-180.0,-328.25,1.0,1.0,1.0,True,MET_SHORT,69730304,69730304,181.97969335466667,True,278.39299377777775,True,51.61770132,True,True
1.3.6.1.4.1.14519.5.2.1.6279.6001.309955999522338651429118207446,108.3539126,17.6636324,-144.3487942,7.19927326,6,512,512,417,0.703125,0.703125,0.625,-192.5,-191.5,-250.005005,1.0,1.0,1.0,True,MET_SHORT,218628096,218628096,427.88112014222224,True,297.47716608,True,169.04993728000005,True,True
1.3.6.1.4.1.14519.5.2.1.6279.6001.309955999522338651429118207446,-96.74440568,37.57394502,-138.1604297,9.008401966,6,512,512,417,0.703125,0.703125,0.625,-192.5,-191.5,-250.005005,1.0,1.0,1.0,True,MET_SHORT,218628096,218628096,136.185734144,True,325.79405513955555,True,178.95132048,True,True
1.3.6.1.4.1.14519.5.2.1.6279.6001.309955999522338651429118207446,81.25238955,-61.95603652,-102.7392007,4.624706443,6,512,512,417,0.703125,0.703125,0.625,-192.5,-191.5,-250.005005,1.0,1.0,1.0,True,MET_SHORT,218628096,218628096,389.3367318044444,True,184.240303616,True,235.62528688000003,True,True
1.3.6.1.4.1.14519.5.2.1.6279.6001.309955999522338651429118207446,64.42239176,10.39856954,-97.91300482,6.180360378,6,512,512,417,0.703125,0.703125,0.625,-192.5,-191.5,-250.005005,1.0,1.0,1.0,True,MET_SHORT,218628096,218628096,365.4007349475555,True,287.1446322346667,True,243.347200288,True,True
1.3.6.1.4.1.14519.5.2.1.6279.6001.309955999522338651429118207446,87.84093673,-9.774362874,-73.52174071,4.481934217,6,512,512,417,0.703125,0.703125,0.625,-192.5,-191.5,-250.005005,1.0,1.0,1.0,True,MET_SHORT,218628096,218628096,398.707110016,True,258.45423946808893,True,282.373222864,True,True
1.3.6.1.4.1.14519.5.2.1.6279.6001.309955999522338651429118207446,-61.41380792,86.92191873,-68.29510047,8.748557314,6,512,512,417,0.703125,0.703125,0.625,-192.5,-191.5,-250.005005,1.0,1.0,1.0,True,MET_SHORT,218628096,218628096,186.43369540266664,True,395.97783997155557,True,290.735847248,True,True
1.3.6.1.4.1.14519.5.2.1.6279.6001.309955999522338651429118207446,-89.72409213,4.989814421,-36.10094622,4.393756108,6,512,512,417,0.703125,0.703125,0.625,-192.5,-191.5,-250.005005,1.0,1.0,1.0,True,MET_SHORT,218628096,218628096,146.17018008177777,True,279.45218050986665,True,342.24649404800005,True,True
1.3.6.1.4.1.14519.5.2.1.6279.6001.310395752124284049604069960014,-43.17549976,-70.66475672,-149.5314353,8.488955168,1,512,512,109,0.6640620231628418,0.6640620231628418,2.5,-179.899994,-170.0,-250.0,1.0,1.0,1.0,True,MET_SHORT,57147392,57147392,205.8911509331596,True,149.58729729322428,True,40.18742588,True,True
1.3.6.1.4.1.14519.5.2.1.6279.6001.310395752124284049604069960014,-111.5859962,-21.64957873,-70.20646602,5.685267589,1,512,512,109,0.6640620231628418,0.6640620231628418,2.5,-179.899994,-170.0,-250.0,1.0,1.0,1.0,True,MET_SHORT,57147392,57147392,102.87291761487765,True,223.39844185551536,True,71.917413592,True,True
1.3.6.1.4.1.14519.5.2.1.6279.6001.310395752124284049604069960014,-93.51330673,11.06618299,-126.3944134,5.234851716,1,512,512,109,0.6640620231628418,0.6640620231628418,2.5,-179.899994,-170.0,-250.0,1.0,1.0,1.0,True,MET_SHORT,57147392,57147392,130.08828130021854,True,272.66456546875713,True,49.442234639999995,True,True
1.3.6.1.4.1.14519.5.2.1.6279.6001.310548927038333190233889983845,-46.84173683,58.34921221,-64.06849523,8.364989395,0,512,512,127,0.703125,0.703125,2.5,-200.199997,-180.0,-337.25,1.0,1.0,1.0,True,MET_SHORT,66584576,66584576,218.1095255751111,True,338.9855462542222,True,109.272601908,True,True
1.3.6.1.4.1.14519.5.2.1.6279.6001.311476128731958142981941696518,-89.41960826,230.4681484,-614.3390574,7.59997723,9,512,512,280,0.8046875,0.8046875,0.9999998807907104,-196.464964,-81.1549881,-708.599976,0.9999999999999999,0.9999999999999999,1.0,True,MET_SHORT,146800640,146800640,133.02723820116506,True,387.2598201165049,True,94.26092983677844,True,True
1.3.6.1.4.1.14519.5.2.1.6279.6001.312127933722985204808706697221,-6.607170093,22.55937329,-143.7929641,9.48489034,9,512,512,205,0.6054689884185791,0.6054689884185791,1.25,167.199997,155.0,-307.25,-1.0,-1.0,1.0,True,MET_SHORT,107479040,107479040,287.06204680600723,True,218.74056185093954,True,130.76562872,True,True
1.3.6.1.4.1.14519.5.2.1.6279.6001.312127933722985204808706697221,116.8024039,-1.291850522,-197.5054168,4.666322736,9,512,512,205,0.6054689884185791,0.6054689884185791,1.25,167.199997,155.0,-307.25,-1.0,-1.0,1.0,True,MET_SHORT,107479040,107479040,83.23728227870625,True,258.1335353445893,True,87.79566656,True,True
1.3.6.1.4.1.14519.5.2.1.6279.6001.312127933722985204808706697221,119.2088976,-11.4328236,-208.2932951,6.853377495,9,512,512,205,0.6054689884185791,0.6054689884185791,1.25,167.199997,155.0,-307.25,-1.0,-1.0,1.0,True,MET_SHORT,107479040,107479040,79.26268779735139,True,274.88249073615634,True,79.16536392,True,True
1.3.6.1.4.1.14519.5.2.1.6279.6001.312127933722985204808706697221,111.5336493,-37.25625083,-238.8281758,5.772283337,9,512,512,205,0.6054689884185791,0.6054689884185791,1.25,167.199997,155.0,-307.25,-1.0,-1.0,1.0,True,MET_SHORT,107479040,107479040,91.93922193338855,True,317.5327795601109,True,54.73745936,True,True
1.3.6.1.4.1.14519.5.2.1.6279.6001.312127933722985204808706697221,95.99601184,-23.33441995,-157.7220192,4.835148932,9,512,512,205,0.6054689884185791,0.6054689884185791,1.25,167.199997,155.0,-307.25,-1.0,-1.0,1.0,True,MET_SHORT,107479040,107479040,117.60137434284995,True,294.5393130964323,True,119.62238463999999,True,True
1.3.6.1.4.1.14519.5.2.1.6279.6001.312704771348460502013249647868,94.35547105,91.59711801,-85.60911893,4.473572199,4,512,512,249,0.8046879768371582,0.8046879768371582,1.25,-215.800003,-167.699997,-306.75,0.9999999999999999,0.9999999999999999,1.0,True,MET_SHORT,130547712,130547712,385.43570051720195,True,322.233117026518,True,176.912704856,True,True
1.3.6.1.4.1.14519.5.2.1.6279.6001.312704771348460502013249647868,20.84754253,147.7875736,-123.7256197,4.945821582,4,512,512,249,0.8046879768371582,0.8046879768371582,1.25,-215.800003,-167.699997,-306.75,0.9999999999999999,0.9999999999999999,1.0,True,MET_SHORT,130547712,130547712,294.08609590533194,True,392.0619913323797,True,146.41950424,True,True
1.3.6.1.4.1.14519.5.2.1.6279.6001.312704771348460502013249647868,102.312989,110.4620141,-170.2480634,6.418972326,4,512,512,249,0.8046879768371582,0.8046879768371582,1.25,-215.800003,-167.699997,-306.75,0.9999999999999999,0.9999999999999999,1.0,True,MET_SHORT,130547712,130547712,395.32464900289597,True,345.67685749863097,True,109.20154928,True,True
1.3.6.1.4.1.14519.5.2.1.6279.6001.313283554967554803238484128406,-96.15880098,50.98702071,-126.4487451,10.32149081,3,512,512,135,0.78125,0.78125,2.5,-220.2,-168.6,-371.5,1.0,1.0,1.0,True,MET_SHORT,70778880,70778880,158.7727347456,True,281.0713865088,True,98.02050196,True,True
1.3.6.1.4.1.14519.5.2.1.6279.6001.313283554967554803238484128406,-129.5582207,43.95116739,-164.9900987,10.417941,3,512,512,135,0.78125,0.78125,2.5,-220.2,-168.6,-371.5,1.0,1.0,1.0,True,MET_SHORT,70778880,70778880,116.02147750399999,True,272.06549425919997,True,82.60396052,True,True
1.3.6.1.4.1.14519.5.2.1.6279.6001.313283554967554803238484128406,-54.40303309,81.75967211,-286.5417517,15.71097733,3,512,512,135,0.78125,0.78125,2.5,-220.2,-168.6,-371.5,1.0,1.0,1.0,True,MET_SHORT,70778880,70778880,212.22011764479998,True,320.4603803008,True,33.98329931999999,True,True
1.3.6.1.4.1.14519.5.2.1.6279.6001.313334055029671473836954456733,68.05574564,43.7031034,-266.0215516,12.68580657,0,512,512,123,0.703125,0.703125,2.5,-180.0,-157.5,-349.5,1.0,1.0,1.0,True,MET_SHORT,64487424,64487424,352.7903937991111,True,286.1555248355556,True,33.391379359999995,True,True
1.3.6.1.4.1.14519.5.2.1.6279.6001.313605260055394498989743099991,-104.7330571,-65.28037827,-153.0965685,5.654138498,0,512,512,129,0.78125,0.78125,2.5,-208.199997,-242.0,-334.5,1.0,1.0,1.0,True,MET_SHORT,67633152,67633152,132.437683072,True,226.2011158144,True,72.5613726,True,True
1.3.6.1.4.1.14519.5.2.1.6279.6001.313835996725364342034830119490,-104.132632,5.561806071,-43.86310901,13.14006008,0,512,512,465,0.703125,0.703125,0.625,-188.800003,-196.600006,-279.095001,1.0,1.0,1.0,True,MET_SHORT,243793920,243793920,120.41581653333334,True,287.5190216120889,True,376.371027184,True,True
1.3.6.1.4.1.14519.5.2.1.6279.6001.314789075871001236641548593165,-47.98966389,-118.8036156,-82.10624424,6.853098388,1,512,512,181,0.72265625,0.72265625,1.7999999523162842,-178.63867,-349.63867,-349.0,1.0,1.0,1.0,True,MET_SHORT,94896128,94896128,180.78997602248646,True,319.42580500756753,True,148.27431268348343,True,True
1.3.6.1.4.1.14519.5.2.1.6279.6001.315187221221054114974341475212,-78.34099522,229.6995557,-700.4896349,4.015559137,6,512,512,300,0.71484375,0.71484375,1.0,-171.0,-39.0,-803.900024,1.0,1.0,1.0,True,MET_SHORT,157286400,157286400,129.6213400201093,True,375.885717263388,True,103.41038909999997,True,True
1.3.6.1.4.1.14519.5.2.1.6279.6001.315187221221054114974341475212,-94.11576971,212.0770162,-721.5469281,4.385767296,6,512,512,300,0.71484375,0.71484375,1.0,-171.0,-39.0,-803.900024,1.0,1.0,1.0,True,MET_SHORT,157286400,157286400,107.55389592480876,True,351.2334215693989,True,82.35309590000008,True,True
1.3.6.1.4.1.14519.5.2.1.6279.6001.315214756157389122376518747372,49.76140034,-30.97057504,-40.7778355,5.937590395,1,512,512,225,0.828125,0.828125,1.25,-206.800003,-212.0,-280.0,1.0,1.0,1.0,True,MET_SHORT,117964800,117964800,309.8099964860378,True,218.60156976301886,True,191.3777316,True,True
1.3.6.1.4.1.14519.5.2.1.6279.6001.315770913282450940389971401304,55.84381658,87.20226025,-175.8774794,4.034133192,6,512,512,230,0.6054689884185791,0.6054689884185791,1.25,-146.699997,-145.0,-290.059998,1.0,1.0,1.0,True,MET_SHORT,120586240,120586240,334.5238442500961,True,383.5080981711181,True,91.34601488000001,True,True
1.3.6.1.4.1.14519.5.2.1.6279.6001.316900421002460665752357657094,-97.41069879,-44.65572813,-143.8867224,24.66335961,6,512,512,181,0.6445310115814209,0.6445310115814209,2.0,-170.699997,-172.800003,-339.584991,1.0,1.0,1.0,True,MET_SHORT,94896128,94896128,113.70949867901223,True,198.8178575854485,True,97.8491343,True,True
1.3.6.1.4.1.14519.5.2.1.6279.6001.316900421002460665752357657094,41.19376183,-3.596828721,-11.48987867,9.067255434,6,512,512,181,0.6445310115814209,0.6445310115814209,2.0,-170.699997,-172.800003,-339.584991,1.0,1.0,1.0,True,MET_SHORT,94896128,94896128,328.7564989465714,True,262.52138568762297,True,164.047556165,True,True
1.3.6.1.4.1.14519.5.2.1.6279.6001.316911475886263032009840828684,111.3562508,-106.6054694,-118.862537,11.29624596,6,512,512,206,0.703125,0.703125,1.7999999523162842,-167.64844,-354.64844,-401.0,1.0,1.0,1.0,True,MET_SHORT,108003328,108003328,396.80667136,True,352.77222485333334,True,156.74303915227253,True,True
1.3.6.1.4.1.14519.5.2.1.6279.6001.317087518531899043292346860596,-87.92743528,-49.5343381,-117.0008151,9.443896197,0,512,512,474,0.625,0.625,0.625,-167.800003,-160.0,-251.514999,1.0,1.0,1.0,True,MET_SHORT,248512512,248512512,127.796108352,True,176.74505904,True,215.22269423999995,True,True
1.3.6.1.4.1.14519.5.2.1.6279.6001.319066480138812986026181758474,125.1264993,22.05896161,-185.8029252,4.936242591,3,512,512,220,0.5976560115814209,0.5976560115814209,1.25,-138.699997,-142.600006,-307.649994,1.0,1.0,1.0,True,MET_SHORT,115343360,115343360,441.4353594501709,True,275.5079249923481,True,97.47765503999999,True,True
1.3.6.1.4.1.14519.5.2.1.6279.6001.319066480138812986026181758474,-40.79954744,79.7815833,-160.1080585,5.433793389,3,512,512,220,0.5976560115814209,0.5976560115814209,1.25,-138.699997,-142.600006,-307.649994,1.0,1.0,1.0,True,MET_SHORT,115343360,115343360,163.80735349913343,True,372.08960504148484,True,118.0335484,True,True
1.3.6.1.4.1.14519.5.2.1.6279.6001.320111824803959660037459294083,-77.02533313,89.93861809,-135.120507,5.183339807,4,512,512,116,0.703125,0.703125,2.5,-170.2,-180.0,-284.25,1.0,1.0,1.0,True,MET_SHORT,60817408,60817408,132.51508177066665,True,383.9127012835555,True,59.6517972,True,True
1.3.6.1.4.1.14519.5.2.1.6279.6001.321465552859463184018938648244,-20.72433589,-82.43422239,-163.5191536,9.991058045,3,512,512,180,0.68359375,0.68359375,1.7999999523162842,-169.6582,-336.6582,-366.2,1.0,1.0,1.0,True,MET_SHORT,94371840,94371840,217.8689669266286,True,371.8933615323429,True,112.60047320511607,True,True
1.3.6.1.4.1.14519.5.2.1.6279.6001.321935195060268166151738328001,74.13268405,-26.75317521,-252.6553875,10.03917434,6,512,512,214,0.8203120231628418,0.8203120231628418,1.25,-210.0,-210.0,-290.75,1.0,1.0,1.0,True,MET_SHORT,112197632,112197632,346.37147332606656,True,223.38673531013615,True,30.475690000000007,True,True
1.3.6.1.4.1.14519.5.2.1.6279.6001.321935195060268166151738328001,-47.21141318,95.09026184,-179.9203418,12.79644145,6,512,512,214,0.8203120231628418,0.8203120231628418,1.25,-210.0,-210.0,-290.75,1.0,1.0,1.0,True,MET_SHORT,112197632,112197632,198.4471545258389,True,371.9197734828713,True,88.66372656000001,True,True
1.3.6.1.4.1.14519.5.2.1.6279.6001.323302986710576400812869264321,-78.55235498,24.91578897,-107.3639625,7.165672419,0,512,512,157,0.703125,0.703125,2.0,-174.300003,-180.0,-275.839996,1.0,1.0,1.0,True,MET_SHORT,82313216,82313216,136.17443273955556,True,291.43578875733334,True,84.23801674999999,True,True
1.3.6.1.4.1.14519.5.2.1.6279.6001.323408652979949774528873200770,72.1887603,-14.4688642,-195.2387769,22.46928325,5,512,512,133,0.703125,0.703125,2.5,-185.199997,-200.699997,-367.0,1.0,1.0,1.0,True,MET_SHORT,69730304,69730304,366.06401038222225,True,264.86205553777774,True,68.70448924,True,True
1.3.6.1.4.1.14519.5.2.1.6279.6001.323408652979949774528873200770,74.72764672,30.75813083,-101.3115905,18.86783511,5,512,512,133,0.703125,0.703125,2.5,-185.199997,-200.699997,-367.0,1.0,1.0,1.0,True,MET_SHORT,69730304,69730304,369.6748710684444,True,329.1848929137778,True,106.27536380000001,True,True
1.3.6.1.4.1.14519.5.2.1.6279.6001.323426705628838942177546503237,82.32330622,-183.4399074,-199.7152718,4.084248678,7,512,512,341,0.7421875,0.7421875,1.0,-203.62890625,-388.62890625,-378.0,1.0,1.0,1.0,True,MET_SHORT,178782208,178782208,385.28298101221054,True,276.4651773978947,True,178.2847282,True,True
1.3.6.1.4.1.14519.5.2.1.6279.6001.323535944958374186208096541480,-50.16716421,27.87502068,-59.55902456,5.521988183,7,512,512,246,0.5859379768371582,0.5859379768371582,1.25,-170.7,-134.0,-319.5,1.0,1.0,1.0,True,MET_SHORT,128974848,128974848,205.70920567501983,True,276.26647713429867,True,207.952780352,True,True
1.3.6.1.4.1.14519.5.2.1.6279.6001.323541312620128092852212458228,-118.0512328,94.75414104,-230.190551,4.560710413,3,512,512,241,0.8222659826278687,0.8222659826278687,1.25,-234.800003,-170.5,-325.0,1.0,1.0,1.0,True,MET_SHORT,126353408,126353408,141.98419084161088,True,322.5892188708548,True,75.8475592,True,True
1.3.6.1.4.1.14519.5.2.1.6279.6001.323753921818102744511069914832,97.83677666,55.50902909,-280.9785357,21.08245746,2,512,512,421,0.703125,0.703125,0.6250000596046448,-183.600006,-187.300003,-312.705017,1.0,1.0,1.0,True,MET_SHORT,220725248,220725248,400.26564644977776,True,345.3284011946667,True,50.762365238923586,True,True
1.3.6.1.4.1.14519.5.2.1.6279.6001.323753921818102744511069914832,88.68803313,29.52753243,-267.9721837,8.515646762,2,512,512,421,0.703125,0.703125,0.6250000596046448,-183.600006,-187.300003,-312.705017,1.0,1.0,1.0,True,MET_SHORT,220725248,220725248,387.254100096,True,308.37693927822227,True,71.57252645431194,True,True
1.3.6.1.4.1.14519.5.2.1.6279.6001.323859712968543712594665815359,-57.16455992,44.51132063,-79.73793688,6.614419285,0,512,512,267,0.5957030057907104,0.5957030057907104,1.25,-139.5,-167.600006,-345.345001,1.0,1.0,1.0,True,MET_SHORT,139984896,139984896,138.21558608842588,True,356.06892120420406,True,212.48565129600001,True,True
1.3.6.1.4.1.14519.5.2.1.6279.6001.323859712968543712594665815359,-80.95533246,-74.33680027,-115.0576615,5.104384596,0,512,512,267,0.5957030057907104,0.5957030057907104,1.25,-139.5,-167.600006,-345.345001,1.0,1.0,1.0,True,MET_SHORT,139984896,139984896,98.2782812423287,True,156.55990455546964,True,184.22987160000002,True,True
1.3.6.1.4.1.14519.5.2.1.6279.6001.323899724653546164058849558431,94.97968016,77.58891384,-162.3511214,5.134733017,5,512,512,429,0.703125,0.703125,0.625,-180.0,-188.300003,-279.315002,1.0,1.0,1.0,True,MET_SHORT,224919552,224919552,391.0822117831111,True,378.1531261724444,True,187.14220895999998,True,True
1.3.6.1.4.1.14519.5.2.1.6279.6001.323899724653546164058849558431,93.02994736,76.85220572,-180.3229252,6.306448592,5,512,512,429,0.703125,0.703125,0.625,-180.0,-188.300003,-279.315002,1.0,1.0,1.0,True,MET_SHORT,224919552,224919552,388.30925846755554,True,377.10536351288886,True,158.38732288,True,True
1.3.6.1.4.1.14519.5.2.1.6279.6001.324290109423920971676288828329,-107.0930177,-230.4358408,-196.9335875,3.90241061,3,512,512,383,0.6640625,0.6640625,1.0,-160.66796875,-332.66796875,-381.5,1.0,1.0,1.0,True,MET_SHORT,200802304,200802304,80.67757334588235,True,153.94955738352942,True,184.5664125,True,True
1.3.6.1.4.1.14519.5.2.1.6279.6001.324290109423920971676288828329,-34.21742242,-258.2050698,-180.5932222,8.714126601,3,512,512,383,0.6640625,0.6640625,1.0,-160.66796875,-332.66796875,-381.5,1.0,1.0,1.0,True,MET_SHORT,200802304,200802304,190.41964623811765,True,112.13236547764707,True,200.9067778,True,True
1.3.6.1.4.1.14519.5.2.1.6279.6001.324290109423920971676288828329,-89.74386627,-177.920042,-171.969291,11.05222629,3,512,512,383,0.6640625,0.6640625,1.0,-160.66796875,-332.66796875,-381.5,1.0,1.0,1.0,True,MET_SHORT,200802304,200802304,106.80335432282354,True,233.03217204705882,True,209.530709,True,True
1.3.6.1.4.1.14519.5.2.1.6279.6001.324290109423920971676288828329,81.06879582,-250.9442408,-166.747044,9.330163033,3,512,512,383,0.6640625,0.6640625,1.0,-160.66796875,-332.66796875,-381.5,1.0,1.0,1.0,True,MET_SHORT,200802304,200802304,364.02712782305883,True,123.0663197364706,True,214.752956,True,True
1.3.6.1.4.1.14519.5.2.1.6279.6001.324567010179873305471925391582,-87.6116254,-12.62484473,-163.8559956,9.82174492,3,512,512,301,0.7519530057907104,0.7519530057907104,1.25,-184.699997,-192.5,-430.75,1.0,1.0,1.0,True,MET_SHORT,157810688,157810688,129.1149458175348,True,239.21063402207383,True,213.51520351999997,True,True
1.3.6.1.4.1.14519.5.2.1.6279.6001.324567010179873305471925391582,142.588728,-5.403468458,-299.2211503,5.07904476,3,512,512,301,0.7519530057907104,0.7519530057907104,1.25,-184.699997,-192.5,-430.75,1.0,1.0,1.0,True,MET_SHORT,157810688,157810688,435.25156822246095,True,248.81412814522906,True,105.22307976000002,True,True
1.3.6.1.4.1.14519.5.2.1.6279.6001.324567010179873305471925391582,-35.50220052,12.42447242,-98.52928857,5.208074501,3,512,512,301,0.7519530057907104,0.7519530057907104,1.25,-184.699997,-192.5,-430.75,1.0,1.0,1.0,True,MET_SHORT,157810688,157810688,198.41372443629265,True,272.522977954604,True,265.776569144,True,True
1.3.6.1.4.1.14519.5.2.1.6279.6001.325164338773720548739146851679,-75.22199506,62.49234348,-96.3478276,12.6058106,1,512,512,490,0.546875,0.546875,0.625,-127.599998,-133.800003,-333.625,1.0,1.0,1.0,True,MET_SHORT,256901120,256901120,95.77691966171429,True,358.93457642057143,True,379.64347583999995,True,True
1.3.6.1.4.1.14519.5.2.1.6279.6001.325164338773720548739146851679,-48.04666893,85.21928222,-143.2366224,4.745975018,1,512,512,490,0.546875,0.546875,0.625,-127.599998,-133.800003,-333.625,1.0,1.0,1.0,True,MET_SHORT,256901120,256901120,145.46894458514285,True,400.49240725942855,True,304.62140416,True,True
1.3.6.1.4.1.14519.5.2.1.6279.6001.326057189095429101398977448288,-50.86292739,-91.99602194,-156.3356188,9.407091622,1,512,512,326,0.64453125,0.64453125,1.0,-160.677734375,-320.677734375,-366.6,1.0,1.0,1.0,True,MET_SHORT,170917888,170917888,170.37933689793937,True,354.80314171733335,True,210.26438120000003,True,True
1.3.6.1.4.1.14519.5.2.1.6279.6001.326057189095429101398977448288,-13.65835546,-135.5047895,-97.68078459,6.305697229,1,512,512,326,0.64453125,0.64453125,1.0,-160.677734375,-320.677734375,-366.6,1.0,1.0,1.0,True,MET_SHORT,170917888,170917888,228.1027939529697,True,287.29862962424244,True,268.91921541,True,True
1.3.6.1.4.1.14519.5.2.1.6279.6001.326057189095429101398977448288,-45.80083441,-101.6518106,-90.27642107,5.323697876,1,512,512,326,0.64453125,0.64453125,1.0,-160.677734375,-320.677734375,-366.6,1.0,1.0,1.0,True,MET_SHORT,170917888,170917888,178.23325085478788,True,339.82203931151514,True,276.32357893000005,True,True
1.3.6.1.4.1.14519.5.2.1.6279.6001.326057189095429101398977448288,81.35608846,-134.6072395,-77.74723215,7.702745337,1,512,512,326,0.64453125,0.64453125,1.0,-160.677734375,-320.677734375,-366.6,1.0,1.0,1.0,True,MET_SHORT,170917888,170917888,375.51914330763634,True,288.6911920484849,True,288.85276785,True,True
1.3.6.1.4.1.14519.5.2.1.6279.6001.326057189095429101398977448288,-32.95652305,-165.0205503,-80.42038104,4.225740939,1,512,512,326,0.64453125,0.64453125,1.0,-160.677734375,-320.677734375,-366.6,1.0,1.0,1.0,True,MET_SHORT,170917888,170917888,198.16139454060607,True,241.50447953454545,True,286.17961896,True,True
1.3.6.1.4.1.14519.5.2.1.6279.6001.326057189095429101398977448288,27.35574333,-113.1712109,-118.7382011,6.875805854,1,512,512,326,0.64453125,0.64453125,1.0,-160.677734375,-320.677734375,-366.6,1.0,1.0,1.0,True,MET_SHORT,170917888,170917888,291.7367896513939,True,321.949515209697,True,247.86179890000003,True,True
1.3.6.1.4.1.14519.5.2.1.6279.6001.328789598898469177563438457842,94.69277052,-58.75126934,-223.1832419,5.902097585,7,512,512,128,0.7421879768371582,0.7421879768371582,2.5,-194.5,-219.0,-355.25,1.0,1.0,1.0,True,MET_SHORT,67108864,67108864,389.6489562555271,True,215.9139404856727,True,52.82670323999999,True,True
1.3.6.1.4.1.14519.5.2.1.6279.6001.328789598898469177563438457842,92.33199711,0.471155965,-196.1703197,11.4077692,7,512,512,128,0.7421879768371582,0.7421879768371582,2.5,-194.5,-219.0,-355.25,1.0,1.0,1.0,True,MET_SHORT,67108864,67108864,386.4681267572368,True,295.70831489386103,True,63.631872120000004,True,True
1.3.6.1.4.1.14519.5.2.1.6279.6001.328789598898469177563438457842,76.37260492,-58.7146568,-188.3180962,6.762379039,7,512,512,128,0.7421879768371582,0.7421879768371582,2.5,-194.5,-219.0,-355.25,1.0,1.0,1.0,True,MET_SHORT,67108864,67108864,364.96495951649126,True,215.96327103418955,True,66.77276151999999,True,True
1.3.6.1.4.1.14519.5.2.1.6279.6001.328789598898469177563438457842,38.18494377,-70.85731384,-177.4034718,7.013205598,7,512,512,128,0.7421879768371582,0.7421879768371582,2.5,-194.5,-219.0,-355.25,1.0,1.0,1.0,True,MET_SHORT,67108864,67108864,313.5121438662875,True,199.6026489021172,True,71.13861127999999,True,True
1.3.6.1.4.1.14519.5.2.1.6279.6001.328789598898469177563438457842,73.40337941,-79.17103932,-160.465872,7.382823191,7,512,512,128,0.7421879768371582,0.7421879768371582,2.5,-194.5,-219.0,-355.25,1.0,1.0,1.0,True,MET_SHORT,67108864,67108864,360.9643213996447,True,188.4010049258445,True,77.9136512,True,True
1.3.6.1.4.1.14519.5.2.1.6279.6001.328789598898469177563438457842,54.10098991,-74.66241303,-158.289718,6.162501209,7,512,512,128,0.7421879768371582,0.7421879768371582,2.5,-194.5,-219.0,-355.25,1.0,1.0,1.0,True,MET_SHORT,67108864,67108864,334.9569080456082,True,194.475781708424,True,78.7841128,True,True
1.3.6.1.4.1.14519.5.2.1.6279.6001.328789598898469177563438457842,47.3980366,-92.91586123,-157.6125367,4.696704052,7,512,512,128,0.7421879768371582,0.7421879768371582,2.5,-194.5,-219.0,-355.25,1.0,1.0,1.0,True,MET_SHORT,67108864,67108864,325.92556623033835,True,169.88167782952894,True,79.05498532,True,True
1.3.6.1.4.1.14519.5.2.1.6279.6001.328789598898469177563438457842,-94.14005815,-66.6427403,-243.48921,5.375765996,7,512,512,128,0.7421879768371582,0.7421879768371582,2.5,-194.5,-219.0,-355.25,1.0,1.0,1.0,True,MET_SHORT,67108864,67108864,135.22172951074327,True,205.28122854976988,True,44.70431599999999,True,True
1.3.6.1.4.1.14519.5.2.1.6279.6001.328789598898469177563438457842,-72.47324637,52.77800062,-212.0353733,5.116058049,7,512,512,128,0.7421879768371582,0.7421879768371582,2.5,-194.5,-219.0,-355.25,1.0,1.0,1.0,True,MET_SHORT,67108864,67108864,164.41488873212185,True,366.1848603074719,True,57.285850679999996,True,True
1.3.6.1.4.1.14519.5.2.1.6279.6001.328944769569002417592093467626,-91.50114978,-5.251185287,-138.9674206,5.41336635,9,512,512,113,0.703125,0.703125,2.5,-171.399994,-180.0,-279.5,1.0,1.0,1.0,True,MET_SHORT,59244544,59244544,113.63391177955553,True,248.53164759182224,True,56.21303176,True,True
1.3.6.1.4.1.14519.5.2.1.6279.6001.329404588567903628160652715124,29.80896453,60.46795255,-278.3676965,6.955440317,6,512,512,147,0.78125,0.78125,2.5,-211.199997,-200.0,-380.75,1.0,1.0,1.0,True,MET_SHORT,77070336,77070336,308.4914707584,True,333.398979264,True,40.952921399999994,True,True
1.3.6.1.4.1.14519.5.2.1.6279.6001.329404588567903628160652715124,36.07972135,-29.73608262,-89.48053564,23.04344837,6,512,512,147,0.78125,0.78125,2.5,-211.199997,-200.0,-380.75,1.0,1.0,1.0,True,MET_SHORT,77070336,77070336,316.518039488,True,217.93781424640002,True,116.50778574400002,True,True
1.3.6.1.4.1.14519.5.2.1.6279.6001.329624439086643515259182406526,-90.91776955,82.31102136,-186.4472527,6.724954348,6,512,512,267,0.7519530057907104,0.7519530057907104,1.25,-183.600006,-192.5,-357.720001,1.0,1.0,1.0,True,MET_SHORT,139984896,139984896,123.25535736444155,True,365.46302660366996,True,137.01819864,True,True
1.3.6.1.4.1.14519.5.2.1.6279.6001.330544495001617450666819906758,-52.41930738,-24.7935206,-176.1642111,16.82893945,6,512,512,148,0.859375,0.859375,2.5,-225.7,-220.0,-404.0,1.0,1.0,1.0,True,MET_SHORT,77594624,77594624,201.63571504872726,True,227.14935784727274,True,91.13431556,True,True
1.3.6.1.4.1.14519.5.2.1.6279.6001.332829333783605240302521201463,-83.91769065,47.09117513,-181.283014,6.862828144,7,512,512,281,0.8164060115814209,0.8164060115814209,1.25,-206.899994,-199.0,-330.0,1.0,1.0,1.0,True,MET_SHORT,147324928,147324928,150.638654793559,True,301.4323408193781,True,118.97358879999999,True,True
1.3.6.1.4.1.14519.5.2.1.6279.6001.332829333783605240302521201463,-88.46186388,18.95338468,-176.0384633,4.838097863,7,512,512,281,0.8164060115814209,0.8164060115814209,1.25,-206.899994,-199.0,-330.0,1.0,1.0,1.0,True,MET_SHORT,147324928,147324928,145.07258452271705,True,266.9669032174481,True,123.16922936,True,True
1.3.6.1.4.1.14519.5.2.1.6279.6001.332829333783605240302521201463,-1.495127425,44.84438957,-163.8288849,4.87074364,7,512,512,281,0.8164060115814209,0.8164060115814209,1.25,-206.899994,-199.0,-330.0,1.0,1.0,1.0,True,MET_SHORT,147324928,147324928,251.59646506904093,True,298.6802964589405,True,132.93689208,True,True
1.3.6.1.4.1.14519.5.2.1.6279.6001.332829333783605240302521201463,-12.64801202,100.0271132,-125.3106987,5.264828408,7,512,512,281,0.8164060115814209,0.8164060115814209,1.25,-206.899994,-199.0,-330.0,1.0,1.0,1.0,True,MET_SHORT,147324928,147324928,237.9355115278044,True,366.2725518406815,True,163.75144104,True,True
1.3.6.1.4.1.14519.5.2.1.6279.6001.332829333783605240302521201463,-37.95117393,-30.07284828,-111.6084477,7.736403192,7,512,512,281,0.8164060115814209,0.8164060115814209,1.25,-206.899994,-199.0,-330.0,1.0,1.0,1.0,True,MET_SHORT,147324928,147324928,206.9421558309417,True,206.91561468634868,True,174.71324184,True,True
1.3.6.1.4.1.14519.5.2.1.6279.6001.333145094436144085379032922488,-36.55628288,94.95448429,-231.0861394,8.208342207,0,512,512,139,0.78125,0.78125,2.5,-182.399994,-187.100006,-382.5,1.0,1.0,1.0,True,MET_SHORT,72876032,72876032,186.67995023359998,True,361.0297475712,True,60.565544239999994,True,True
1.3.6.1.4.1.14519.5.2.1.6279.6001.334105754605642100456249422350,-120.8495868,38.33931617,-214.8832613,3.8850462,1,512,512,261,0.5859379768371582,0.5859379768371582,1.25,-168.1,-135.0,-342.5,1.0,1.0,1.0,True,MET_SHORT,136839168,136839168,80.64063956914617,True,295.832192181279,True,102.09339096000001,True,True
1.3.6.1.4.1.14519.5.2.1.6279.6001.334517907433161353885866806005,-90.57045037,207.9808255,-397.6269191,12.57054118,0,512,512,280,0.67578125,0.67578125,1.0000001192092896,-178.348075,-32.8987169,-593.900024,1.0,1.0,1.0,True,MET_SHORT,146800640,146800640,129.89058904786125,True,356.44602806011557,True,196.2730815024254,True,True
1.3.6.1.4.1.14519.5.2.1.6279.6001.334517907433161353885866806005,-105.1725776,139.3306893,-448.4343057,7.178922623,0,512,512,280,0.67578125,0.67578125,1.0000001192092896,-178.348075,-32.8987169,-593.900024,1.0,1.0,1.0,True,MET_SHORT,146800640,146800640,108.2828169618497,True,254.85969934797683,True,145.4657009591372,True,True
1.3.6.1.4.1.14519.5.2.1.6279.6001.334517907433161353885866806005,-113.0089772,127.6639141,-453.0456329,8.244643239,0,512,512,280,0.67578125,0.67578125,1.0000001192092896,-178.348075,-32.8987169,-593.900024,1.0,1.0,1.0,True,MET_SHORT,146800640,146800640,96.68675743815028,True,237.59556957225436,True,140.85437430885014,True,True
1.3.6.1.4.1.14519.5.2.1.6279.6001.336225579776978874775723463327,74.90098389,49.24864607,-272.2131935,6.906358753,3,512,512,145,0.8203120231628418,0.8203120231628418,2.5,-207.899994,-210.0,-375.75,1.0,1.0,1.0,True,MET_SHORT,76021760,76021760,344.7480591587777,True,316.036628441,True,41.414722600000005,True,True
1.3.6.1.4.1.14519.5.2.1.6279.6001.336894364358709782463716339027,119.0033407,-77.2002687,-168.6785433,3.951407423,1,512,512,519,0.703125,0.703125,0.625,-160.800003,-180.0,-349.75,1.0,1.0,1.0,True,MET_SHORT,272105472,272105472,397.94253326222224,True,146.20406229333335,True,289.71433072,True,True
1.3.6.1.4.1.14519.5.2.1.6279.6001.337005960787660957389988207064,-76.00397264,-74.92869851,-144.3113557,3.832603383,9,512,512,261,0.703125,0.703125,1.25,-187.800003,-190.899994,-344.029999,1.0,1.0,1.0,True,MET_SHORT,136839168,136839168,158.99879873422222,True,164.93695358577776,True,159.77491463999996,True,True
1.3.6.1.4.1.14519.5.2.1.6279.6001.337845202462615014431060697507,87.92913193,-5.62348127,-78.69493667,10.26078692,4,512,512,127,0.703125,0.703125,2.5,-180.0,-195.0,-351.0,1.0,1.0,1.0,True,MET_SHORT,66584576,66584576,381.05476541155554,True,269.33549330488887,True,108.922025332,True,True
1.3.6.1.4.1.14519.5.2.1.6279.6001.338104567770715523699587505022,33.41175886,64.8927258,-40.57820167,4.341079966,5,512,512,513,0.5859379768371582,0.5859379768371582,0.625,-150.5,-150.0,-318.575012,1.0,1.0,0.9999999999999999,True,MET_SHORT,268959744,268959744,313.8758130216094,True,366.7499535701237,True,444.7948965280001,True,True
1.3.6.1.4.1.14519.5.2.1.6279.6001.338104567770715523699587505022,-90.27970946,74.93542164,-133.8851368,4.237778745,5,512,512,513,0.5859379768371582,0.5859379768371582,0.625,-150.5,-150.0,-318.575012,1.0,1.0,0.9999999999999999,True,MET_SHORT,268959744,268959744,102.77587888237564,True,383.88947385554644,True,295.5038003200001,True,True
1.3.6.1.4.1.14519.5.2.1.6279.6001.338114620394879648539943280992,-78.23081813,21.39196957,-185.9204699,11.84107821,5,512,512,133,0.78125,0.78125,2.5,-189.100006,-200.0,-377.5,1.0,1.0,1.0,True,MET_SHORT,69730304,69730304,141.9125604736,True,283.3817210496,True,76.63181204,True,True
1.3.6.1.4.1.14519.5.2.1.6279.6001.338447145504282422142824032832,133.1840306,25.58478375,-208.4050921,4.12101305,6,512,512,265,0.6699219942092896,0.6699219942092896,1.25,-171.5,-152.5,-330.0,1.0,1.0,1.0,True,MET_SHORT,138936320,138936320,454.8052358836483,True,265.82913427136225,True,97.27592632000001,True,True
1.3.6.1.4.1.14519.5.2.1.6279.6001.338875090785618956575597613546,-117.3851233,45.19195728,-257.4459001,5.452780772,5,512,512,127,0.6640620231628418,0.6640620231628418,2.5,-181.0,-166.899994,-342.619995,1.0,1.0,1.0,True,MET_SHORT,66584576,66584576,95.79658899482091,True,319.38575597175907,True,34.06963796,True,True
1.3.6.1.4.1.14519.5.2.1.6279.6001.338875090785618956575597613546,-134.1902889,48.08074626,-239.5518182,4.163773675,5,512,512,127,0.6640620231628418,0.6640620231628418,2.5,-181.0,-166.899994,-342.619995,1.0,1.0,1.0,True,MET_SHORT,66584576,66584576,70.48996850783811,True,323.73593544180477,True,41.22727072,True,True
1.3.6.1.4.1.14519.5.2.1.6279.6001.338875090785618956575597613546,-132.5650132,18.96298014,-228.7955644,4.568161742,5,512,512,127,0.6640620231628418,0.6640620231628418,2.5,-181.0,-166.899994,-342.619995,1.0,1.0,1.0,True,MET_SHORT,66584576,66584576,72.9374442605683,True,279.88797379913194,True,45.529772240000014,True,True
1.3.6.1.4.1.14519.5.2.1.6279.6001.338875090785618956575597613546,103.1815309,47.86818853,-219.8350623,6.243459504,5,512,512,127,0.6640620231628418,0.6640620231628418,2.5,-181.0,-166.899994,-342.619995,1.0,1.0,1.0,True,MET_SHORT,66584576,66584576,427.9442597040559,True,323.4158482773745,True,49.11397308000001,True,True
1.3.6.1.4.1.14519.5.2.1.6279.6001.338875090785618956575597613546,85.25214188,74.58500169,-205.0377632,3.82131275,5,512,512,127,0.6640620231628418,0.6640620231628418,2.5,-181.0,-166.899994,-342.619995,1.0,1.0,1.0,True,MET_SHORT,66584576,66584576,400.94468979249166,True,363.64825463115346,True,55.03289272000001,True,True
1.3.6.1.4.1.14519.5.2.1.6279.6001.338875090785618956575597613546,-102.1574605,-46.84750906,-174.9138243,5.106805338,5,512,512,127,0.6640620231628418,0.6640620231628418,2.5,-181.0,-166.899994,-342.619995,1.0,1.0,1.0,True,MET_SHORT,66584576,66584576,118.72767414778991,True,180.7850483125138,True,67.08246828000001,True,True
1.3.6.1.4.1.14519.5.2.1.6279.6001.339142594937666268384335506819,108.1375346,-9.028290781,-127.6592922,9.566936036,3,512,512,131,0.703125,0.703125,2.5,-180.0,-180.0,-333.25,1.0,1.0,1.0,True,MET_SHORT,68681728,68681728,409.7956047644444,True,243.15976422257776,True,82.23628312000001,True,True
1.3.6.1.4.1.14519.5.2.1.6279.6001.339546614783708685476232944897,-59.55816545,9.14828959,-95.45329765,16.63502176,4,512,512,109,0.703125,0.703125,2.5,-185.699997,-160.300003,-295.5,1.0,1.0,1.0,True,MET_SHORT,57147392,57147392,179.40171598222224,True,240.9931272391111,True,80.01868094,True,True
1.3.6.1.4.1.14519.5.2.1.6279.6001.339882192295517122002429068974,-68.66002474,-222.4854341,721.576668,6.470686725,5,512,512,300,0.630859375,0.630859375,1.0,-194.587318,-320.917464,560.400024,1.0,1.0,1.0,True,MET_SHORT,157286400,157286400,199.6123038672446,True,156.02848083219814,True,161.176644,True,True
1.3.6.1.4.1.14519.5.2.1.6279.6001.340158437895922179455019686521,-107.5159318,-106.6040007,-155.5003217,5.32434611,9,512,512,171,0.546875,0.546875,1.7999999523162842,-151.7265625,-247.7265625,-310.0,1.0,1.0,1.0,True,MET_SHORT,89653248,89653248,80.84229613714285,True,258.0526844342857,True,85.83315688491325,True,True
1.3.6.1.4.1.14519.5.2.1.6279.6001.346115813056769250958550383763,-91.44763653,-161.6158227,-83.1478899,4.911932277,8,512,512,308,0.5859375,0.5859375,1.0,-157.70703125,-299.70703125,-319.5,1.0,1.0,1.0,True,MET_SHORT,161480704,161480704,113.08270032213333,True,235.675662592,True,236.3521101,True,True
1.3.6.1.4.1.14519.5.2.1.6279.6001.362762275895885013176610377950,-66.077863,-80.56168862,-170.6863395,4.889664292,7,512,512,477,0.703125,0.703125,0.625,-174.800003,-180.0,-304.25,1.0,1.0,1.0,True,MET_SHORT,250085376,250085376,154.62704355555556,True,141.4233761848889,True,213.7018568,True,True
1.3.6.1.4.1.14519.5.2.1.6279.6001.367204840301639918160517361062,-88.20063783,63.04192832,-106.3064074,7.734742324,3,512,512,133,0.703125,0.703125,2.5,-182.100006,-173.800003,-327.25,1.0,1.0,1.0,True,MET_SHORT,69730304,69730304,133.54576806400001,True,336.8418578773334,True,88.37743703999999,True,True
1.3.6.1.4.1.14519.5.2.1.6279.6001.387954549120924524005910602207,41.21933645,-169.5888219,-188.6252342,4.528739349,9,512,512,298,0.546875,0.546875,1.0,-135.7265625,-313.7265625,-296.1,1.0,1.0,1.0,True,MET_SHORT,156237824,156237824,323.55821522285714,True,263.56615424,True,107.47476580000003,True,True
1.3.6.1.4.1.14519.5.2.1.6279.6001.387954549120924524005910602207,-92.43802134,-160.7622717,-127.003377,4.945112775,9,512,512,298,0.546875,0.546875,1.0,-135.7265625,-313.7265625,-296.1,1.0,1.0,1.0,True,MET_SHORT,156237824,156237824,79.15618954971427,True,279.7061317485714,True,169.09662300000002,True,True
1.3.6.1.4.1.14519.5.2.1.6279.6001.390513733720659266816639651938,-21.40817655,5.000621102,-43.01868987,5.992452195,4,512,512,236,0.703125,0.703125,1.25,-182.600006,-180.0,-304.5,1.0,1.0,1.0,True,MET_SHORT,123731968,123731968,229.25060188444445,True,263.1119944561778,True,209.185048104,True,True
1.3.6.1.4.1.14519.5.2.1.6279.6001.392861216720727557882279374324,-36.77629406,-34.59533297,-60.9137866,6.217909816,9,512,512,436,0.703125,0.703125,0.625,-154.100006,-180.0,-266.625,1.0,1.0,1.0,True,MET_SHORT,228589568,228589568,166.8603903146667,True,206.79774866488887,True,329.13794143999996,True,True
1.3.6.1.4.1.14519.5.2.1.6279.6001.394470743585708729682444806008,42.14750822,-93.64201295,-89.8178088,5.295457654,5,512,512,327,0.546875,0.546875,1.0,-141.7265625,-304.7265625,-357.0,1.0,1.0,1.0,True,MET_SHORT,171442176,171442176,336.2268721737143,True,385.98317632000004,True,267.18219120000003,True,True
1.3.6.1.4.1.14519.5.2.1.6279.6001.395623571499047043765181005112,-64.11832825,-4.887440096,-85.9024469,5.105120807,0,512,512,109,0.78125,0.78125,2.5,-227.3,-200.0,-280.0,1.0,1.0,1.0,True,MET_SHORT,57147392,57147392,208.87253984000003,True,249.74407667712,True,77.63902124,True,True
1.3.6.1.4.1.14519.5.2.1.6279.6001.397522780537301776672854630421,16.89279224,206.0055517,-53.00858628,11.47644347,8,512,512,580,0.60546875,0.60546875,0.45000001788139343,-157.0,4.0,-275.550018,1.0,1.0,1.0,True,MET_SHORT,304087040,304087040,287.2035794415484,True,333.63497571096775,True,494.53649528221865,True,True
1.3.6.1.4.1.14519.5.2.1.6279.6001.397522780537301776672854630421,-86.9332203,218.2319275,-221.6654195,9.693203437,8,512,512,580,0.60546875,0.60546875,0.45000001788139343,-157.0,4.0,-275.550018,1.0,1.0,1.0,True,MET_SHORT,304087040,304087040,115.72319743999999,True,353.8282157419355,True,119.74354746404117,True,True
1.3.6.1.4.1.14519.5.2.1.6279.6001.401389720232123950202941034290,-82.10323524,-41.63735095,-207.2455405,5.087935069,4,512,512,381,0.625,0.625,0.625,-156.899994,-153.199997,-276.399994,1.0,1.0,1.0,True,MET_SHORT,199753728,199753728,119.67481401599998,True,178.50023368,True,110.64712559999998,True,True
1.3.6.1.4.1.14519.5.2.1.6279.6001.404364125369979066736354549484,97.16800868,-79.94056414,-202.9715324,5.063233243,0,512,512,176,0.5859375,0.5859375,1.7999999523162842,-158.70703125,-282.70703125,-327.5,1.0,1.0,1.0,True,MET_SHORT,92274688,92274688,436.69340148053334,True,346.0547705344,True,69.18248383270995,True,True
1.3.6.1.4.1.14519.5.2.1.6279.6001.404457313935200882843898832756,122.1608996,-197.2499255,-159.4693446,12.95113108,6,512,512,176,0.7421875,0.7421875,1.7999999523162842,-179.62890625,-381.62890625,-361.0,1.0,1.0,1.0,True,MET_SHORT,92274688,92274688,406.6220541978947,True,248.42641616842107,True,111.96147818818851,True,True
1.3.6.1.4.1.14519.5.2.1.6279.6001.404768898286087278137462774930,82.98012239,225.3061366,-584.6161159,17.15288922,3,512,512,250,0.833984375,0.833984375,0.9999998807907104,-225.65064,-75.8012781,-666.599976,1.0,1.0,1.0,True,MET_SHORT,131072000,131072000,370.067799399719,True,361.04682980421546,True,81.9838698732389,True,True
1.3.6.1.4.1.14519.5.2.1.6279.6001.413896555982844732694353377538,126.6383304,-51.84356121,-199.6021014,4.862136589,5,512,512,154,0.6835939884185791,0.6835939884185791,1.9999998807907104,-179.699997,-175.0,-298.579987,1.0,1.0,1.0,True,MET_SHORT,80740352,80740352,448.12905407298956,True,180.16021333790417,True,49.488945749771034,True,True
1.3.6.1.4.1.14519.5.2.1.6279.6001.413896555982844732694353377538,-41.46961577,39.41958903,-171.6209897,7.121051509,5,512,512,154,0.6835939884185791,0.6835939884185791,1.9999998807907104,-179.699997,-175.0,-298.579987,1.0,1.0,1.0,True,MET_SHORT,80740352,80740352,202.21123001649133,True,313.6651179833172,True,63.479502433673204,True,True
1.3.6.1.4.1.14519.5.2.1.6279.6001.416701701108520592702405866796,47.82112531,56.01070133,-73.06979386,6.439255223,6,512,512,277,0.8789060115814209,0.8789060115814209,1.25,-215.699997,-225.0,-335.0,1.0,1.0,1.0,True,MET_SHORT,145227776,145227776,299.8285582730796,True,319.7278180227437,True,209.54416491199999,True,True
1.3.6.1.4.1.14519.5.2.1.6279.6001.417815314896088956784723476543,-88.08860961,207.7635084,-571.9349406,3.900928245,0,512,512,280,0.578125,0.578125,1.0,-154.309634,15.9240799,-800.299988,1.0,1.0,1.0,True,MET_SHORT,146800640,146800640,114.54447462054051,True,331.8303628108108,True,228.36504739999998,True,True
1.3.6.1.4.1.14519.5.2.1.6279.6001.419601611032172899567156073142,109.4087162,6.639637027,-191.5459318,3.820577768,4,512,512,254,0.6582030057907104,0.6582030057907104,1.25,-180.0,-177.399994,-343.369995,1.0,1.0,1.0,True,MET_SHORT,133169152,133169152,439.6952211610283,True,279.60922300242316,True,121.45925056000002,True,True
1.3.6.1.4.1.14519.5.2.1.6279.6001.430109407146633213496148200410,-44.935479,-106.3779813,-148.9946026,12.02215382,0,512,512,733,0.63671875,0.63671875,0.5,-168.681640625,-332.681640625,-441.0,1.0,1.0,1.0,True,MET_SHORT,384303104,384303104,194.34979985276073,True,355.4216980809816,True,584.0107948,True,True
1.3.6.1.4.1.14519.5.2.1.6279.6001.430109407146633213496148200410,97.59537431,-97.23526941,-216.3795429,7.418028913,0,512,512,733,0.63671875,0.63671875,0.5,-168.681640625,-332.681640625,-441.0,1.0,1.0,1.0,True,MET_SHORT,384303104,384303104,418.20193756662576,True,369.780803871411,True,449.2409142,True,True
1.3.6.1.4.1.14519.5.2.1.6279.6001.430109407146633213496148200410,33.2035765,-121.3308637,-109.7314672,4.525236758,0,512,512,733,0.63671875,0.63671875,0.5,-168.681640625,-332.681640625,-441.0,1.0,1.0,1.0,True,MET_SHORT,384303104,384303104,317.0712612515337,True,331.9374165202454,True,662.5370656,True,True
1.3.6.1.4.1.14519.5.2.1.6279.6001.438308540025607517017949816111,-97.07004047,-23.31208254,-166.0109699,10.80320051,4,512,512,142,0.8203120231628418,0.8203120231628418,2.5,-236.9,-197.1,-364.5,1.0,1.0,1.0,True,MET_SHORT,74448896,74448896,170.4594783224847,True,211.8558701479632,True,79.39561204,True,True
1.3.6.1.4.1.14519.5.2.1.6279.6001.438308540025607517017949816111,-136.5376416,47.45753694,-191.6392867,7.851521411,4,512,512,142,0.8203120231628418,0.8203120231628418,2.5,-236.9,-197.1,-364.5,1.0,1.0,1.0,True,MET_SHORT,74448896,74448896,122.3465651680164,True,298.1274564245322,True,69.14428532,True,True
1.3.6.1.4.1.14519.5.2.1.6279.6001.439153572396640163898529626096,-106.9061926,-134.471772,-187.213428,7.600976518,5,512,512,441,0.51953125,0.51953125,0.699999988079071,-134.74023,-271.74023,-348.5,1.0,1.0,1.0,True,MET_SHORT,231211008,231211008,53.57529003308271,True,264.2159793082707,True,230.40939249527716,True,True
1.3.6.1.4.1.14519.5.2.1.6279.6001.440226700369921575481834344455,-104.3323085,-130.4591242,-81.17828567,12.30437661,9,512,512,187,0.703125,0.703125,1.7999999523162842,-183.64844,-338.64844,-348.8,1.0,1.0,1.0,True,MET_SHORT,98041856,98041856,112.8051648,True,296.09147136,True,148.67873412197474,True,True
1.3.6.1.4.1.14519.5.2.1.6279.6001.443400977949406454649939526179,-88.50801052,131.345573,-271.1059173,4.510288907,2,512,512,310,0.642578125,0.642578125,0.9999998807907104,-178.5,-26.5,-435.999969,1.0,1.0,0.9999999999999999,True,MET_SHORT,162529280,162529280,140.04832405398176,True,245.6441743951368,True,164.89407135690516,True,True
1.3.6.1.4.1.14519.5.2.1.6279.6001.443400977949406454649939526179,46.50497117,229.8924044,-310.5933997,4.462472935,2,512,512,310,0.642578125,0.642578125,0.9999998807907104,-178.5,-26.5,-435.999969,1.0,1.0,0.9999999999999999,True,MET_SHORT,162529280,162529280,350.159711972766,True,399.00580867112467,True,125.40658424962983,True,True
1.3.6.1.4.1.14519.5.2.1.6279.6001.450501966058662668272378865145,52.95010295,21.62343136,230.6859795,11.17547004,0,512,512,129,0.6445310115814209,0.6445310115814209,2.5,-165.0,-165.0,-42.5,1.0,1.0,1.0,True,MET_SHORT,67633152,67633152,338.1530120874056,True,289.5491884899392,True,109.27439180000002,True,True
1.3.6.1.4.1.14519.5.2.1.6279.6001.450501966058662668272378865145,97.32393157,-33.77077028,128.8311577,4.514863772,0,512,512,129,0.6445310115814209,0.6445310115814209,2.5,-165.0,-165.0,-42.5,1.0,1.0,1.0,True,MET_SHORT,67633152,67633152,406.9997049891551,True,203.6042135474848,True,68.53246308,True,True
1.3.6.1.4.1.14519.5.2.1.6279.6001.454273545863197752384437758130,1.251885508,77.30842113,-146.9519795,5.330056155,8,512,512,137,0.78125,0.78125,2.5,-213.5,-195.5,-367.75,1.0,1.0,1.0,True,MET_SHORT,71827456,71827456,274.88241345024,True,349.1947790464,True,88.3192082,True,True
1.3.6.1.4.1.14519.5.2.1.6279.6001.454273545863197752384437758130,67.93904669,-29.64640439,-125.7321771,6.16795392,8,512,512,137,0.78125,0.78125,2.5,-213.5,-195.5,-367.75,1.0,1.0,1.0,True,MET_SHORT,71827456,71827456,360.2419797632,True,212.29260238080002,True,96.80712916,True,True
1.3.6.1.4.1.14519.5.2.1.6279.6001.458525794434429386945463560826,-19.66337758,20.48820018,-21.31695749,6.330288195,1,512,512,513,0.7421879768371582,0.7421879768371582,0.625,-167.100006,-190.0,-303.804993,1.0,1.0,1.0,True,MET_SHORT,268959744,268959744,198.65132961100062,True,283.60497171753934,True,451.980856816,True,True
1.3.6.1.4.1.14519.5.2.1.6279.6001.461155505515403114280165935891,-94.45393926,29.01531686,-208.9912079,8.128059459,2,512,512,245,0.8339840173721313,0.8339840173721313,1.25,-218.1,-203.5,-350.0,1.0,1.0,1.0,True,MET_SHORT,128450560,128450560,148.25950877284976,True,278.80068684367785,True,112.80703367999999,True,True
1.3.6.1.4.1.14519.5.2.1.6279.6001.463214953282361219537913355115,89.71484404,72.84152648,-235.9893669,11.23154253,4,512,512,115,0.703125,0.703125,2.5,-180.0,-140.100006,-337.0,1.0,1.0,1.0,True,MET_SHORT,60293120,60293120,383.5944448568889,True,302.8501795271111,True,40.40425324,True,True
1.3.6.1.4.1.14519.5.2.1.6279.6001.466284753932369813717081722101,103.4749192,-182.666071,-102.0404523,3.885893197,2,512,512,278,0.56640625,0.56640625,1.0,-143.716796875,-317.716796875,-291.1,1.0,1.0,1.0,True,MET_SHORT,145752064,145752064,436.4212366565517,True,238.43438499310346,True,189.05954770000002,True,True
1.3.6.1.4.1.14519.5.2.1.6279.6001.478062284228419671253422844986,-54.71035427,80.77610592,-176.7413443,5.920275846,8,512,512,241,0.6445310115814209,0.6445310115814209,1.25,-154.899994,-174.899994,-317.125,1.0,1.0,1.0,True,MET_SHORT,126353408,126353408,155.4458015669017,True,396.68548964412633,True,112.30692456,True,True
1.3.6.1.4.1.14519.5.2.1.6279.6001.479402560265137632920333093071,-152.3569324,-22.28584934,-274.372396,7.88580587,1,512,512,297,0.7871090173721313,0.7871090173721313,1.25,-210.3,-247.0,-368.75,1.0,1.0,1.0,True,MET_SHORT,155713536,155713536,73.61504737101181,True,285.4930456904664,True,75.50208320000002,True,True
1.3.6.1.4.1.14519.5.2.1.6279.6001.479402560265137632920333093071,-140.77731,-19.60100137,-205.6472092,6.256102138,1,512,512,297,0.7871090173721313,0.7871090173721313,1.25,-210.3,-247.0,-368.75,1.0,1.0,1.0,True,MET_SHORT,155713536,155713536,88.32663387863451,True,288.90406997140235,True,130.48223264,True,True
1.3.6.1.4.1.14519.5.2.1.6279.6001.481278873893653517789960724156,-103.1325112,-5.774672551,-206.3554703,27.07544345,3,512,512,114,0.703125,0.703125,2.5,-180.0,-224.899994,-283.5,1.0,1.0,1.0,True,MET_SHORT,59768832,59768832,109.32265073777778,True,311.6449016163555,True,30.857811879999996,True,True
1.3.6.1.4.1.14519.5.2.1.6279.6001.481278873893653517789960724156,32.96069525,35.98248454,-176.7836812,16.92306528,3,512,512,114,0.703125,0.703125,2.5,-180.0,-224.899994,-283.5,1.0,1.0,1.0,True,MET_SHORT,59768832,59768832,302.8774332444445,True,371.03285836799995,True,42.686527520000006,True,True
1.3.6.1.4.1.14519.5.2.1.6279.6001.483655032093002252444764787700,154.4288878,28.97499705,-196.9548398,5.193342015,7,512,512,474,0.625,0.625,0.6249999403953552,-135.0,-160.0,-268.484985,1.0,1.0,1.0,True,MET_SHORT,248512512,248512512,463.08622047999995,True,302.35999528,True,114.448243234635,True,True
1.3.6.1.4.1.14519.5.2.1.6279.6001.486999111981013268988489262668,98.89687283,104.1862012,-208.7759854,8.085638726,8,512,512,151,0.8203120231628418,0.8203120231628418,2.5,-214.699997,-199.899994,-410.0,1.0,1.0,1.0,True,MET_SHORT,79167488,79167488,382.2897397271809,True,370.6957677245153,True,80.48960584,True,True
1.3.6.1.4.1.14519.5.2.1.6279.6001.487268565754493433372433148666,119.2087756,11.45037434,-165.0398624,26.83708074,8,512,512,133,0.78125,0.78125,2.5,-191.199997,-185.5,-359.0,1.0,1.0,1.0,True,MET_SHORT,69730304,69730304,397.32322892800005,True,252.0964791552,True,77.58405504,True,True
1.3.6.1.4.1.14519.5.2.1.6279.6001.487268565754493433372433148666,-37.9016173,55.02791191,-80.00260537,17.71872916,8,512,512,133,0.78125,0.78125,2.5,-191.199997,-185.5,-359.0,1.0,1.0,1.0,True,MET_SHORT,69730304,69730304,196.221926016,True,307.8757272448,True,111.59895785200001,True,True
1.3.6.1.4.1.14519.5.2.1.6279.6001.487745546557477250336016826588,48.68312155,-15.3562681,-80.56923419,22.78152704,3,512,512,137,0.7421879768371582,0.7421879768371582,2.5,-186.899994,-190.0,-375.75,1.0,1.0,1.0,True,MET_SHORT,71827456,71827456,317.4170464926418,True,235.3092981164234,True,118.07230632400001,True,True
1.3.6.1.4.1.14519.5.2.1.6279.6001.503980049263254396021509831276,83.04181413,50.63250635,-155.5115559,7.915780715,1,512,512,113,0.7421879768371582,0.7421879768371582,2.5,-214.699997,-190.0,-295.25,1.0,1.0,1.0,True,MET_SHORT,59244544,59244544,401.167656203257,True,324.2204318311083,True,55.89537764000001,True,True
1.3.6.1.4.1.14519.5.2.1.6279.6001.503980049263254396021509831276,-113.6831711,-27.84528163,-82.73840622,12.4582541,1,512,512,113,0.7421879768371582,0.7421879768371582,2.5,-214.699997,-190.0,-295.25,1.0,1.0,1.0,True,MET_SHORT,59244544,59244544,136.10679376737448,True,218.48200648712208,True,85.004637512,True,True
1.3.6.1.4.1.14519.5.2.1.6279.6001.503980049263254396021509831276,-111.201589,37.52576027,-67.13579078,15.39279188,1,512,512,113,0.7421879768371582,0.7421879768371582,2.5,-214.699997,-190.0,-295.25,1.0,1.0,1.0,True,MET_SHORT,59244544,59244544,139.45039697498137,True,306.5608274060211,True,91.24568368800001,True,True
1.3.6.1.4.1.14519.5.2.1.6279.6001.504845428620607044098514803031,122.0139844,24.02512622,-225.7265261,5.490544909,5,512,512,262,0.5859379768371582,0.5859379768371582,1.25,-142.199997,-165.0,-326.75,1.0,1.0,1.0,True,MET_SHORT,137363456,137363456,450.9248279591022,True,322.6026195474495,True,80.81877912,True,True
1.3.6.1.4.1.14519.5.2.1.6279.6001.504845428620607044098514803031,-88.81651763,-74.16058624,-217.1773728,4.522057979,5,512,512,262,0.5859379768371582,0.5859379768371582,1.25,-142.199997,-165.0,-326.75,1.0,1.0,1.0,True,MET_SHORT,137363456,137363456,91.10773064780564,True,155.03247331798357,True,87.65810176,True,True
1.3.6.1.4.1.14519.5.2.1.6279.6001.504845428620607044098514803031,-101.0307142,-45.9959128,-151.0599558,3.297324878,5,512,512,262,0.5859379768371582,0.5859379768371582,1.25,-142.199997,-165.0,-326.75,1.0,1.0,1.0,True,MET_SHORT,137363456,137363456,70.26218546582041,True,203.10014353801338,True,140.55203536,True,True
1.3.6.1.4.1.14519.5.2.1.6279.6001.511347030803753100045216493273,60.77506053,74.1239696,-214.7823466,25.23320204,0,512,512,147,0.703125,0.703125,2.5,-182.100006,-195.600006,-382.5,1.0,1.0,1.0,True,MET_SHORT,77070336,77070336,345.42231684266665,True,383.60743196444446,True,67.08706135999999,True,True
1.3.6.1.4.1.14519.5.2.1.6279.6001.511347030803753100045216493273,-85.42103886,25.26172136,-220.8338299,9.756615445,0,512,512,147,0.703125,0.703125,2.5,-182.100006,-195.600006,-382.5,1.0,1.0,1.0,True,MET_SHORT,77070336,77070336,137.498975488,True,314.1144566897778,True,64.66646804,True,True
1.3.6.1.4.1.14519.5.2.1.6279.6001.511347030803753100045216493273,-108.5275162,-38.82524711,-199.2073071,10.98914009,0,512,512,147,0.703125,0.703125,2.5,-182.100006,-195.600006,-382.5,1.0,1.0,1.0,True,MET_SHORT,77070336,77070336,104.63642993777779,True,222.96854597688892,True,73.31707716,True,True
1.3.6.1.4.1.14519.5.2.1.6279.6001.513023675145166449943177283490,98.89299547,51.3099692,-80.74183737,7.936007136,6,512,512,137,0.78125,0.78125,2.5,-200.0,-200.0,-345.25,1.0,1.0,1.0,True,MET_SHORT,71827456,71827456,382.5830342016,True,321.676760576,True,105.803265052,True,True
1.3.6.1.4.1.14519.5.2.1.6279.6001.518487185634324801733841260431,100.4478992,-88.72756916,-171.2353199,7.805767837,8,512,512,137,0.8203120231628418,0.8203120231628418,2.5,-210.0,-231.800003,-361.420013,1.0,1.0,1.0,True,MET_SHORT,71827456,71827456,378.4509923468138,True,174.41221120758632,True,76.07387723999999,True,True
1.3.6.1.4.1.14519.5.2.1.6279.6001.525937963993475482158828421281,128.0673817,67.86393899,-90.45140764,11.64560862,0,512,512,516,0.8203120231628418,0.8203120231628418,0.625,-210.0,-210.0,-301.459991,1.0,1.0,1.0,True,MET_SHORT,270532608,270532608,412.12047629940633,True,338.72957014411656,True,337.61373337599997,True,True
1.3.6.1.4.1.14519.5.2.1.6279.6001.534006575256943390479252771547,-95.03957237,63.78027309,-94.86346155,12.80135622,0,512,512,545,0.7226560115814209,0.7226560115814209,0.625,-205.199997,-198.5,-333.809998,1.0,1.0,1.0,True,MET_SHORT,285736960,285736960,152.43825951012425,True,362.9393084491751,True,382.31445831999997,True,True
1.3.6.1.4.1.14519.5.2.1.6279.6001.534006575256943390479252771547,55.37992901,-25.7577385,-70.43270211,14.62904955,0,512,512,545,0.7226560115814209,0.7226560115814209,0.625,-205.199997,-198.5,-333.809998,1.0,1.0,1.0,True,MET_SHORT,285736960,285736960,360.5863949567944,True,239.03801910120458,True,421.40367342400003,True,True
1.3.6.1.4.1.14519.5.2.1.6279.6001.534006575256943390479252771547,123.6022363,-8.037283428,-208.2595121,7.283782817,0,512,512,545,0.7226560115814209,0.7226560115814209,0.625,-205.199997,-198.5,-333.809998,1.0,1.0,1.0,True,MET_SHORT,285736960,285736960,454.99134862307056,True,263.5593055611643,True,200.88077744000003,True,True
1.3.6.1.4.1.14519.5.2.1.6279.6001.534083630500464995109143618896,113.911431,-36.97202364,-139.1067807,4.315291242,0,512,512,229,0.6542969942092896,0.6542969942092896,1.25,-161.800003,-167.5,-301.0,1.0,1.0,1.0,True,MET_SHORT,120061952,120061952,421.3857566825507,True,199.49346782150752,True,129.51457544,True,True
1.3.6.1.4.1.14519.5.2.1.6279.6001.534083630500464995109143618896,-87.29823867,56.27165698,-112.2906343,5.965579845,0,512,512,229,0.6542969942092896,0.6542969942092896,1.25,-161.800003,-167.5,-301.0,1.0,1.0,1.0,True,MET_SHORT,120061952,120061952,113.86536234976064,True,342.0031865657972,True,150.96749256,True,True
1.3.6.1.4.1.14519.5.2.1.6279.6001.534083630500464995109143618896,-42.90649318,-3.298740043,-115.1038593,5.090964239,0,512,512,229,0.6542969942092896,0.6542969942092896,1.25,-161.800003,-167.5,-301.0,1.0,1.0,1.0,True,MET_SHORT,120061952,120061952,181.71183861799864,True,250.95829785285096,True,148.71691256,True,True
1.3.6.1.4.1.14519.5.2.1.6279.6001.550599855064600241623943717588,-48.64254924,100.9304096,-200.037037,4.890021449,7,512,512,252,0.78125,0.78125,1.25,-201.0,-185.5,-358.25,1.0,1.0,1.0,True,MET_SHORT,132120576,132120576,195.0175369728,True,366.630924288,True,126.5703704,True,True
1.3.6.1.4.1.14519.5.2.1.6279.6001.557875302364105947813979213632,-28.41228581,68.09366695,-217.5060488,7.234065071,2,512,512,557,0.703125,0.703125,0.625,-172.699997,-180.0,-319.295013,1.0,1.0,1.0,True,MET_SHORT,292028416,292028416,205.20918924799997,True,352.8443263288889,True,162.86234271999996,True,True
1.3.6.1.4.1.14519.5.2.1.6279.6001.557875302364105947813979213632,-42.9563814,58.59938953,-185.6246292,5.897380231,2,512,512,557,0.703125,0.703125,0.625,-172.699997,-180.0,-319.295013,1.0,1.0,1.0,True,MET_SHORT,292028416,292028416,184.52425329777776,True,339.3413539982222,True,213.87261408,True,True
1.3.6.1.4.1.14519.5.2.1.6279.6001.557875302364105947813979213632,105.1933092,48.21925187,-129.5645198,6.131649732,2,512,512,557,0.703125,0.703125,0.625,-172.699997,-180.0,-319.295013,1.0,1.0,1.0,True,MET_SHORT,292028416,292028416,395.2260354844444,True,324.57849154844445,True,303.56878911999996,True,True
1.3.6.1.4.1.14519.5.2.1.6279.6001.558286136379689377915919180358,-77.77160404,-11.38994533,-58.0353619,16.72146339,9,512,512,241,0.5859379768371582,0.5859379768371582,1.25,-163.0,-161.5,-313.799988,1.0,1.0,1.0,True,MET_SHORT,126353408,126353408,145.45634406572415,True,256.18761815078267,True,204.61170088,True,True
1.3.6.1.4.1.14519.5.2.1.6279.6001.561458563853929400124470098603,-113.5220772,-36.28177026,-185.2756636,6.999823116,1,512,512,163,0.5859379768371582,0.5859379768371582,2.0,-166.600006,-150.0,-316.345001,1.0,1.0,1.0,True,MET_SHORT,85458944,85458944,90.58625809938113,True,194.0789541477428,True,65.53466870000001,True,True
1.3.6.1.4.1.14519.5.2.1.6279.6001.561458563853929400124470098603,59.33099578,-24.99237386,-197.0399122,8.735774018,1,512,512,163,0.5859379768371582,0.5859379768371582,2.0,-166.600006,-150.0,-316.345001,1.0,1.0,1.0,True,MET_SHORT,85458944,85458944,385.5885959117307,True,213.34617499070498,True,59.65254440000001,True,True
1.3.6.1.4.1.14519.5.2.1.6279.6001.566816709786169715745131047975,-124.6694679,21.09709755,-169.6039762,6.731878569,0,512,512,133,0.7421879768371582,0.7421879768371582,2.5,-207.300003,-190.0,-366.5,1.0,1.0,1.0,True,MET_SHORT,69730304,69730304,111.33370207926419,True,284.4253802784471,True,78.75840952,True,True
1.3.6.1.4.1.14519.5.2.1.6279.6001.569096986145782511000054443951,68.58568744,-67.75578772,-143.4967682,5.572904514,6,512,512,192,0.56640625,0.56640625,1.7999999523162842,-148.716796875,-291.716796875,-341.3,1.0,1.0,1.0,True,MET_SHORT,100663296,100663296,383.6512826526897,True,395.40702305986207,True,109.8906872444424,True,True
1.3.6.1.4.1.14519.5.2.1.6279.6001.569096986145782511000054443951,-48.13074393,-63.7034127,-63.36622225,5.484694873,6,512,512,192,0.56640625,0.56640625,1.7999999523162842,-148.716796875,-291.716796875,-341.3,1.0,1.0,1.0,True,MET_SHORT,100663296,100663296,177.58641071668967,True,402.5615610262069,True,154.40765839596162,True,True
1.3.6.1.4.1.14519.5.2.1.6279.6001.584871944187559733312703328980,71.57549333,73.92373635,-83.81039939,4.653858021,4,512,512,237,0.5625,0.5625,1.25,-142.199997,-127.900002,-305.410004,1.0,1.0,1.0,True,MET_SHORT,124256256,124256256,380.0453161422222,True,358.79775706666663,True,177.27968368800003,True,True
1.3.6.1.4.1.14519.5.2.1.6279.6001.592821488053137951302246128864,112.2403927,-132.0813274,-179.2208201,10.1269398,7,512,512,166,0.56640625,0.56640625,1.7999999523162842,-144.716796875,-296.716796875,-326.5,1.0,1.0,1.0,True,MET_SHORT,87031808,87031808,453.66234849103455,True,290.66675990068967,True,81.82176877864777,True,True
1.3.6.1.4.1.14519.5.2.1.6279.6001.592821488053137951302246128864,69.81421013,-130.6756074,-81.60242179,5.700892679,7,512,512,166,0.56640625,0.56640625,1.7999999523162842,-144.716796875,-296.716796875,-326.5,1.0,1.0,1.0,True,MET_SHORT,87031808,87031808,378.7581916777931,True,293.1485827972414,True,136.0542137208725,True,True
1.3.6.1.4.1.14519.5.2.1.6279.6001.603126300703296693942875967838,-31.90828695,27.18117285,-170.1513701,10.16765351,9,512,512,140,0.78125,0.78125,2.5,-219.699997,-200.0,-332.0,1.0,1.0,1.0,True,MET_SHORT,73400320,73400320,240.37338886400002,True,290.791901248,True,64.73945196,True,True
1.3.6.1.4.1.14519.5.2.1.6279.6001.603126300703296693942875967838,65.99742568,108.8944115,-168.7229948,7.918815315,9,512,512,140,0.78125,0.78125,2.5,-219.699997,-200.0,-332.0,1.0,1.0,1.0,True,MET_SHORT,73400320,73400320,365.6927010304,True,395.38484672,True,65.31080208,True,True
1.3.6.1.4.1.14519.5.2.1.6279.6001.603126300703296693942875967838,-126.4570776,46.47158404,-203.9176616,7.023509324,9,512,512,140,0.78125,0.78125,2.5,-219.699997,-200.0,-332.0,1.0,1.0,1.0,True,MET_SHORT,73400320,73400320,119.35093683199999,True,315.48362757120003,True,51.23293536,True,True
1.3.6.1.4.1.14519.5.2.1.6279.6001.603126300703296693942875967838,103.1762058,62.99828473,-152.2623412,5.210020858,9,512,512,140,0.78125,0.78125,2.5,-219.699997,-200.0,-332.0,1.0,1.0,1.0,True,MET_SHORT,73400320,73400320,413.281539584,True,336.63780445440005,True,71.89506352,True,True
1.3.6.1.4.1.14519.5.2.1.6279.6001.603166427542096384265514998412,71.20286623,48.41022668,-148.644687,4.968821175,3,512,512,487,0.703125,0.703125,0.625,-181.0,-180.0,-300.0,1.0,1.0,1.0,True,MET_SHORT,255328256,255328256,358.68852086044444,True,324.8501001671111,True,242.1685008,True,True
1.3.6.1.4.1.14519.5.2.1.6279.6001.613212850444255764524630781782,-25.81676365,22.03533828,-188.047378,22.23698113,7,512,512,257,0.78125,0.78125,1.25,-188.1,-200.0,-310.0,1.0,1.0,1.0,True,MET_SHORT,134742016,134742016,207.72254252799996,True,284.2052329984,True,97.56209759999999,True,True
1.3.6.1.4.1.14519.5.2.1.6279.6001.613212850444255764524630781782,-22.96609737,32.46155666,-207.3871693,18.40907555,7,512,512,257,0.78125,0.78125,1.25,-188.1,-200.0,-310.0,1.0,1.0,1.0,True,MET_SHORT,134742016,134742016,211.37139536639998,True,297.5507925248,True,82.09026456,True,True
1.3.6.1.4.1.14519.5.2.1.6279.6001.614147706162329660656328811671,-43.53528889,61.08229652,-176.67486,12.55350151,3,512,512,133,0.78125,0.78125,2.5,-200.0,-206.0,-348.0,1.0,1.0,1.0,True,MET_SHORT,69730304,69730304,200.2748302208,True,341.8653395456,True,68.530056,True,True
1.3.6.1.4.1.14519.5.2.1.6279.6001.616033753016904899083676284739,-39.56968699,112.6564673,-173.7075034,20.88367551,1,512,512,113,0.703125,0.703125,2.5,-172.5,-192.699997,-321.915009,1.0,1.0,0.9999999999999999,True,MET_SHORT,59244544,59244544,189.05644516977776,True,434.28474922666663,True,59.28300224000001,True,True
1.3.6.1.4.1.14519.5.2.1.6279.6001.616033753016904899083676284739,-59.91906947,-50.47767665,-171.9343744,6.009893707,1,512,512,113,0.703125,0.703125,2.5,-172.5,-192.699997,-321.915009,1.0,1.0,0.9999999999999999,True,MET_SHORT,59244544,59244544,160.11510119822222,True,202.27174449777777,True,59.99225384000001,True,True
1.3.6.1.4.1.14519.5.2.1.6279.6001.616033753016904899083676284739,-12.14726809,80.91852167,-147.9105199,6.872010445,1,512,512,113,0.703125,0.703125,2.5,-172.5,-192.699997,-321.915009,1.0,1.0,0.9999999999999999,True,MET_SHORT,59244544,59244544,228.05721871644442,True,389.14633766400004,True,69.60179564,True,True
1.3.6.1.4.1.14519.5.2.1.6279.6001.616033753016904899083676284739,79.1758748,56.23553805,-153.669653,8.222297439,1,512,512,113,0.703125,0.703125,2.5,-172.5,-192.699997,-321.915009,1.0,1.0,0.9999999999999999,True,MET_SHORT,59244544,59244544,357.9390219377778,True,354.0416498488889,True,67.2981424,True,True
1.3.6.1.4.1.14519.5.2.1.6279.6001.618434772073433276874225174904,25.20834972,15.69573749,-34.37172704,4.932363969,6,512,512,246,0.6523439884185791,0.6523439884185791,1.25,-153.699997,-175.300003,-317.190002,1.0,1.0,1.0,True,MET_SHORT,128974848,128974848,274.2546109050717,True,292.7837826068029,True,226.254619968,True,True
1.3.6.1.4.1.14519.5.2.1.6279.6001.621916089407825046337959219998,-96.40444755,43.84058194,-155.3710194,11.48732767,0,512,512,133,0.859375,0.859375,2.5,-223.0,-220.0,-357.5,1.0,1.0,1.0,True,MET_SHORT,69730304,69730304,147.31118830545455,True,307.01449534836365,True,80.85159224,True,True
1.3.6.1.4.1.14519.5.2.1.6279.6001.624425075947752229712087113746,-73.15560515,-61.94144092,-261.6003068,21.57854728,2,512,512,255,0.6640620231628418,0.6640620231628418,1.25,-169.0,-170.0,-328.399994,1.0,1.0,1.0,True,MET_SHORT,133693440,133693440,144.33048647098582,True,162.72359404823516,True,53.43974976,True,True
1.3.6.1.4.1.14519.5.2.1.6279.6001.625270601160880745954773142570,-107.9307848,46.0643806,-143.1468417,21.87973183,3,512,512,248,0.703125,0.703125,1.25,-189.800003,-180.0,-356.25,1.0,1.0,1.0,True,MET_SHORT,130023424,130023424,116.43622144000001,True,321.51378574222224,True,170.48252664,True,True
1.3.6.1.4.1.14519.5.2.1.6279.6001.627998298349675613581885874395,127.2929105,-151.0329229,-245.1816979,7.925895827,5,512,512,525,0.66015625,0.66015625,0.699999988079071,-176.66992,-346.66992,-412.0,1.0,1.0,1.0,True,MET_SHORT,275251200,275251200,460.44073732544376,True,296.34953406863906,True,238.311864201284,True,True
1.3.6.1.4.1.14519.5.2.1.6279.6001.631047517458234322522264161877,-82.14636636,96.90948919,-189.7448571,4.825085741,4,512,512,275,0.703125,0.703125,1.25,-186.199997,-179.5,-350.410004,1.0,1.0,1.0,True,MET_SHORT,144179200,144179200,147.9873857991111,True,393.11571795911107,True,128.53211752,True,True
1.3.6.1.4.1.14519.5.2.1.6279.6001.640729228179368154416184318668,-112.7948634,-227.3130252,-199.2932673,6.21739005,0,512,512,483,0.65234375,0.65234375,0.699999988079071,-166.67383,-340.67383,-354.0,1.0,1.0,1.0,True,MET_SHORT,253231104,253231104,82.59290688383236,True,173.77464687904194,True,221.00962190662858,True,True
1.3.6.1.4.1.14519.5.2.1.6279.6001.652347820272212119124022644822,-96.28090411,53.44917319,-196.1767001,17.72422138,6,512,512,242,0.703125,0.703125,1.25,-172.199997,-180.0,-412.25,1.0,1.0,1.0,True,MET_SHORT,126877696,126877696,107.97382099911111,True,332.01660187022225,True,172.85863992,True,True
1.3.6.1.4.1.14519.5.2.1.6279.6001.655242448149322898770987310561,-45.91015481,-9.409611049,-306.9524878,20.11629595,1,512,512,141,0.703125,0.703125,2.5,-180.0,-196.600006,-413.25,1.0,1.0,1.0,True,MET_SHORT,73924608,73924608,190.70555760355558,True,266.2263394858667,True,42.51900488000001,True,True
1.3.6.1.4.1.14519.5.2.1.6279.6001.658611160253017715059194304729,-69.16078576,78.75756088,-37.14577011,6.265624249,6,512,512,493,0.7421879768371582,0.7421879768371582,0.625,-188.399994,-164.600006,-268.605011,1.0,1.0,1.0,True,MET_SHORT,258473984,258473984,160.65904051442482,True,327.8920899757374,True,370.33478542399996,True,True
1.3.6.1.4.1.14519.5.2.1.6279.6001.658611160253017715059194304729,-79.87794958,57.02653734,-26.88889866,5.754504541,6,512,512,493,0.7421879768371582,0.7421879768371582,0.625,-188.399994,-164.600006,-268.605011,1.0,1.0,1.0,True,MET_SHORT,258473984,258473984,146.2190816974263,True,298.61241391225957,True,386.745779744,True,True
1.3.6.1.4.1.14519.5.2.1.6279.6001.663019255629770796363333877035,-42.44484442,113.5055583,-553.6117319,4.213062603,1,512,512,260,0.583984375,0.583984375,1.0000001192092896,-151.575417,-12.4961014,-733.400024,1.0,1.0,1.0,True,MET_SHORT,136314880,136314880,186.87241859852838,True,215.76203935250837,True,179.788270667568,True,True
1.3.6.1.4.1.14519.5.2.1.6279.6001.669435869708883155232318480131,-23.13885344,22.15688589,-179.83942,21.15058188,6,512,512,130,0.6640620231628418,0.6640620231628418,2.5,-170.0,-170.0,-359.0,1.0,1.0,1.0,True,MET_SHORT,68157440,68157440,221.15576774066872,True,289.36587124013136,True,71.664232,True,True
1.3.6.1.4.1.14519.5.2.1.6279.6001.670107649586205629860363487713,-27.135051,88.96329931,-193.5501301,6.967714598,4,512,512,240,0.5859379768371582,0.5859379768371582,1.25,-139.100006,-150.0,-329.200012,1.0,1.0,1.0,True,MET_SHORT,125829120,125829120,191.08670102657794,True,407.8303655958655,True,108.51990552000002,True,True
1.3.6.1.4.1.14519.5.2.1.6279.6001.674809958213117379592437424616,109.1751121,26.59850287,-76.18,3.831113189,1,512,512,139,0.734375,0.734375,2.5,-186.399994,-188.0,-361.179993,1.0,1.0,1.0,True,MET_SHORT,72876032,72876032,402.4852508595744,True,292.21923795063833,True,113.99999720000001,True,True
1.3.6.1.4.1.14519.5.2.1.6279.6001.674809958213117379592437424616,78.89203459,-34.2208228,-87.03257748,4.703046282,1,512,512,139,0.734375,0.734375,2.5,-186.399994,-188.0,-361.179993,1.0,1.0,1.0,True,MET_SHORT,72876032,72876032,361.24871978212764,True,209.4014327829787,True,109.65896620800001,True,True
1.3.6.1.4.1.14519.5.2.1.6279.6001.675543413149938600000570588203,-105.5241217,-220.7395969,-229.5932189,4.877679583,8,512,512,186,0.64453125,0.64453125,1.7999999523162842,-162.677734375,-300.677734375,-347.5,1.0,1.0,1.0,True,MET_SHORT,97517568,97517568,88.67469602909091,True,124.02523147636362,True,65.50376901303505,True,True
1.3.6.1.4.1.14519.5.2.1.6279.6001.675543413149938600000570588203,105.9839995,-105.1853375,-207.0617303,21.34312682,8,512,512,186,0.64453125,0.64453125,1.7999999523162842,-162.677734375,-300.677734375,-347.5,1.0,1.0,1.0,True,MET_SHORT,97517568,97517568,416.83275073939393,True,303.3094157575758,True,78.02126301130208,True,True
1.3.6.1.4.1.14519.5.2.1.6279.6001.690929968028676628605553365896,73.04326903,8.218822771,-54.18659009,15.12543067,1,512,512,158,0.7226560115814209,0.7226560115814209,2.0,-180.300003,-163.100006,-291.160004,1.0,1.0,1.0,True,MET_SHORT,82837504,82837504,350.57242722661016,True,237.06829532365646,True,118.486706955,True,True
1.3.6.1.4.1.14519.5.2.1.6279.6001.692598144815688523679745963696,-34.8396787,6.548600341,-86.6156801,5.839687338,2,512,512,136,0.6464840173721313,0.6464840173721313,2.5,-164.800003,-153.5,-380.480011,1.0,1.0,1.0,True,MET_SHORT,71303168,71303168,201.02635302303506,True,247.56776043988768,True,117.54573235999999,True,True
1.3.6.1.4.1.14519.5.2.1.6279.6001.692598144815688523679745963696,119.7638134,-20.00968507,-256.6079327,8.101613434,2,512,512,136,0.6464840173721313,0.6464840173721313,2.5,-164.800003,-153.5,-380.480011,1.0,1.0,1.0,True,MET_SHORT,71303168,71303168,440.171464032031,True,206.48664366463348,True,49.54883132,True,True
1.3.6.1.4.1.14519.5.2.1.6279.6001.693480911433291675609148051914,-84.23627067,112.2743681,-617.8992396,5.489049464,5,512,512,260,0.6484375,0.6484375,1.0,-167.0,-17.0,-725.799988,1.0,1.0,1.0,True,MET_SHORT,136314880,136314880,127.6356307739759,True,199.3628809253012,True,107.9007484,True,True
1.3.6.1.4.1.14519.5.2.1.6279.6001.693480911433291675609148051914,-55.76149868,176.2757884,-658.7383274,5.738087494,5,512,512,260,0.6484375,0.6484375,1.0,-167.0,-17.0,-725.799988,1.0,1.0,1.0,True,MET_SHORT,136314880,136314880,171.54853215614457,True,298.0638664481928,True,67.06166059999998,True,True
1.3.6.1.4.1.14519.5.2.1.6279.6001.712472578497712558367294720243,-93.45976658,60.14386675,1523.530064,7.674509542,9,512,512,158,0.6980000138282776,0.6980000138282776,2.0,-157.0312,-174.2187,1395.0,1.0,1.0,1.0,True,MET_SHORT,82837504,82837504,91.07655037330687,True,335.7629829612841,True,64.26503200000002,True,True
1.3.6.1.4.1.14519.5.2.1.6279.6001.716498695101447665580610403574,-67.81761952,-108.8073081,-97.20666958,8.091312581,0,512,512,429,0.537109375,0.537109375,0.699999988079071,-138.23145,-263.23145,-327.5,1.0,1.0,1.0,True,MET_SHORT,224919552,224919552,131.0977498391273,True,287.5096751010909,True,328.9904776312459,True,True
1.3.6.1.4.1.14519.5.2.1.6279.6001.724251104254976962355686318345,93.95958277,182.8100616,-519.1660606,5.525559329,0,512,512,392,0.638671875,0.638671875,0.75,-161.640151,-32.7547369,-720.75,1.0,1.0,1.0,True,MET_SHORT,205520896,205520896,400.205087737737,True,337.5204184464832,True,268.7785858666666,True,True
1.3.6.1.4.1.14519.5.2.1.6279.6001.724251104254976962355686318345,-60.53831978,148.0546371,-648.3714527,7.244054524,0,512,512,392,0.638671875,0.638671875,0.75,-161.640151,-32.7547369,-720.75,1.0,1.0,1.0,True,MET_SHORT,205520896,205520896,158.30011493773702,True,283.1021391070336,True,96.50472973333338,True,True
1.3.6.1.4.1.14519.5.2.1.6279.6001.724562063158320418413995627171,-5.325107574,-33.87651995,-217.3421317,9.233993542,8,512,512,135,0.78125,0.78125,2.5,-173.800003,-188.800003,-365.5,1.0,1.0,1.0,True,MET_SHORT,70778880,70778880,215.64786614528003,True,198.302058304,True,59.263147319999995,True,True
1.3.6.1.4.1.14519.5.2.1.6279.6001.725023183844147505748475581290,-65.27894703,214.8259826,-493.7114427,17.30912384,5,512,512,278,0.8125,0.8125,1.0,-201.0,-82.0,-640.900024,1.0,1.0,1.0,True,MET_SHORT,145752064,145752064,167.04129596307695,True,365.32428627692303,True,147.1885813,True,True
1.3.6.1.4.1.14519.5.2.1.6279.6001.725236073737175770730904408416,-115.7646823,41.54110075,-44.56573092,7.57464859,6,512,512,216,0.703125,0.703125,1.25,-185.699997,-180.0,-205.470001,1.0,1.0,1.0,True,MET_SHORT,113246208,113246208,99.46355868444444,True,315.0806766222222,True,128.723416064,True,True
1.3.6.1.4.1.14519.5.2.1.6279.6001.733642690503782454656013446707,-88.68591428,19.40153987,-150.6757957,5.82215948,9,512,512,133,0.703125,0.703125,2.5,-172.199997,-180.0,-401.5,1.0,1.0,1.0,True,MET_SHORT,69730304,69730304,118.77558431288888,True,283.5933011484444,True,100.32968172,True,True
1.3.6.1.4.1.14519.5.2.1.6279.6001.741709061958490690246385302477,-88.09531256,31.8410226,-130.6412308,5.313909599,4,512,512,133,0.7421879768371582,0.7421879768371582,2.5,-180.199997,-190.0,-377.5,1.0,1.0,1.0,True,MET_SHORT,69730304,69730304,124.09886351501552,True,298.90139630849023,True,98.74350768000001,True,True
1.3.6.1.4.1.14519.5.2.1.6279.6001.741709061958490690246385302477,114.0392079,-22.69021912,-161.1714553,20.91111634,4,512,512,133,0.7421879768371582,0.7421879768371582,2.5,-180.199997,-190.0,-377.5,1.0,1.0,1.0,True,MET_SHORT,69730304,69730304,396.4483582096054,True,225.4277704591664,True,86.53141788,True,True
1.3.6.1.4.1.14519.5.2.1.6279.6001.747803439040091794717626507402,59.49693039,-6.696593702,-135.9209832,14.16781391,9,512,512,114,0.6640620231628418,0.6640620231628418,2.5,-177.5,-190.0,-320.25,1.0,1.0,1.0,True,MET_SHORT,59768832,59768832,356.8897514440205,True,276.0335629870076,True,73.73160672,True,True
1.3.6.1.4.1.14519.5.2.1.6279.6001.750792629100457382099842515038,-65.36501369,197.6526469,-672.09834,12.449031,5,512,512,400,0.52734375,0.52734375,0.75,-131.453243,26.812973,-911.950012,1.0,1.0,1.0,True,MET_SHORT,209715200,209715200,125.32286446933331,True,323.9626408770371,True,319.80222933333334,True,True
1.3.6.1.4.1.14519.5.2.1.6279.6001.750792629100457382099842515038,35.41588895,217.9560696,-761.0518948,4.928294708,5,512,512,400,0.52734375,0.52734375,0.75,-131.453243,26.812973,-911.950012,1.0,1.0,1.0,True,MET_SHORT,209715200,209715200,316.43331688296297,True,362.4639461451852,True,201.1974896,True,True
1.3.6.1.4.1.14519.5.2.1.6279.6001.752756872840730509471096155114,56.39315434,67.68008675,-64.67445255,19.65387738,0,512,512,127,0.703125,0.703125,2.5,-183.600006,-162.899994,-335.25,1.0,1.0,1.0,True,MET_SHORT,66584576,66584576,341.3236058168889,True,327.93611484444443,True,108.23021897999999,True,True
1.3.6.1.4.1.14519.5.2.1.6279.6001.756684168227383088294595834066,-100.1410226,-136.6641691,-233.6640856,3.986088287,1,512,512,250,0.56640625,0.56640625,1.0,-138.716796875,-313.716796875,-354.0,1.0,1.0,1.0,True,MET_SHORT,131072000,131072000,68.10619458206897,True,312.5894669682759,True,120.33591440000001,True,True
1.3.6.1.4.1.14519.5.2.1.6279.6001.765459236550358748053283544075,71.95630178,105.2183743,-534.7339804,7.47852111,9,512,512,350,0.724609375,0.724609375,0.75,-200.526881,-87.8575935,-650.350037,1.0,1.0,0.9999999999999999,True,MET_SHORT,183500800,183500800,376.0414813567655,True,266.45524397196766,True,154.15474213333349,True,True
1.3.6.1.4.1.14519.5.2.1.6279.6001.765459236550358748053283544075,35.81885532,171.3443017,-470.1967334,8.727947616,9,512,512,350,0.724609375,0.724609375,0.75,-200.526881,-87.8575935,-650.350037,1.0,1.0,0.9999999999999999,True,MET_SHORT,183500800,183500800,326.1698571316442,True,357.71258852398915,True,240.20440480000005,True,True
1.3.6.1.4.1.14519.5.2.1.6279.6001.765930210026773090100532964804,-68.68536654,206.1975285,-685.8740029,17.15613456,9,512,512,290,0.662109375,0.662109375,1.0,-179.5,-15.5,-787.799988,1.0,1.0,1.0,True,MET_SHORT,152043520,152043520,167.36605407528023,True,334.8352052861357,True,101.92598509999993,True,True
1.3.6.1.4.1.14519.5.2.1.6279.6001.765930210026773090100532964804,59.76390847,195.5534644,-540.4216151,4.25605482,9,512,512,290,0.662109375,0.662109375,1.0,-179.5,-15.5,-787.799988,1.0,1.0,1.0,True,MET_SHORT,152043520,152043520,361.3661390461357,True,318.75921466902656,True,247.37837289999993,True,True
1.3.6.1.4.1.14519.5.2.1.6279.6001.768276876111112560631432843476,67.69849596,-135.4208561,-167.4867196,6.672413036,1,512,512,423,0.51953125,0.51953125,0.699999988079071,-140.74023,-323.74023,-352.5,1.0,1.0,1.0,True,MET_SHORT,221773824,221773824,401.2053672613534,True,362.47939637894734,True,264.30469078679636,True,True
1.3.6.1.4.1.14519.5.2.1.6279.6001.771741891125176943862272696845,97.23149359,-114.9186955,-134.8731105,4.997750194,9,512,512,172,0.6640625,0.6640625,1.7999999523162842,-172.66797,-325.66797,-373.8,1.0,1.0,1.0,True,MET_SHORT,90177536,90177536,406.43683928847054,True,317.3636133647059,True,132.73716434966735,True,True
1.3.6.1.4.1.14519.5.2.1.6279.6001.771831598853841017505646275338,37.94622827,32.75575024,-37.16949699,17.141662,7,512,512,501,0.703125,0.703125,0.625,-180.0,-202.600006,-323.994995,1.0,1.0,1.0,True,MET_SHORT,262668288,262668288,309.96796909511113,True,334.72818665244444,True,458.92079681600006,True,True
1.3.6.1.4.1.14519.5.2.1.6279.6001.774060103415303828812229821954,-103.7436828,26.44662563,-169.0049337,5.687246746,8,512,512,133,0.78125,0.78125,2.5,-199.5,-200.0,-345.720001,1.0,1.0,1.0,True,MET_SHORT,69730304,69730304,122.568086016,True,289.8516808064,True,70.68602692,True,True
1.3.6.1.4.1.14519.5.2.1.6279.6001.774060103415303828812229821954,88.80269516,10.87542039,-124.7758984,5.834016122,8,512,512,133,0.78125,0.78125,2.5,-199.5,-200.0,-345.720001,1.0,1.0,1.0,True,MET_SHORT,69730304,69730304,369.02744980479997,True,269.9205380992,True,88.37764104,True,True
1.3.6.1.4.1.14519.5.2.1.6279.6001.776800177074349870648765614630,-84.41936241,5.401025417,-181.75,3.530973761,8,512,512,130,0.5957030057907104,0.5957030057907104,2.5,-152.5,-140.0,-366.75,1.0,1.0,1.0,True,MET_SHORT,68157440,68157440,114.28620793952969,True,244.08308167591156,True,74.0,True,True
1.3.6.1.4.1.14519.5.2.1.6279.6001.779493719385047675154892222907,-71.66642065,-60.40890108,-135.7326014,13.05097889,4,512,512,133,0.9375,0.9375,2.5,-225.0,-240.0,-333.25,1.0,1.0,1.0,True,MET_SHORT,69730304,69730304,163.55581797333332,True,191.56383884800002,True,79.00695944,True,True
1.3.6.1.4.1.14519.5.2.1.6279.6001.779493719385047675154892222907,92.05387089,-11.90929477,-96.7985152,12.97315475,4,512,512,133,0.9375,0.9375,2.5,-225.0,-240.0,-333.25,1.0,1.0,1.0,True,MET_SHORT,69730304,69730304,338.190795616,True,243.29675224533332,True,94.58059392,True,True
1.3.6.1.4.1.14519.5.2.1.6279.6001.780558315515979171413904604168,-107.3201535,-96.36995616,-211.97124,15.353919,4,512,512,360,0.666015625,0.666015625,1.0,-187.1669921875,-310.1669921875,-376.0,1.0,1.0,1.0,True,MET_SHORT,188743680,188743680,119.88733550733137,True,321.00903943131965,True,164.02876,True,True
1.3.6.1.4.1.14519.5.2.1.6279.6001.792381786708289670758399079830,98.70247953,160.5531927,-418.7378112,13.34340431,8,512,512,525,0.65234375,0.65234375,0.7499999403953552,-170.757656,-42.3006392,-739.599976,1.0,1.0,1.0,True,MET_SHORT,275251200,275251200,413.0646388962874,True,310.9615626730539,True,427.81625373311437,True,True
1.3.6.1.4.1.14519.5.2.1.6279.6001.792381786708289670758399079830,110.0184007,156.6589351,-443.8877143,7.199653232,8,512,512,525,0.65234375,0.65234375,0.7499999403953552,-170.757656,-42.3006392,-739.599976,1.0,1.0,1.0,True,MET_SHORT,275251200,275251200,430.4112006898204,True,304.9919222802395,True,394.2830469348012,True,True
1.3.6.1.4.1.14519.5.2.1.6279.6001.797637294244261543517154417124,140.9426504,-36.00432282,-249.8855528,4.990997154,4,512,512,244,0.59375,0.59375,1.25,-126.0,-152.0,-333.730011,1.0,1.0,1.0,True,MET_SHORT,127926272,127926272,449.5876217263158,True,195.3611405136842,True,67.07556656,True,True
1.3.6.1.4.1.14519.5.2.1.6279.6001.799582546798528864710752164515,-128.3638897,53.10545586,-142.1335065,5.663498473,4,512,512,529,0.6640620231628418,0.6640620231628418,0.625,-177.300003,-170.0,-296.130005,1.0,1.0,0.9999999999999999,True,MET_SHORT,277348352,277348352,73.69208235538545,True,335.9708100718928,True,246.3943976,True,True
1.3.6.1.4.1.14519.5.2.1.6279.6001.801945620899034889998809817499,-75.74263828,37.46097648,-158.6875366,17.2320792,1,512,512,262,0.703125,0.703125,1.25,172.699997,180.0,-383.25,-1.0,-1.0,1.0,True,MET_SHORT,137363456,137363456,353.34063684266664,True,202.722166784,True,179.64997072,True,True
1.3.6.1.4.1.14519.5.2.1.6279.6001.803987517543436570820681016103,43.1450278,-98.0728056,-137.9507708,5.049919663,6,512,512,538,0.60546875,0.60546875,0.699999988079071,-156.69727,-320.69727,-436.5,1.0,1.0,1.0,True,MET_SHORT,282066944,282066944,330.0621176567742,True,367.68943797677423,True,426.498906120376,True,True
1.3.6.1.4.1.14519.5.2.1.6279.6001.803987517543436570820681016103,-64.18284219,-241.4469848,-232.7504669,4.255683674,6,512,512,538,0.60546875,0.60546875,0.699999988079071,-156.69727,-320.69727,-436.5,1.0,1.0,1.0,True,MET_SHORT,282066944,282066944,152.7980227055484,True,130.89079362064518,True,291.0707665283342,True,True
1.3.6.1.4.1.14519.5.2.1.6279.6001.805925269324902055566754756843,-66.69313488,97.04521987,-267.3090047,17.3362496,0,512,512,141,0.8203120231628418,0.8203120231628418,2.5,-213.0,-210.0,-382.25,1.0,1.0,1.0,True,MET_SHORT,73924608,73924608,178.35513925041707,True,374.30296179999766,True,45.97639812,True,True
1.3.6.1.4.1.14519.5.2.1.6279.6001.822128649427327893802314908658,-28.61357126,84.44425907,-186.5613999,6.545987665,3,512,512,131,0.7226560115814209,0.7226560115814209,2.5,-177.1,-200.0,-304.25,1.0,1.0,1.0,True,MET_SHORT,68681728,68681728,205.47317999204134,True,393.60948295100695,True,47.075440040000004,True,True
1.3.6.1.4.1.14519.5.2.1.6279.6001.826812708000318290301835871780,-41.56714983,-53.18554491,-128.3744895,7.98502287,0,512,512,404,0.703125,0.703125,0.625,-163.899994,-180.0,-242.835007,1.0,1.0,0.9999999999999999,True,MET_SHORT,211812352,211812352,173.9844894862222,True,180.358336128,True,183.136828,True,True
1.3.6.1.4.1.14519.5.2.1.6279.6001.826812708000318290301835871780,-53.61916799,-51.11956108,-138.5867834,5.313818163,0,512,512,404,0.703125,0.703125,0.625,-163.899994,-180.0,-242.835007,1.0,1.0,0.9999999999999999,True,MET_SHORT,211812352,211812352,156.84384143644445,True,183.2966242417778,True,166.79715776,True,True
1.3.6.1.4.1.14519.5.2.1.6279.6001.826829446346820089862659555750,-48.61355881,-4.912857615,-81.28505781,8.349646372,4,512,512,133,0.6640620231628418,0.6640620231628418,2.5,-180.899994,-170.0,-350.0,1.0,1.0,1.0,True,MET_SHORT,69730304,69730304,199.207951329511,True,248.60199292637037,True,107.485976876,True,True
1.3.6.1.4.1.14519.5.2.1.6279.6001.826829446346820089862659555750,45.60556588,-33.2289356,-141.7458304,12.03275908,4,512,512,133,0.6640620231628418,0.6640620231628418,2.5,-180.899994,-170.0,-350.0,1.0,1.0,1.0,True,MET_SHORT,69730304,69730304,341.09097039036084,True,205.96128016563432,True,83.30166784000001,True,True
1.3.6.1.4.1.14519.5.2.1.6279.6001.826829446346820089862659555750,56.74074349,-38.92320764,-214.436647,17.60397571,4,512,512,133,0.6640620231628418,0.6640620231628418,2.5,-180.899994,-170.0,-350.0,1.0,1.0,1.0,True,MET_SHORT,69730304,69730304,357.85924989076744,True,197.3863702304465,True,54.2253412,True,True
1.3.6.1.4.1.14519.5.2.1.6279.6001.826829446346820089862659555750,42.18883719,76.001323,-230.0913994,9.883424209,4,512,512,133,0.6640620231628418,0.6640620231628418,2.5,-180.899994,-170.0,-350.0,1.0,1.0,1.0,True,MET_SHORT,69730304,69730304,335.9457752567398,True,370.44931711096416,True,47.96344024,True,True
1.3.6.1.4.1.14519.5.2.1.6279.6001.826829446346820089862659555750,23.6228609,78.54201315,-240.7741212,11.88422357,4,512,512,133,0.6640620231628418,0.6640620231628418,2.5,-180.899994,-170.0,-350.0,1.0,1.0,1.0,True,MET_SHORT,69730304,69730304,307.9875791208237,True,374.27530031942865,True,43.69035152,True,True
1.3.6.1.4.1.14519.5.2.1.6279.6001.826829446346820089862659555750,17.20501649,8.938617838,-256.5635574,8.118983019,4,512,512,133,0.6640620231628418,0.6640620231628418,2.5,-180.899994,-170.0,-350.0,1.0,1.0,1.0,True,MET_SHORT,69730304,69730304,298.3230535401669,True,269.4607003510582,True,37.374577040000005,True,True
1.3.6.1.4.1.14519.5.2.1.6279.6001.832260670372728970918746541371,-127.5045329,80.97395179,-221.2936606,6.13100107,0,512,512,133,0.8203120231628418,0.8203120231628418,2.5,-215.199997,-196.0,-364.5,1.0,1.0,1.0,True,MET_SHORT,69730304,69730304,106.90500885489446,True,337.6446327363135,True,57.282535759999995,True,True
1.3.6.1.4.1.14519.5.2.1.6279.6001.832260670372728970918746541371,22.42724374,36.28895442,-86.83608126,6.246461343,0,512,512,133,0.8203120231628418,0.8203120231628418,2.5,-215.199997,-196.0,-364.5,1.0,1.0,1.0,True,MET_SHORT,69730304,69730304,289.67909043170044,True,283.1714614207085,True,111.065567496,True,True
1.3.6.1.4.1.14519.5.2.1.6279.6001.837810280808122125183730411210,-82.8192572,-11.50483317,-154.0991378,9.930839143,7,512,512,133,0.78125,0.78125,2.5,-199.0,-177.199997,-347.75,1.0,1.0,1.0,True,MET_SHORT,69730304,69730304,148.71135078400002,True,212.08980970239998,True,77.46034488000001,True,True
1.3.6.1.4.1.14519.5.2.1.6279.6001.842317928015463083368074520378,-99.09320346,-86.55207171,-212.4084134,4.114597416,3,512,512,408,0.53125,0.53125,0.699999988079071,-139.73438,-284.73438,-314.5,1.0,1.0,1.0,True,MET_SHORT,213909504,213909504,76.50103819294115,True,373.0490508988235,True,145.84512619801342,True,True
1.3.6.1.4.1.14519.5.2.1.6279.6001.850739282072340578344345230132,-47.53726329,-35.79681529,-137.3325467,13.64151987,3,512,512,426,0.546875,0.546875,0.625,-142.100006,-140.0,-240.945007,1.0,1.0,1.0,True,MET_SHORT,223346688,223346688,172.91472952685717,True,190.54296632685714,True,165.77993648,True,True
1.3.6.1.4.1.14519.5.2.1.6279.6001.861997885565255340442123234170,49.35261574,119.8406053,-209.6983844,6.943515582,1,512,512,119,0.7421879768371582,0.7421879768371582,2.5,-190.0,-190.0,-334.25,1.0,1.0,1.0,True,MET_SHORT,62390272,62390272,322.4959487487303,True,417.4691789274046,True,49.820646239999995,True,True
1.3.6.1.4.1.14519.5.2.1.6279.6001.866845763956586959109892274084,-85.60344693,29.06733423,-107.8464475,7.296371673,5,512,512,109,0.5859379768371582,0.5859379768371582,2.5,-161.3,-127.0,-275.75,1.0,1.0,1.0,True,MET_SHORT,57147392,57147392,129.1886787721174,True,266.35470032585664,True,67.16142099999999,True,True
1.3.6.1.4.1.14519.5.2.1.6279.6001.868211851413924881662621747734,-79.93305233,81.93715229,-169.4337204,8.368487089,0,512,512,246,0.859375,0.859375,1.25,-207.1,-220.0,-316.25,1.0,1.0,1.0,True,MET_SHORT,128974848,128974848,147.97608456145454,True,351.3450499374545,True,117.45302368,True,True
1.3.6.1.4.1.14519.5.2.1.6279.6001.868211851413924881662621747734,-7.731399539,58.53652256,-110.5452567,5.127950372,0,512,512,246,0.859375,0.859375,1.25,-207.1,-220.0,-316.25,1.0,1.0,1.0,True,MET_SHORT,128974848,128974848,231.99255326370908,True,324.11522625163633,True,164.56379464000003,True,True
1.3.6.1.4.1.14519.5.2.1.6279.6001.868211851413924881662621747734,-22.95182604,78.57115637,-136.9010248,6.430802339,0,512,512,246,0.859375,0.859375,1.25,-207.1,-220.0,-316.25,1.0,1.0,1.0,True,MET_SHORT,128974848,128974848,214.2815115170909,True,347.4282546850909,True,143.47918016,True,True
1.3.6.1.4.1.14519.5.2.1.6279.6001.877026508860018521147620598474,-56.87789388,169.460217,960.3534978,9.496379061,6,512,512,280,0.564453125,0.564453125,1.0,-152.89555,7.03481698,755.800049,1.0,1.0,1.0,True,MET_SHORT,146800640,146800640,170.1074046139792,True,287.7571100700346,True,204.55344880000007,True,True
1.3.6.1.4.1.14519.5.2.1.6279.6001.882070241245008756731854510592,-98.7927099,25.94084427,-170.220324,5.414311238,8,512,512,127,0.6640620231628418,0.6640620231628418,2.5,-158.800003,-170.0,-321.309998,1.0,1.0,1.0,True,MET_SHORT,66584576,66584576,90.36398861388429,True,295.06407148049067,True,60.435869600000004,True,True
1.3.6.1.4.1.14519.5.2.1.6279.6001.882070241245008756731854510592,132.7190437,16.66471751,-130.3087179,10.43827943,8,512,512,127,0.6640620231628418,0.6640620231628418,2.5,-158.800003,-170.0,-321.309998,1.0,1.0,1.0,True,MET_SHORT,66584576,66584576,438.9937031958737,True,281.09530585854014,True,76.40051204,True,True
1.3.6.1.4.1.14519.5.2.1.6279.6001.882070241245008756731854510592,92.92005202,-18.99832369,-120.0190349,6.500934975,8,512,512,127,0.6640620231628418,0.6640620231628418,2.5,-158.800003,-170.0,-321.309998,1.0,1.0,1.0,True,MET_SHORT,66584576,66584576,379.0610609248363,True,227.39092290024126,True,80.51638524,True,True
1.3.6.1.4.1.14519.5.2.1.6279.6001.882070241245008756731854510592,83.22331812,36.04473009,-47.98024541,16.9453939,8,512,512,127,0.6640620231628418,0.6640620231628418,2.5,-158.800003,-170.0,-321.309998,1.0,1.0,1.0,True,MET_SHORT,66584576,66584576,364.4589099784296,True,310.2793457584512,True,109.331901036,True,True
1.3.6.1.4.1.14519.5.2.1.6279.6001.892375496445736188832556446335,59.08821583,14.43406702,-83.77592126,17.41146394,1,512,512,245,0.6640620231628418,0.6640620231628418,1.25,-189.699997,-150.300003,-321.25,1.0,1.0,1.0,True,MET_SHORT,128450560,128450560,374.64604833906,True,248.070307100823,True,189.97926299199997,True,True
1.3.6.1.4.1.14519.5.2.1.6279.6001.897684031374557757145405000951,-106.7733135,143.1341348,-711.1116663,15.13080337,4,512,512,235,0.802734375,0.802734375,1.0,-207.449366,-94.8734169,-845.700012,1.0,1.0,1.0,True,MET_SHORT,123207680,123207680,125.41639630170316,True,296.49602547542577,True,134.5883457,True,True
1.3.6.1.4.1.14519.5.2.1.6279.6001.897684031374557757145405000951,-98.29382039,97.91485939,-707.3089425,10.15782823,4,512,512,235,0.802734375,0.802734375,1.0,-207.449366,-94.8734169,-845.700012,1.0,1.0,1.0,True,MET_SHORT,123207680,123207680,135.97965779153284,True,240.16447070676398,True,138.39106950000007,True,True
1.3.6.1.4.1.14519.5.2.1.6279.6001.897684031374557757145405000951,47.75090035,187.9528525,-731.3591439,18.15623418,4,512,512,235,0.802734375,0.802734375,1.0,-207.449366,-94.8734169,-845.700012,1.0,1.0,1.0,True,MET_SHORT,123207680,123207680,317.91371379854013,True,352.32858864428226,True,114.34086809999997,True,True
1.3.6.1.4.1.14519.5.2.1.6279.6001.897684031374557757145405000951,-88.67952396,200.9356022,-729.0906071,5.963289468,4,512,512,235,0.802734375,0.802734375,1.0,-207.449366,-94.8734169,-845.700012,1.0,1.0,1.0,True,MET_SHORT,123207680,123207680,147.95659154374695,True,368.5017464214112,True,116.60940489999996,True,True
1.3.6.1.4.1.14519.5.2.1.6279.6001.897684031374557757145405000951,-102.6914791,107.6412561,-705.1730059,9.74508123,4,512,512,235,0.802734375,0.802734375,1.0,-207.449366,-94.8734169,-845.700012,1.0,1.0,1.0,True,MET_SHORT,123207680,123207680,130.50130922822385,True,252.28105249635038,True,140.5270061,True,True
1.3.6.1.4.1.14519.5.2.1.6279.6001.898642529028521482602829374444,-42.20067378,92.20715648,-566.5895507,4.678130013,0,512,512,200,0.5234375,0.5234375,1.0,-135.0,24.4086027,-632.200012,1.0,1.0,1.0,True,MET_SHORT,104857600,104857600,177.28826501731342,True,129.525595281194,True,65.6104613,True,True
1.3.6.1.4.1.14519.5.2.1.6279.6001.898642529028521482602829374444,74.39962496,112.6510258,-534.7158811,4.581766613,0,512,512,200,0.5234375,0.5234375,1.0,-135.0,24.4086027,-632.200012,1.0,1.0,1.0,True,MET_SHORT,104857600,104857600,400.0470446997015,True,168.58253965373135,True,97.48413089999997,True,True
1.3.6.1.4.1.14519.5.2.1.6279.6001.900182736599353600185270496549,-91.94884498,18.62246749,-201.7325834,4.349739416,7,512,512,247,0.6425780057907104,0.6425780057907104,1.25,-143.199997,-178.0,-311.75,1.0,1.0,1.0,True,MET_SHORT,129499136,129499136,79.75864651161534,True,305.9900365684793,True,88.01393327999999,True,True
1.3.6.1.4.1.14519.5.2.1.6279.6001.900182736599353600185270496549,78.101266,27.79925115,-92.87617133,4.790997214,7,512,512,247,0.6425780057907104,0.6425780057907104,1.25,-143.199997,-178.0,-311.75,1.0,1.0,1.0,True,MET_SHORT,129499136,129499136,344.395950383771,True,320.27123445776544,True,175.099062936,True,True
1.3.6.1.4.1.14519.5.2.1.6279.6001.905371958588660410240398317235,109.1166375,48.58951079,-120.8920582,21.58311204,0,512,512,152,0.78125,0.78125,2.5,-195.300003,-201.5,-399.0,1.0,1.0,1.0,True,MET_SHORT,79691776,79691776,389.65329984,True,320.1145738112,True,111.24317672,True,True
1.3.6.1.4.1.14519.5.2.1.6279.6001.908250781706513856628130123235,-59.56249977,-21.60758611,-184.8701107,6.09648564,7,512,512,260,0.703125,0.703125,1.25,-160.800003,-145.300003,-318.5,1.0,1.0,1.0,True,MET_SHORT,136314880,136314880,143.982226816,True,175.91810402133333,True,106.90391144,True,True
1.3.6.1.4.1.14519.5.2.1.6279.6001.908250781706513856628130123235,117.7817616,40.54149725,-69.84620605,8.605650458,7,512,512,260,0.703125,0.703125,1.25,-160.800003,-145.300003,-318.5,1.0,1.0,1.0,True,MET_SHORT,136314880,136314880,396.20517631999996,True,264.30791146666667,True,198.92303515999998,True,True
1.3.6.1.4.1.14519.5.2.1.6279.6001.908250781706513856628130123235,-62.21867479,92.28860997,-213.1976422,4.670798042,7,512,512,260,0.703125,0.703125,1.25,-160.800003,-145.300003,-318.5,1.0,1.0,1.0,True,MET_SHORT,136314880,136314880,140.20455567644447,True,337.90380511288885,True,84.24188624000001,True,True
1.3.6.1.4.1.14519.5.2.1.6279.6001.910435939545691201820711078950,68.24385029,83.94075118,-296.8924584,7.068564225,4,512,512,133,0.6640620231628418,0.6640620231628418,2.5,-170.0,-156.5,-359.5,1.0,1.0,1.0,True,MET_SHORT,69730304,69730304,358.76746746527573,True,362.0757441222308,True,25.043016639999998,True,True
1.3.6.1.4.1.14519.5.2.1.6279.6001.910435939545691201820711078950,53.46933113,86.9585636,-244.2232438,8.70493777,4,512,512,133,0.6640620231628418,0.6640620231628418,2.5,-170.0,-156.5,-359.5,1.0,1.0,1.0,True,MET_SHORT,69730304,69730304,336.51876381312155,True,366.6202178532033,True,46.11070248,True,True
1.3.6.1.4.1.14519.5.2.1.6279.6001.910435939545691201820711078950,-91.36992413,-6.167829911,-218.8338691,6.162972621,4,512,512,133,0.6640620231628418,0.6640620231628418,2.5,-170.0,-156.5,-359.5,1.0,1.0,1.0,True,MET_SHORT,69730304,69730304,118.40772868699084,True,226.38272457290546,True,56.26645236,True,True
1.3.6.1.4.1.14519.5.2.1.6279.6001.910435939545691201820711078950,-113.6850973,61.06780576,-204.5110935,6.67785376,4,512,512,133,0.6640620231628418,0.6640620231628418,2.5,-170.0,-156.5,-359.5,1.0,1.0,1.0,True,MET_SHORT,69730304,69730304,84.80367907771534,True,327.6317545215921,True,61.99556260000001,True,True
1.3.6.1.4.1.14519.5.2.1.6279.6001.910435939545691201820711078950,30.71558185,-22.25726581,-151.398632,14.22065706,4,512,512,133,0.6640620231628418,0.6640620231628418,2.5,-170.0,-156.5,-359.5,1.0,1.0,1.0,True,MET_SHORT,69730304,69730304,302.2542697051362,True,202.1539095860642,True,83.24054720000001,True,True
1.3.6.1.4.1.14519.5.2.1.6279.6001.910435939545691201820711078950,-64.08663525,83.53715541,-148.0483813,7.901903032,4,512,512,133,0.6640620231628418,0.6640620231628418,2.5,-170.0,-156.5,-359.5,1.0,1.0,1.0,True,MET_SHORT,69730304,69730304,159.49318144342647,True,361.46797593805167,True,84.58064748000001,True,True
1.3.6.1.4.1.14519.5.2.1.6279.6001.910435939545691201820711078950,16.20270684,-28.68871508,-142.8056088,8.846172298,4,512,512,133,0.6640620231628418,0.6640620231628418,2.5,-170.0,-156.5,-359.5,1.0,1.0,1.0,True,MET_SHORT,69730304,69730304,280.39957164413727,True,192.468896672108,True,86.67775648,True,True
1.3.6.1.4.1.14519.5.2.1.6279.6001.910607280658963002048724648683,54.60755313,121.4927286,-272.9701791,4.866308788,1,512,512,220,0.76953125,0.76953125,1.0000001192092896,-194.235545,-96.6445484,-431.400024,0.9999999999999999,0.9999999999999999,1.0,True,MET_SHORT,115343360,115343360,323.369711275533,True,283.46773051776654,True,158.42982601369297,True,True
1.3.6.1.4.1.14519.5.2.1.6279.6001.922852847124879997825997808179,-115.2749392,49.69837489,-162.6187699,11.8061039,2,512,512,557,0.703125,0.703125,0.625,-194.100006,-166.5,-343.519989,1.0,1.0,1.0,True,MET_SHORT,292028416,292028416,112.10676167111112,True,307.4821331768889,True,289.44195056,True,True
1.3.6.1.4.1.14519.5.2.1.6279.6001.922852847124879997825997808179,-52.79779369,-31.54579675,-131.8715489,9.616085612,2,512,512,557,0.703125,0.703125,0.625,-194.100006,-166.5,-343.519989,1.0,1.0,1.0,True,MET_SHORT,292028416,292028416,200.96314639644447,True,191.93486684444446,True,338.63750416000005,True,True
1.3.6.1.4.1.14519.5.2.1.6279.6001.931383239747372227838946053237,22.51629581,85.5374487,-195.8574424,6.135102887,8,512,512,194,0.78125,0.78125,1.25,-208.300003,-178.800003,-251.0,1.0,1.0,1.0,True,MET_SHORT,101711872,101711872,295.4448624768,True,338.351938176,True,44.11404608,True,True
1.3.6.1.4.1.14519.5.2.1.6279.6001.931383239747372227838946053237,-87.92037654,44.6792921,-151.461638,6.380071404,8,512,512,194,0.78125,0.78125,1.25,-208.300003,-178.800003,-251.0,1.0,1.0,1.0,True,MET_SHORT,101711872,101711872,154.0859218688,True,286.053497728,True,79.63068960000001,True,True
1.3.6.1.4.1.14519.5.2.1.6279.6001.935683764293840351008008793409,64.13393756,71.91638535,-126.1763207,8.501262355,1,512,512,238,0.625,0.625,1.25,-167.199997,-160.0,-273.75,1.0,1.0,1.0,True,MET_SHORT,124780544,124780544,370.134295296,True,371.06621656,True,118.05894343999998,True,True
1.3.6.1.4.1.14519.5.2.1.6279.6001.935683764293840351008008793409,-74.89196487,64.17743419,-112.3986425,6.267512807,1,512,512,238,0.625,0.625,1.25,-167.199997,-160.0,-273.75,1.0,1.0,1.0,True,MET_SHORT,124780544,124780544,147.692851408,True,358.68389470399995,True,129.081086,True,True
1.3.6.1.4.1.14519.5.2.1.6279.6001.939152384493874708850321969356,107.4054265,-98.91303831,-221.6180235,5.850666721,2,512,512,172,0.68359375,0.68359375,1.7999999523162842,-181.6582,-347.6582,-343.8,1.0,1.0,1.0,True,MET_SHORT,90177536,90177536,422.8587907657143,True,363.8786365293715,True,67.87887763150951,True,True
1.3.6.1.4.1.14519.5.2.1.6279.6001.943403138251347598519939390311,-46.94966448,72.63645381,-95.64452131,27.44242293,2,512,512,210,0.8789060115814209,0.8789060115814209,1.25,244.100006,241.600006,-310.75,-1.0,-1.0,1.0,True,MET_SHORT,110100480,110100480,331.1499371318585,True,192.24302708543644,True,172.084382952,True,True
1.3.6.1.4.1.14519.5.2.1.6279.6001.944888107209008719031293531091,40.31479504,-80.72430976,-149.9947759,8.687060064,7,512,512,143,0.78125,0.78125,2.5,-200.7,-217.2,-385.25,1.0,1.0,1.0,True,MET_SHORT,74973184,74973184,308.4989376512,True,174.68888350720002,True,94.10208964,True,True
1.3.6.1.4.1.14519.5.2.1.6279.6001.946129570505893110165820050204,121.9087601,-67.41580071,-158.8001927,9.061649841,9,512,512,481,0.5859379768371582,0.5859379768371582,0.625,-129.800003,-156.699997,-258.26001,1.0,1.0,1.0,True,MET_SHORT,252182528,252182528,429.58260609544686,True,152.3782376625394,True,159.13570768000005,True,True
1.3.6.1.4.1.14519.5.2.1.6279.6001.948414623428298219623354433437,-84.15184617,21.81634424,-184.7857155,18.98004463,6,512,512,206,0.8984379768371582,0.8984379768371582,1.25,-222.199997,-230.0,-267.5,1.0,1.0,1.0,True,MET_SHORT,108003328,108003328,153.653512417164,True,280.28239091861286,True,66.17142759999999,True,True
1.3.6.1.4.1.14519.5.2.1.6279.6001.948414623428298219623354433437,-42.46522232,-36.85450686,-123.8759754,19.92726356,6,512,512,206,0.8984379768371582,0.8984379768371582,1.25,-222.199997,-230.0,-267.5,1.0,1.0,1.0,True,MET_SHORT,108003328,108003328,200.05251259829248,True,214.9792173967815,True,114.89921967999999,True,True
1.3.6.1.4.1.14519.5.2.1.6279.6001.952265563663939823135367733681,-48.06213019,-65.09681526,222.2909831,6.529558333,1,512,512,331,0.49609375,0.49609375,0.5,-122.75195,-277.75195,147.5,1.0,1.0,1.0,True,MET_SHORT,173539328,173539328,150.55585725480313,True,428.65916923968507,True,149.5819662,True,True
1.3.6.1.4.1.14519.5.2.1.6279.6001.955688628308192728558382581802,-112.745883,161.7423069,-498.9031461,5.052577951,6,512,512,290,0.638671875,0.638671875,1.0,-168.35959,-15.7225933,-677.299988,1.0,1.0,1.0,True,MET_SHORT,152043520,152043520,87.07711921712537,True,277.86553181162077,True,178.39684189999997,True,True
1.3.6.1.4.1.14519.5.2.1.6279.6001.955688628308192728558382581802,-40.21106759,238.0640154,-516.3798885,5.221271945,6,512,512,290,0.638671875,0.638671875,1.0,-168.35959,-15.7225933,-677.299988,1.0,1.0,1.0,True,MET_SHORT,152043520,152043520,200.64845099058104,True,397.3661885455657,True,160.9200995,True,True
1.3.6.1.4.1.14519.5.2.1.6279.6001.955688628308192728558382581802,87.07665986,222.2505983,-465.3562053,12.11647614,6,512,512,290,0.638671875,0.638671875,1.0,-168.35959,-15.7225933,-677.299988,1.0,1.0,1.0,True,MET_SHORT,152043520,152043520,399.94911293064223,True,372.6063428110092,True,211.94378269999999,True,True
1.3.6.1.4.1.14519.5.2.1.6279.6001.955688628308192728558382581802,55.97275588,250.603657,-517.7658827,6.319450365,6,512,512,290,0.638671875,0.638671875,1.0,-168.35959,-15.7225933,-677.299988,1.0,1.0,1.0,True,MET_SHORT,152043520,152043520,351.2481990537003,True,417.00012279388375,True,159.53410529999996,True,True
1.3.6.1.4.1.14519.5.2.1.6279.6001.955688628308192728558382581802,109.2006745,197.3028445,-595.8870474,4.519029411,6,512,512,290,0.638671875,0.638671875,1.0,-168.35959,-15.7225933,-677.299988,1.0,1.0,1.0,True,MET_SHORT,152043520,152043520,434.58977193883794,True,333.54441637186545,True,81.41294059999996,True,True
1.3.6.1.4.1.14519.5.2.1.6279.6001.961063442349005937536597225349,-72.86080331,0.731478362,-100.394452,4.521001895,3,512,512,452,0.703125,0.703125,0.625,-183.600006,-180.0,-336.820007,1.0,1.0,1.0,True,MET_SHORT,236978176,236978176,157.49575493688891,True,257.0403247815111,True,378.28088799999995,True,True
1.3.6.1.4.1.14519.5.2.1.6279.6001.964952370561266624992539111877,35.1062029,-25.06165086,-90.50125946,8.620604671,2,512,512,251,0.6835939884185791,0.6835939884185791,1.25,185.899994,185.0,-333.25,-1.0,-1.0,1.0,True,MET_SHORT,131596288,131596288,220.58969747356198,True,307.29007922664,True,194.198992432,True,True
1.3.6.1.4.1.14519.5.2.1.6279.6001.964952370561266624992539111877,56.35066709,52.95163062,-83.7822307,14.91474445,2,512,512,251,0.6835939884185791,0.6835939884185791,1.25,185.899994,185.0,-333.25,-1.0,-1.0,1.0,True,MET_SHORT,131596288,131596288,189.51209212605625,True,193.16783297857788,True,199.57421544,True,True
1.3.6.1.4.1.14519.5.2.1.6279.6001.964952370561266624992539111877,-70.91353508,46.00620624,-78.16403224,5.973405668,2,512,512,251,0.6835939884185791,0.6835939884185791,1.25,185.899994,185.0,-333.25,-1.0,-1.0,1.0,True,MET_SHORT,131596288,131596288,375.6813743697635,True,203.32799309945244,True,204.068774208,True,True
1.3.6.1.4.1.14519.5.2.1.6279.6001.964952370561266624992539111877,-75.55888225,15.94288167,-80.50207913,4.723904059,2,512,512,251,0.6835939884185791,0.6835939884185791,1.25,185.899994,185.0,-333.25,-1.0,-1.0,1.0,True,MET_SHORT,131596288,131596288,382.476851288375,True,247.306326846284,True,202.198336696,True,True
1.3.6.1.4.1.14519.5.2.1.6279.6001.970264865033574190975654369557,-109.4285094,59.59670322,-162.9329603,3.841244999,1,512,512,433,0.546875,0.546875,0.625,-167.600006,-128.5,-288.075012,1.0,1.0,1.0,True,MET_SHORT,227016704,227016704,106.37073664000002,True,343.9482573165714,True,200.22728272000003,True,True
1.3.6.1.4.1.14519.5.2.1.6279.6001.970428941353693253759289796610,-114.2130699,67.58978532,-136.7936142,18.67552564,3,512,512,145,0.78125,0.78125,2.5,-206.699997,-220.699997,-397.5,1.0,1.0,1.0,True,MET_SHORT,76021760,76021760,118.383266688,True,369.01092136959994,True,104.28255432,True,True
1.3.6.1.4.1.14519.5.2.1.6279.6001.970428941353693253759289796610,-116.037038,-8.478867028,-126.2935495,11.53208237,3,512,512,145,0.78125,0.78125,2.5,-206.699997,-220.699997,-397.5,1.0,1.0,1.0,True,MET_SHORT,76021760,76021760,116.04858752,True,271.64304636416,True,108.4825802,True,True
1.3.6.1.4.1.14519.5.2.1.6279.6001.975426625618184773401026809852,52.99602068,85.06797975,-105.4608119,8.117918353,3,512,512,197,0.703125,0.703125,1.25,-189.800003,-180.0,-257.75,1.0,1.0,1.0,True,MET_SHORT,103284736,103284736,345.3099003448889,True,376.9855712,True,121.83135048,True,True
1.3.6.1.4.1.14519.5.2.1.6279.6001.979083010707182900091062408058,-104.4419748,57.83942814,-124.3083633,7.310399552,0,512,512,140,0.6640620231628418,0.6640620231628418,2.0,-171.0,-143.600006,-237.240005,1.0,1.0,1.0,True,MET_SHORT,73400320,73400320,100.22862756552875,True,303.3443068774961,True,56.46582085,True,True
1.3.6.1.4.1.14519.5.2.1.6279.6001.994459772950022352718462251777,-160.8562978,-28.56034944,-269.1687276,5.053693982,7,512,512,291,0.8203120231628418,0.8203120231628418,1.25,-195.0,-210.0,-378.140015,1.0,1.0,0.9999999999999999,True,MET_SHORT,152567808,152567808,41.622823067195334,True,221.18370258725568,True,87.17702992000001,True,True
1.3.6.1.4.1.14519.5.2.1.6279.6001.994459772950022352718462251777,-102.1895703,-73.86576556,-220.5362409,4.55610095,7,512,512,291,0.8203120231628418,0.8203120231628418,1.25,-195.0,-210.0,-378.140015,1.0,1.0,0.9999999999999999,True,MET_SHORT,152567808,152567808,113.1403991156375,True,165.9542108320113,True,126.08301928000003,True,True
1.3.6.1.4.1.14519.5.2.1.6279.6001.994459772950022352718462251777,-37.53540905,64.04194931,-127.6871014,4.3573681,7,512,512,291,0.8203120231628418,0.8203120231628418,1.25,-195.0,-210.0,-378.140015,1.0,1.0,0.9999999999999999,True,MET_SHORT,152567808,152567808,191.95694626402104,True,334.0703800163604,True,200.36233088000003,True,True
1.3.6.1.4.1.14519.5.2.1.6279.6001.997611074084993415992563148335,43.19611173,74.4384859,-200.5233136,4.277202539,8,512,512,285,0.5859379768371582,0.5859379768371582,1.25,-155.199997,-142.199997,-316.609985,1.0,1.0,1.0,True,MET_SHORT,149422080,149422080,338.59575001593987,True,369.7293765961297,True,92.86933712,True,True
1.3.6.1.4.1.14519.5.2.1.6279.6001.997611074084993415992563148335,-21.95847826,33.48609566,-155.2920257,23.80291305,8,512,512,285,0.5859379768371582,0.5859379768371582,1.25,-155.199997,-142.199997,-316.609985,1.0,1.0,1.0,True,MET_SHORT,149422080,149422080,227.3986735920857,True,299.83735413146985,True,129.05436744,True,True
