seriesuid,subset,dim_x,dim_y,n_slices,sp_x,sp_y,sp_z,origin_x,origin_y,origin_z,flip_x,flip_y,flip_z,axis_aligned,element_type,raw_name,raw_bytes,expected_raw_bytes,n_nodules,n_cand_v1,n_cand_v2
1.3.6.1.4.1.14519.5.2.1.6279.6001.105756658031515062000744821260,0,512,512,121,0.7617189884185791,0.7617189884185791,2.5,-198.100006,-195.0,-335.209991,1.0,1.0,1.0,True,MET_SHORT,1.3.6.1.4.1.14519.5.2.1.6279.6001.105756658031515062000744821260.raw,63438848,63438848,0,696,707
1.3.6.1.4.1.14519.5.2.1.6279.6001.108197895896446896160048741492,0,512,512,119,0.7421879768371582,0.7421879768371582,2.5,-182.5,-190.0,-313.75,1.0,1.0,1.0,True,MET_SHORT,1.3.6.1.4.1.14519.5.2.1.6279.6001.108197895896446896160048741492.raw,62390272,62390272,1,1094,1291
1.3.6.1.4.1.14519.5.2.1.6279.6001.109002525524522225658609808059,0,512,512,161,0.5488280057907104,0.5488280057907104,1.25,-187.699997,-108.300003,-194.0,1.0,1.0,1.0,True,MET_SHORT,1.3.6.1.4.1.14519.5.2.1.6279.6001.109002525524522225658609808059.raw,84410368,84410368,2,508,804
1.3.6.1.4.1.14519.5.2.1.6279.6001.111172165674661221381920536987,0,512,512,538,0.7421879768371582,0.7421879768371582,0.625,-180.600006,-143.100006,-298.774994,1.0,1.0,1.0,True,MET_SHORT,1.3.6.1.4.1.14519.5.2.1.6279.6001.111172165674661221381920536987.raw,282066944,282066944,1,442,730
1.3.6.1.4.1.14519.5.2.1.6279.6001.122763913896761494371822656720,0,512,512,124,0.6152340173721313,0.6152340173721313,2.5,-166.399994,-157.5,-337.480011,1.0,1.0,1.0,True,MET_SHORT,1.3.6.1.4.1.14519.5.2.1.6279.6001.122763913896761494371822656720.raw,65011712,65011712,0,815,821
1.3.6.1.4.1.14519.5.2.1.6279.6001.124154461048929153767743874565,0,512,512,195,0.72265625,0.72265625,1.7999999523162842,-184.638671875,-326.638671875,-385.2,1.0,1.0,1.0,True,MET_SHORT,1.3.6.1.4.1.14519.5.2.1.6279.6001.124154461048929153767743874565.raw,102236160,102236160,1,1061,1333
1.3.6.1.4.1.14519.5.2.1.6279.6001.126121460017257137098781143514,0,512,512,133,0.5566409826278687,0.5566409826278687,2.5,-139.100006,-149.0,-330.0,1.0,1.0,1.0,True,MET_SHORT,1.3.6.1.4.1.14519.5.2.1.6279.6001.126121460017257137098781143514.raw,69730304,69730304,0,612,615
1.3.6.1.4.1.14519.5.2.1.6279.6001.126264578931778258890371755354,0,512,512,672,0.607421875,0.607421875,0.5,-163.1962890625,-319.1962890625,-380.5,1.0,1.0,1.0,True,MET_SHORT,1.3.6.1.4.1.14519.5.2.1.6279.6001.126264578931778258890371755354.raw,352321536,352321536,1,605,1129
1.3.6.1.4.1.14519.5.2.1.6279.6001.128023902651233986592378348912,0,512,512,133,0.703125,0.703125,2.5,-193.5,-180.0,-353.329987,1.0,1.0,0.9999999999999999,True,MET_SHORT,1.3.6.1.4.1.14519.5.2.1.6279.6001.128023902651233986592378348912.raw,69730304,69730304,1,744,1083
1.3.6.1.4.1.14519.5.2.1.6279.6001.129055977637338639741695800950,0,512,512,483,0.6171875,0.6171875,0.699999988079071,-168.69141,-306.69141,872.0,1.0,1.0,1.0,True,MET_SHORT,1.3.6.1.4.1.14519.5.2.1.6279.6001.129055977637338639741695800950.raw,253231104,253231104,1,474,961
1.3.6.1.4.1.14519.5.2.1.6279.6001.130438550890816550994739120843,0,512,512,274,0.6152340173721313,0.6152340173721313,1.25,-151.300003,-133.600006,-356.470001,1.0,1.0,1.0,True,MET_SHORT,1.3.6.1.4.1.14519.5.2.1.6279.6001.130438550890816550994739120843.raw,143654912,143654912,1,835,1262
1.3.6.1.4.1.14519.5.2.1.6279.6001.134996872583497382954024478441,0,512,512,197,0.859375,0.859375,1.25,-238.100006,-220.0,-273.25,1.0,1.0,1.0,True,MET_SHORT,1.3.6.1.4.1.14519.5.2.1.6279.6001.134996872583497382954024478441.raw,103284736,103284736,4,574,969
1.3.6.1.4.1.14519.5.2.1.6279.6001.137763212752154081977261297097,0,512,512,246,0.7421875,0.7421875,1.0,-164.492922,-75.1801815,-557.5,1.0,1.0,1.0,True,MET_SHORT,1.3.6.1.4.1.14519.5.2.1.6279.6001.137763212752154081977261297097.raw,128974848,128974848,2,343,705
1.3.6.1.4.1.14519.5.2.1.6279.6001.138080888843357047811238713686,0,512,512,295,0.681640625,0.681640625,1.0,-161.5,-39.5,-656.0,1.0,1.0,1.0,True,MET_SHORT,1.3.6.1.4.1.14519.5.2.1.6279.6001.138080888843357047811238713686.raw,154664960,154664960,1,703,1066
1.3.6.1.4.1.14519.5.2.1.6279.6001.139258777898746693365877042411,0,512,512,588,0.513671875,0.513671875,0.5,-157.2431640625,-281.2431640625,-336.0,1.0,1.0,1.0,True,MET_SHORT,1.3.6.1.4.1.14519.5.2.1.6279.6001.139258777898746693365877042411.raw,308281344,308281344,1,436,869
1.3.6.1.4.1.14519.5.2.1.6279.6001.139713436241461669335487719526,0,512,512,140,0.7226560115814209,0.7226560115814209,2.5,-185.0,-205.0,-380.809998,1.0,1.0,1.0,True,MET_SHORT,1.3.6.1.4.1.14519.5.2.1.6279.6001.139713436241461669335487719526.raw,73400320,73400320,0,1059,1068
1.3.6.1.4.1.14519.5.2.1.6279.6001.141069661700670042960678408762,0,512,512,280,0.572265625,0.572265625,1.0,-165.811651,41.0718307,-924.699951,1.0,1.0,1.0,True,MET_SHORT,1.3.6.1.4.1.14519.5.2.1.6279.6001.141069661700670042960678408762.raw,146800640,146800640,1,932,1096
1.3.6.1.4.1.14519.5.2.1.6279.6001.144438612068946916340281098509,0,512,512,157,0.6640620231628418,0.6640620231628418,2.0,-146.600006,-154.399994,-312.934998,1.0,1.0,1.0,True,MET_SHORT,1.3.6.1.4.1.14519.5.2.1.6279.6001.144438612068946916340281098509.raw,82313216,82313216,0,671,673
1.3.6.1.4.1.14519.5.2.1.6279.6001.146429221666426688999739595820,0,512,512,730,0.73046875,0.73046875,0.5,-191.634765625,-342.634765625,-472.0,0.9999999999999999,0.9999999999999999,1.0,True,MET_SHORT,1.3.6.1.4.1.14519.5.2.1.6279.6001.146429221666426688999739595820.raw,382730240,382730240,0,322,322
1.3.6.1.4.1.14519.5.2.1.6279.6001.154677396354641150280013275227,0,512,512,275,0.78125,0.78125,1.0,-201.0,-59.0,-679.800049,1.0,1.0,1.0,True,MET_SHORT,1.3.6.1.4.1.14519.5.2.1.6279.6001.154677396354641150280013275227.raw,144179200,144179200,1,316,587
1.3.6.1.4.1.14519.5.2.1.6279.6001.187451715205085403623595258748,0,512,512,125,0.703125,0.703125,2.5,-176.899994,-169.100006,-359.75,1.0,1.0,1.0,True,MET_SHORT,1.3.6.1.4.1.14519.5.2.1.6279.6001.187451715205085403623595258748.raw,65536000,65536000,2,322,711
1.3.6.1.4.1.14519.5.2.1.6279.6001.188209889686363159853715266493,0,512,512,147,0.7421879768371582,0.7421879768371582,2.5,-202.7,-208.7,-397.25,1.0,1.0,1.0,True,MET_SHORT,1.3.6.1.4.1.14519.5.2.1.6279.6001.188209889686363159853715266493.raw,77070336,77070336,2,313,881
1.3.6.1.4.1.14519.5.2.1.6279.6001.188376349804761988217597754952,0,512,512,245,0.78125,0.78125,1.0,-201.0,-83.0,-588.299988,1.0,1.0,1.0,True,MET_SHORT,1.3.6.1.4.1.14519.5.2.1.6279.6001.188376349804761988217597754952.raw,128450560,128450560,4,609,859
1.3.6.1.4.1.14519.5.2.1.6279.6001.194440094986948071643661798326,0,512,512,195,0.7421875,0.7421875,1.7999999523162842,-208.62890625,-331.62890625,-364.7,1.0,1.0,1.0,True,MET_SHORT,1.3.6.1.4.1.14519.5.2.1.6279.6001.194440094986948071643661798326.raw,102236160,102236160,1,421,837
1.3.6.1.4.1.14519.5.2.1.6279.6001.194465340552956447447896167830,0,512,512,129,0.6972659826278687,0.6972659826278687,2.5,-163.899994,-178.5,-332.5,1.0,1.0,1.0,True,MET_SHORT,1.3.6.1.4.1.14519.5.2.1.6279.6001.194465340552956447447896167830.raw,67633152,67633152,0,557,561
1.3.6.1.4.1.14519.5.2.1.6279.6001.202811684116768680758082619196,0,512,512,133,0.9765620231628418,0.9765620231628418,2.5,-237.300003,-250.0,-349.5,1.0,1.0,1.0,True,MET_SHORT,1.3.6.1.4.1.14519.5.2.1.6279.6001.202811684116768680758082619196.raw,69730304,69730304,1,701,1060
1.3.6.1.4.1.14519.5.2.1.6279.6001.210837812047373739447725050963,0,512,512,194,0.68359375,0.68359375,1.7999999523162842,-158.6582,-323.6582,-386.4,1.0,1.0,1.0,True,MET_SHORT,1.3.6.1.4.1.14519.5.2.1.6279.6001.210837812047373739447725050963.raw,101711872,101711872,0,531,550
1.3.6.1.4.1.14519.5.2.1.6279.6001.213140617640021803112060161074,0,512,512,276,0.6171875,0.6171875,1.0,-141.840662,23.1456223,-825.199951,1.0,1.0,1.0,True,MET_SHORT,1.3.6.1.4.1.14519.5.2.1.6279.6001.213140617640021803112060161074.raw,144703488,144703488,3,548,912
1.3.6.1.4.1.14519.5.2.1.6279.6001.216882370221919561230873289517,0,512,512,250,0.6542969942092896,0.6542969942092896,1.25,-157.600006,-161.800003,-302.679993,1.0,1.0,1.0,True,MET_SHORT,1.3.6.1.4.1.14519.5.2.1.6279.6001.216882370221919561230873289517.raw,131072000,131072000,2,297,742
1.3.6.1.4.1.14519.5.2.1.6279.6001.219087313261026510628926082729,0,512,512,280,0.61328125,0.61328125,1.0,-152.0,-9.0,-681.900024,1.0,1.0,1.0,True,MET_SHORT,1.3.6.1.4.1.14519.5.2.1.6279.6001.219087313261026510628926082729.raw,146800640,146800640,2,764,991
1.3.6.1.4.1.14519.5.2.1.6279.6001.219909753224298157409438012179,0,512,512,141,0.625,0.625,2.5,-136.100006,-160.0,-361.0,1.0,1.0,1.0,True,MET_SHORT,1.3.6.1.4.1.14519.5.2.1.6279.6001.219909753224298157409438012179.raw,73924608,73924608,2,848,1094
1.3.6.1.4.1.14519.5.2.1.6279.6001.227962600322799211676960828223,0,512,512,209,0.6933590173721313,0.6933590173721313,1.25,-145.399994,-177.5,-279.75,0.9999999999999999,0.9999999999999999,1.0,True,MET_SHORT,1.3.6.1.4.1.14519.5.2.1.6279.6001.227962600322799211676960828223.raw,109576192,109576192,1,312,472
1.3.6.1.4.1.14519.5.2.1.6279.6001.231645134739451754302647733304,0,512,512,255,0.6542969942092896,0.6542969942092896,1.25,-153.5,-177.399994,-310.25,1.0,1.0,1.0,True,MET_SHORT,1.3.6.1.4.1.14519.5.2.1.6279.6001.231645134739451754302647733304.raw,133693440,133693440,0,545,552
1.3.6.1.4.1.14519.5.2.1.6279.6001.238522526736091851696274044574,0,512,512,183,0.6640625,0.6640625,1.7999999523162842,-169.66797,-286.66797,-342.6,1.0,1.0,1.0,True,MET_SHORT,1.3.6.1.4.1.14519.5.2.1.6279.6001.238522526736091851696274044574.raw,95944704,95944704,0,349,352
1.3.6.1.4.1.14519.5.2.1.6279.6001.241570579760883349458693655367,0,512,512,325,0.611328125,0.611328125,1.0,-160.5,-52.2845135,1539.0,1.0,1.0,1.0,True,MET_SHORT,1.3.6.1.4.1.14519.5.2.1.6279.6001.241570579760883349458693655367.raw,170393600,170393600,1,1076,1275
1.3.6.1.4.1.14519.5.2.1.6279.6001.249530219848512542668813996730,0,512,512,481,0.6054689884185791,0.6054689884185791,0.625,-143.600006,-122.0,-271.059998,1.0,1.0,1.0,True,MET_SHORT,1.3.6.1.4.1.14519.5.2.1.6279.6001.249530219848512542668813996730.raw,252182528,252182528,3,454,713
1.3.6.1.4.1.14519.5.2.1.6279.6001.250438451287314206124484591986,0,512,512,221,0.6210939884185791,0.6210939884185791,1.25,-147.899994,-159.0,-268.0,1.0,1.0,1.0,True,MET_SHORT,1.3.6.1.4.1.14519.5.2.1.6279.6001.250438451287314206124484591986.raw,115867648,115867648,0,380,390
1.3.6.1.4.1.14519.5.2.1.6279.6001.250863365157630276148828903732,0,512,512,297,0.9492189884185791,0.9492189884185791,1.25,-242.5,-233.0,-390.0,1.0,1.0,1.0,True,MET_SHORT,1.3.6.1.4.1.14519.5.2.1.6279.6001.250863365157630276148828903732.raw,155713536,155713536,1,920,1331
1.3.6.1.4.1.14519.5.2.1.6279.6001.269689294231892620436462818860,0,512,512,123,0.6171879768371582,0.6171879768371582,2.5,-146.5,-137.199997,-323.230011,1.0,1.0,1.0,True,MET_SHORT,1.3.6.1.4.1.14519.5.2.1.6279.6001.269689294231892620436462818860.raw,64487424,64487424,0,613,612
1.3.6.1.4.1.14519.5.2.1.6279.6001.272042302501586336192628818865,0,512,512,280,0.7109375,0.7109375,1.0,-166.439067,-36.1953354,-817.199951,1.0,1.0,1.0,True,MET_SHORT,1.3.6.1.4.1.14519.5.2.1.6279.6001.272042302501586336192628818865.raw,146800640,146800640,1,304,734
1.3.6.1.4.1.14519.5.2.1.6279.6001.277445975068759205899107114231,0,512,512,177,0.7421875,0.7421875,1.7999999523162842,-174.62890625,-330.62890625,-342.8,1.0,1.0,1.0,True,MET_SHORT,1.3.6.1.4.1.14519.5.2.1.6279.6001.277445975068759205899107114231.raw,92798976,92798976,2,448,666
1.3.6.1.4.1.14519.5.2.1.6279.6001.278660284797073139172446973682,0,512,512,117,0.6640620231628418,0.6640620231628418,2.5,-177.5,-170.0,-310.5,1.0,1.0,1.0,True,MET_SHORT,1.3.6.1.4.1.14519.5.2.1.6279.6001.278660284797073139172446973682.raw,61341696,61341696,0,437,459
1.3.6.1.4.1.14519.5.2.1.6279.6001.280972147860943609388015648430,0,512,512,139,0.78125,0.78125,2.5,-194.8,-190.2,-334.25,1.0,1.0,1.0,True,MET_SHORT,1.3.6.1.4.1.14519.5.2.1.6279.6001.280972147860943609388015648430.raw,72876032,72876032,0,717,725
1.3.6.1.4.1.14519.5.2.1.6279.6001.281489753704424911132261151767,0,512,512,471,0.5859379768371582,0.5859379768371582,0.625,-154.699997,-148.399994,-275.73999,1.0,1.0,1.0,True,MET_SHORT,1.3.6.1.4.1.14519.5.2.1.6279.6001.281489753704424911132261151767.raw,246939648,246939648,1,637,883
1.3.6.1.4.1.14519.5.2.1.6279.6001.293757615532132808762625441831,0,512,512,477,0.78125,0.78125,0.625,-194.800003,-200.0,-324.005005,1.0,1.0,1.0,True,MET_SHORT,1.3.6.1.4.1.14519.5.2.1.6279.6001.293757615532132808762625441831.raw,250085376,250085376,2,557,898
1.3.6.1.4.1.14519.5.2.1.6279.6001.294188507421106424248264912111,0,512,512,250,0.5859379768371582,0.5859379768371582,1.25,-145.300003,-174.399994,-347.25,1.0,1.0,1.0,True,MET_SHORT,1.3.6.1.4.1.14519.5.2.1.6279.6001.294188507421106424248264912111.raw,131072000,131072000,3,600,958
1.3.6.1.4.1.14519.5.2.1.6279.6001.295298571102631191572192562523,0,512,512,232,0.703125,0.703125,1.25,-214.699997,-164.0,-304.25,1.0,1.0,1.0,True,MET_SHORT,1.3.6.1.4.1.14519.5.2.1.6279.6001.295298571102631191572192562523.raw,121634816,121634816,2,499,780
1.3.6.1.4.1.14519.5.2.1.6279.6001.295420274214095686326263147663,0,512,512,244,0.5253909826278687,0.5253909826278687,1.2499998807907104,-118.900002,-107.400002,-340.859985,1.0,1.0,1.0,True,MET_SHORT,1.3.6.1.4.1.14519.5.2.1.6279.6001.295420274214095686326263147663.raw,127926272,127926272,5,909,1252
1.3.6.1.4.1.14519.5.2.1.6279.6001.302134342469412607966016057827,0,512,512,369,0.703125,0.703125,0.625,-180.0,-180.0,-225.699997,1.0,1.0,1.0,True,MET_SHORT,1.3.6.1.4.1.14519.5.2.1.6279.6001.302134342469412607966016057827.raw,193462272,193462272,0,547,547
1.3.6.1.4.1.14519.5.2.1.6279.6001.303421828981831854739626597495,0,512,512,300,0.744140625,0.744140625,1.0,-210.612314,-101.614477,1444.5,1.0,1.0,1.0,True,MET_SHORT,1.3.6.1.4.1.14519.5.2.1.6279.6001.303421828981831854739626597495.raw,157286400,157286400,1,478,447
1.3.6.1.4.1.14519.5.2.1.6279.6001.305858704835252413616501469037,0,512,512,290,0.681640625,0.681640625,1.0,-187.672935,-28.0670528,-422.5,1.0,1.0,1.0,True,MET_SHORT,1.3.6.1.4.1.14519.5.2.1.6279.6001.305858704835252413616501469037.raw,152043520,152043520,2,856,1228
1.3.6.1.4.1.14519.5.2.1.6279.6001.310548927038333190233889983845,0,512,512,127,0.703125,0.703125,2.5,-200.199997,-180.0,-337.25,1.0,1.0,1.0,True,MET_SHORT,1.3.6.1.4.1.14519.5.2.1.6279.6001.310548927038333190233889983845.raw,66584576,66584576,1,710,927
1.3.6.1.4.1.14519.5.2.1.6279.6001.310626494937915759224334597176,0,512,512,127,0.5859379768371582,0.5859379768371582,2.5,-155.0,-150.0,-318.329987,1.0,1.0,0.9999999999999999,True,MET_SHORT,1.3.6.1.4.1.14519.5.2.1.6279.6001.310626494937915759224334597176.raw,66584576,66584576,0,513,520
1.3.6.1.4.1.14519.5.2.1.6279.6001.311981398931043315779172047718,0,512,512,151,0.859375,0.859375,2.5,-217.4,-220.0,-396.0,1.0,1.0,1.0,True,MET_SHORT,1.3.6.1.4.1.14519.5.2.1.6279.6001.311981398931043315779172047718.raw,79167488,79167488,0,971,983
1.3.6.1.4.1.14519.5.2.1.6279.6001.313334055029671473836954456733,0,512,512,123,0.703125,0.703125,2.5,-180.0,-157.5,-349.5,1.0,1.0,1.0,True,MET_SHORT,1.3.6.1.4.1.14519.5.2.1.6279.6001.313334055029671473836954456733.raw,64487424,64487424,1,884,1095
1.3.6.1.4.1.14519.5.2.1.6279.6001.313605260055394498989743099991,0,512,512,129,0.78125,0.78125,2.5,-208.199997,-242.0,-334.5,1.0,1.0,1.0,True,MET_SHORT,1.3.6.1.4.1.14519.5.2.1.6279.6001.313605260055394498989743099991.raw,67633152,67633152,1,719,890
1.3.6.1.4.1.14519.5.2.1.6279.6001.313835996725364342034830119490,0,512,512,465,0.703125,0.703125,0.625,-188.800003,-196.600006,-279.095001,1.0,1.0,1.0,True,MET_SHORT,1.3.6.1.4.1.14519.5.2.1.6279.6001.313835996725364342034830119490.raw,243793920,243793920,1,755,1019
1.3.6.1.4.1.14519.5.2.1.6279.6001.317087518531899043292346860596,0,512,512,474,0.625,0.625,0.625,-167.800003,-160.0,-251.514999,1.0,1.0,1.0,True,MET_SHORT,1.3.6.1.4.1.14519.5.2.1.6279.6001.317087518531899043292346860596.raw,248512512,248512512,1,685,918
1.3.6.1.4.1.14519.5.2.1.6279.6001.323302986710576400812869264321,0,512,512,157,0.703125,0.703125,2.0,-174.300003,-180.0,-275.839996,1.0,1.0,1.0,True,MET_SHORT,1.3.6.1.4.1.14519.5.2.1.6279.6001.323302986710576400812869264321.raw,82313216,82313216,1,677,883
1.3.6.1.4.1.14519.5.2.1.6279.6001.323859712968543712594665815359,0,512,512,267,0.5957030057907104,0.5957030057907104,1.25,-139.5,-167.600006,-345.345001,1.0,1.0,1.0,True,MET_SHORT,1.3.6.1.4.1.14519.5.2.1.6279.6001.323859712968543712594665815359.raw,139984896,139984896,2,346,785
1.3.6.1.4.1.14519.5.2.1.6279.6001.332453873575389860371315979768,0,512,512,204,0.64453125,0.64453125,1.7999999523162842,-165.67773,-317.67773,-473.4,1.0,1.0,1.0,True,MET_SHORT,1.3.6.1.4.1.14519.5.2.1.6279.6001.332453873575389860371315979768.raw,106954752,106954752,0,704,719
1.3.6.1.4.1.14519.5.2.1.6279.6001.333145094436144085379032922488,0,512,512,139,0.78125,0.78125,2.5,-182.399994,-187.100006,-382.5,1.0,1.0,1.0,True,MET_SHORT,1.3.6.1.4.1.14519.5.2.1.6279.6001.333145094436144085379032922488.raw,72876032,72876032,1,917,1136
1.3.6.1.4.1.14519.5.2.1.6279.6001.334517907433161353885866806005,0,512,512,280,0.67578125,0.67578125,1.0000001192092896,-178.348075,-32.8987169,-593.900024,1.0,1.0,1.0,True,MET_SHORT,1.3.6.1.4.1.14519.5.2.1.6279.6001.334517907433161353885866806005.raw,146800640,146800640,3,1019,1222
1.3.6.1.4.1.14519.5.2.1.6279.6001.395623571499047043765181005112,0,512,512,109,0.78125,0.78125,2.5,-227.3,-200.0,-280.0,1.0,1.0,1.0,True,MET_SHORT,1.3.6.1.4.1.14519.5.2.1.6279.6001.395623571499047043765181005112.raw,57147392,57147392,1,627,986
1.3.6.1.4.1.14519.5.2.1.6279.6001.397062004302272014259317520874,0,512,512,325,0.78125,0.78125,1.0,-201.0,-45.0,-838.099976,1.0,1.0,1.0,True,MET_SHORT,1.3.6.1.4.1.14519.5.2.1.6279.6001.397062004302272014259317520874.raw,170393600,170393600,0,519,543
1.3.6.1.4.1.14519.5.2.1.6279.6001.404364125369979066736354549484,0,512,512,176,0.5859375,0.5859375,1.7999999523162842,-158.70703125,-282.70703125,-327.5,1.0,1.0,1.0,True,MET_SHORT,1.3.6.1.4.1.14519.5.2.1.6279.6001.404364125369979066736354549484.raw,92274688,92274688,1,381,737
1.3.6.1.4.1.14519.5.2.1.6279.6001.417815314896088956784723476543,0,512,512,280,0.578125,0.578125,1.0,-154.309634,15.9240799,-800.299988,1.0,1.0,1.0,True,MET_SHORT,1.3.6.1.4.1.14519.5.2.1.6279.6001.417815314896088956784723476543.raw,146800640,146800640,1,813,1254
1.3.6.1.4.1.14519.5.2.1.6279.6001.430109407146633213496148200410,0,512,512,733,0.63671875,0.63671875,0.5,-168.681640625,-332.681640625,-441.0,1.0,1.0,1.0,True,MET_SHORT,1.3.6.1.4.1.14519.5.2.1.6279.6001.430109407146633213496148200410.raw,384303104,384303104,3,431,1055
1.3.6.1.4.1.14519.5.2.1.6279.6001.450501966058662668272378865145,0,512,512,129,0.6445310115814209,0.6445310115814209,2.5,-165.0,-165.0,-42.5,1.0,1.0,1.0,True,MET_SHORT,1.3.6.1.4.1.14519.5.2.1.6279.6001.450501966058662668272378865145.raw,67633152,67633152,2,848,1108
1.3.6.1.4.1.14519.5.2.1.6279.6001.511347030803753100045216493273,0,512,512,147,0.703125,0.703125,2.5,-182.100006,-195.600006,-382.5,1.0,1.0,1.0,True,MET_SHORT,1.3.6.1.4.1.14519.5.2.1.6279.6001.511347030803753100045216493273.raw,77070336,77070336,3,900,1166
1.3.6.1.4.1.14519.5.2.1.6279.6001.525937963993475482158828421281,0,512,512,516,0.8203120231628418,0.8203120231628418,0.625,-210.0,-210.0,-301.459991,1.0,1.0,1.0,True,MET_SHORT,1.3.6.1.4.1.14519.5.2.1.6279.6001.525937963993475482158828421281.raw,270532608,270532608,1,635,1204
1.3.6.1.4.1.14519.5.2.1.6279.6001.534006575256943390479252771547,0,512,512,545,0.7226560115814209,0.7226560115814209,0.625,-205.199997,-198.5,-333.809998,1.0,1.0,1.0,True,MET_SHORT,1.3.6.1.4.1.14519.5.2.1.6279.6001.534006575256943390479252771547.raw,285736960,285736960,3,691,1156
1.3.6.1.4.1.14519.5.2.1.6279.6001.534083630500464995109143618896,0,512,512,229,0.6542969942092896,0.6542969942092896,1.25,-161.800003,-167.5,-301.0,1.0,1.0,1.0,True,MET_SHORT,1.3.6.1.4.1.14519.5.2.1.6279.6001.534083630500464995109143618896.raw,120061952,120061952,3,345,711
1.3.6.1.4.1.14519.5.2.1.6279.6001.564534197011295112247542153557,0,512,512,265,0.9433590173721313,0.9433590173721313,1.25,-247.199997,-241.5,-310.0,0.9999999999999999,0.9999999999999999,1.0,True,MET_SHORT,1.3.6.1.4.1.14519.5.2.1.6279.6001.564534197011295112247542153557.raw,138936320,138936320,0,745,753
1.3.6.1.4.1.14519.5.2.1.6279.6001.566816709786169715745131047975,0,512,512,133,0.7421879768371582,0.7421879768371582,2.5,-207.300003,-190.0,-366.5,1.0,1.0,1.0,True,MET_SHORT,1.3.6.1.4.1.14519.5.2.1.6279.6001.566816709786169715745131047975.raw,69730304,69730304,1,604,1091
1.3.6.1.4.1.14519.5.2.1.6279.6001.621916089407825046337959219998,0,512,512,133,0.859375,0.859375,2.5,-223.0,-220.0,-357.5,1.0,1.0,1.0,True,MET_SHORT,1.3.6.1.4.1.14519.5.2.1.6279.6001.621916089407825046337959219998.raw,69730304,69730304,1,746,1033
1.3.6.1.4.1.14519.5.2.1.6279.6001.640729228179368154416184318668,0,512,512,483,0.65234375,0.65234375,0.699999988079071,-166.67383,-340.67383,-354.0,1.0,1.0,1.0,True,MET_SHORT,1.3.6.1.4.1.14519.5.2.1.6279.6001.640729228179368154416184318668.raw,253231104,253231104,1,553,1024
1.3.6.1.4.1.14519.5.2.1.6279.6001.657775098760536289051744981056,0,512,512,120,0.6445310115814209,0.6445310115814209,2.5,-157.699997,-155.100006,-326.76001,1.0,1.0,0.9999999999999999,True,MET_SHORT,1.3.6.1.4.1.14519.5.2.1.6279.6001.657775098760536289051744981056.raw,62914560,62914560,0,672,676
1.3.6.1.4.1.14519.5.2.1.6279.6001.716498695101447665580610403574,0,512,512,429,0.537109375,0.537109375,0.699999988079071,-138.23145,-263.23145,-327.5,1.0,1.0,1.0,True,MET_SHORT,1.3.6.1.4.1.14519.5.2.1.6279.6001.716498695101447665580610403574.raw,224919552,224919552,1,539,880
1.3.6.1.4.1.14519.5.2.1.6279.6001.724251104254976962355686318345,0,512,512,392,0.638671875,0.638671875,0.75,-161.640151,-32.7547369,-720.75,1.0,1.0,1.0,True,MET_SHORT,1.3.6.1.4.1.14519.5.2.1.6279.6001.724251104254976962355686318345.raw,205520896,205520896,2,728,1004
1.3.6.1.4.1.14519.5.2.1.6279.6001.752756872840730509471096155114,0,512,512,127,0.703125,0.703125,2.5,-183.600006,-162.899994,-335.25,1.0,1.0,1.0,True,MET_SHORT,1.3.6.1.4.1.14519.5.2.1.6279.6001.752756872840730509471096155114.raw,66584576,66584576,1,970,1087
1.3.6.1.4.1.14519.5.2.1.6279.6001.805925269324902055566754756843,0,512,512,141,0.8203120231628418,0.8203120231628418,2.5,-213.0,-210.0,-382.25,1.0,1.0,1.0,True,MET_SHORT,1.3.6.1.4.1.14519.5.2.1.6279.6001.805925269324902055566754756843.raw,73924608,73924608,1,496,1135
1.3.6.1.4.1.14519.5.2.1.6279.6001.826812708000318290301835871780,0,512,512,404,0.703125,0.703125,0.625,-163.899994,-180.0,-242.835007,1.0,1.0,0.9999999999999999,True,MET_SHORT,1.3.6.1.4.1.14519.5.2.1.6279.6001.826812708000318290301835871780.raw,211812352,211812352,2,547,816
1.3.6.1.4.1.14519.5.2.1.6279.6001.832260670372728970918746541371,0,512,512,133,0.8203120231628418,0.8203120231628418,2.5,-215.199997,-196.0,-364.5,1.0,1.0,1.0,True,MET_SHORT,1.3.6.1.4.1.14519.5.2.1.6279.6001.832260670372728970918746541371.raw,69730304,69730304,2,433,964
1.3.6.1.4.1.14519.5.2.1.6279.6001.868211851413924881662621747734,0,512,512,246,0.859375,0.859375,1.25,-207.1,-220.0,-316.25,1.0,1.0,1.0,True,MET_SHORT,1.3.6.1.4.1.14519.5.2.1.6279.6001.868211851413924881662621747734.raw,128974848,128974848,3,678,978
1.3.6.1.4.1.14519.5.2.1.6279.6001.898642529028521482602829374444,0,512,512,200,0.5234375,0.5234375,1.0,-135.0,24.4086027,-632.200012,1.0,1.0,1.0,True,MET_SHORT,1.3.6.1.4.1.14519.5.2.1.6279.6001.898642529028521482602829374444.raw,104857600,104857600,2,553,766
1.3.6.1.4.1.14519.5.2.1.6279.6001.905371958588660410240398317235,0,512,512,152,0.78125,0.78125,2.5,-195.300003,-201.5,-399.0,1.0,1.0,1.0,True,MET_SHORT,1.3.6.1.4.1.14519.5.2.1.6279.6001.905371958588660410240398317235.raw,79691776,79691776,1,999,1362
1.3.6.1.4.1.14519.5.2.1.6279.6001.975254950136384517744116790879,0,512,512,124,0.5996090173721313,0.5996090173721313,2.5,-171.699997,-153.5,-315.589996,1.0,1.0,1.0,True,MET_SHORT,1.3.6.1.4.1.14519.5.2.1.6279.6001.975254950136384517744116790879.raw,65011712,65011712,0,961,962
1.3.6.1.4.1.14519.5.2.1.6279.6001.979083010707182900091062408058,0,512,512,140,0.6640620231628418,0.6640620231628418,2.0,-171.0,-143.600006,-237.240005,1.0,1.0,1.0,True,MET_SHORT,1.3.6.1.4.1.14519.5.2.1.6279.6001.979083010707182900091062408058.raw,73400320,73400320,1,833,1024
1.3.6.1.4.1.14519.5.2.1.6279.6001.100684836163890911914061745866,1,512,512,171,0.48828125,0.48828125,1.7999999523162842,-127.755859375,-277.755859375,-351.5,1.0,1.0,1.0,True,MET_SHORT,1.3.6.1.4.1.14519.5.2.1.6279.6001.100684836163890911914061745866.raw,89653248,89653248,0,791,806
1.3.6.1.4.1.14519.5.2.1.6279.6001.104562737760173137525888934217,1,512,512,280,0.830078125,0.830078125,1.0,-222.5,-87.5,-576.700012,0.9999999999999999,0.9999999999999999,1.0,True,MET_SHORT,1.3.6.1.4.1.14519.5.2.1.6279.6001.104562737760173137525888934217.raw,146800640,146800640,1,569,1129
1.3.6.1.4.1.14519.5.2.1.6279.6001.106719103982792863757268101375,1,512,512,328,0.7421875,0.7421875,1.0,-162.81625,-142.030941,1604.0,1.0,1.0,1.0,True,MET_SHORT,1.3.6.1.4.1.14519.5.2.1.6279.6001.106719103982792863757268101375.raw,171966464,171966464,1,715,1144
1.3.6.1.4.1.14519.5.2.1.6279.6001.108231420525711026834210228428,1,512,512,238,0.7285159826278687,0.7285159826278687,1.25,-185.699997,-155.399994,-287.75,1.0,1.0,1.0,True,MET_SHORT,1.3.6.1.4.1.14519.5.2.1.6279.6001.108231420525711026834210228428.raw,124780544,124780544,1,714,936
1.3.6.1.4.1.14519.5.2.1.6279.6001.111017101339429664883879536171,1,512,512,196,0.5859379768371582,0.5859379768371582,1.25,-164.0,-150.0,-173.75,1.0,1.0,1.0,True,MET_SHORT,1.3.6.1.4.1.14519.5.2.1.6279.6001.111017101339429664883879536171.raw,102760448,102760448,0,805,833
1.3.6.1.4.1.14519.5.2.1.6279.6001.113697708991260454310623082679,1,512,512,111,0.78125,0.78125,2.5,-223.2,-167.8,-293.75,1.0,1.0,1.0,True,MET_SHORT,1.3.6.1.4.1.14519.5.2.1.6279.6001.113697708991260454310623082679.raw,58195968,58195968,0,1408,1427
1.3.6.1.4.1.14519.5.2.1.6279.6001.114218724025049818743426522343,1,512,512,509,0.703125,0.703125,0.625,-205.899994,-180.0,-337.73999,1.0,1.0,1.0,True,MET_SHORT,1.3.6.1.4.1.14519.5.2.1.6279.6001.114218724025049818743426522343.raw,266862592,266862592,3,560,858
1.3.6.1.4.1.14519.5.2.1.6279.6001.121824995088859376862458155637,1,512,512,197,0.625,0.625,1.7999999523162842,-159.6875,-351.6875,-400.3,1.0,1.0,1.0,True,MET_SHORT,1.3.6.1.4.1.14519.5.2.1.6279.6001.121824995088859376862458155637.raw,103284736,103284736,2,787,1132
1.3.6.1.4.1.14519.5.2.1.6279.6001.128059192202504367870633619224,1,512,512,140,0.703125,0.703125,2.5,-177.4,-180.0,-378.75,1.0,1.0,1.0,True,MET_SHORT,1.3.6.1.4.1.14519.5.2.1.6279.6001.128059192202504367870633619224.raw,73400320,73400320,2,612,814
1.3.6.1.4.1.14519.5.2.1.6279.6001.128881800399702510818644205032,1,512,512,131,0.78125,0.78125,2.5,-208.800003,-200.0,-376.75,1.0,1.0,1.0,True,MET_SHORT,1.3.6.1.4.1.14519.5.2.1.6279.6001.128881800399702510818644205032.raw,68681728,68681728,2,567,716
1.3.6.1.4.1.14519.5.2.1.6279.6001.134370886216012873213579659366,1,512,512,202,0.56640625,0.56640625,1.7999999523162842,-155.7168,-314.7168,-366.8,1.0,1.0,1.0,True,MET_SHORT,1.3.6.1.4.1.14519.5.2.1.6279.6001.134370886216012873213579659366.raw,105906176,105906176,2,555,875
1.3.6.1.4.1.14519.5.2.1.6279.6001.139595277234735528205899724196,1,512,512,172,0.60546875,0.60546875,1.7999999523162842,-140.697265625,-321.697265625,-367.8,1.0,1.0,1.0,True,MET_SHORT,1.3.6.1.4.1.14519.5.2.1.6279.6001.139595277234735528205899724196.raw,90177536,90177536,0,381,390
1.3.6.1.4.1.14519.5.2.1.6279.6001.140527383975300992150799777603,1,512,512,125,0.703125,0.703125,2.5,-193.5,-180.0,-331.25,1.0,1.0,1.0,True,MET_SHORT,1.3.6.1.4.1.14519.5.2.1.6279.6001.140527383975300992150799777603.raw,65536000,65536000,0,574,610
1.3.6.1.4.1.14519.5.2.1.6279.6001.144943344795414353192059796098,1,512,512,225,0.6367189884185791,0.6367189884185791,1.25,-153.600006,-167.199997,-295.700012,1.0,1.0,1.0,True,MET_SHORT,1.3.6.1.4.1.14519.5.2.1.6279.6001.144943344795414353192059796098.raw,117964800,117964800,0,509,518
1.3.6.1.4.1.14519.5.2.1.6279.6001.145759169833745025756371695397,1,512,512,144,0.625,0.625,2.0,-169.399994,-141.300003,-273.804993,1.0,1.0,1.0,True,MET_SHORT,1.3.6.1.4.1.14519.5.2.1.6279.6001.145759169833745025756371695397.raw,75497472,75497472,1,523,663
1.3.6.1.4.1.14519.5.2.1.6279.6001.146603910507557786636779705509,1,512,512,132,0.6445310115814209,0.6445310115814209,2.5,-149.899994,-165.0,-334.160004,1.0,1.0,1.0,True,MET_SHORT,1.3.6.1.4.1.14519.5.2.1.6279.6001.146603910507557786636779705509.raw,69206016,69206016,0,951,953
1.3.6.1.4.1.14519.5.2.1.6279.6001.152684536713461901635595118048,1,512,512,179,0.6835939884185791,0.6835939884185791,2.0,-175.5,-175.0,-337.480011,1.0,1.0,1.0,True,MET_SHORT,1.3.6.1.4.1.14519.5.2.1.6279.6001.152684536713461901635595118048.raw,93847552,93847552,0,685,696
1.3.6.1.4.1.14519.5.2.1.6279.6001.161002239822118346732951898613,1,512,512,133,0.8203120231628418,0.8203120231628418,2.5,-196.0,-210.0,-384.0,1.0,1.0,1.0,True,MET_SHORT,1.3.6.1.4.1.14519.5.2.1.6279.6001.161002239822118346732951898613.raw,69730304,69730304,0,803,807
1.3.6.1.4.1.14519.5.2.1.6279.6001.161073793312426102774780216551,1,512,512,133,0.78125,0.78125,2.5,-207.2,-200.0,-398.25,1.0,1.0,1.0,True,MET_SHORT,1.3.6.1.4.1.14519.5.2.1.6279.6001.161073793312426102774780216551.raw,69730304,69730304,0,461,462
1.3.6.1.4.1.14519.5.2.1.6279.6001.162207236104936931957809623059,1,512,512,477,0.78125,0.78125,0.625,-204.699997,-197.899994,-305.079987,1.0,1.0,1.0,True,MET_SHORT,1.3.6.1.4.1.14519.5.2.1.6279.6001.162207236104936931957809623059.raw,250085376,250085376,0,497,511
1.3.6.1.4.1.14519.5.2.1.6279.6001.162718361851587451505896742103,1,512,512,139,0.703125,0.703125,2.5,-185.2,-200.2,-388.75,1.0,1.0,1.0,True,MET_SHORT,1.3.6.1.4.1.14519.5.2.1.6279.6001.162718361851587451505896742103.raw,72876032,72876032,1,781,1249
1.3.6.1.4.1.14519.5.2.1.6279.6001.162901839201654862079549658100,1,512,512,193,0.60546875,0.60546875,1.7999999523162842,-155.69727,-297.69727,-390.6,1.0,1.0,1.0,True,MET_SHORT,1.3.6.1.4.1.14519.5.2.1.6279.6001.162901839201654862079549658100.raw,101187584,101187584,1,455,776
1.3.6.1.4.1.14519.5.2.1.6279.6001.163994693532965040247348251579,1,512,512,260,0.6152340173721313,0.6152340173721313,1.25,-161.699997,-143.0,-359.559998,1.0,1.0,1.0,True,MET_SHORT,1.3.6.1.4.1.14519.5.2.1.6279.6001.163994693532965040247348251579.raw,136314880,136314880,1,524,914
1.3.6.1.4.1.14519.5.2.1.6279.6001.168037818448885856452592057286,1,512,512,636,0.689453125,0.689453125,0.5,-182.1552734375,-374.1552734375,-368.5,1.0,1.0,1.0,True,MET_SHORT,1.3.6.1.4.1.14519.5.2.1.6279.6001.168037818448885856452592057286.raw,333447168,333447168,1,297,743
1.3.6.1.4.1.14519.5.2.1.6279.6001.168605638657404145360275453085,1,512,512,605,0.703125,0.703125,0.625,-175.300003,-168.100006,-348.559998,1.0,1.0,1.0,True,MET_SHORT,1.3.6.1.4.1.14519.5.2.1.6279.6001.168605638657404145360275453085.raw,317194240,317194240,1,586,1284
1.3.6.1.4.1.14519.5.2.1.6279.6001.169128136262002764211589185953,1,512,512,268,0.7421879768371582,0.7421879768371582,1.25,-169.199997,-203.5,-338.984985,1.0,1.0,1.0,True,MET_SHORT,1.3.6.1.4.1.14519.5.2.1.6279.6001.169128136262002764211589185953.raw,140509184,140509184,7,472,952
1.3.6.1.4.1.14519.5.2.1.6279.6001.171919524048654494439256263785,1,512,512,122,0.5839840173721313,0.5839840173721313,2.5,-150.600006,-137.5,-307.730011,1.0,1.0,1.0,True,MET_SHORT,1.3.6.1.4.1.14519.5.2.1.6279.6001.171919524048654494439256263785.raw,63963136,63963136,0,796,795
1.3.6.1.4.1.14519.5.2.1.6279.6001.173106154739244262091404659845,1,512,512,141,0.7617189884185791,0.7617189884185791,2.5,-195.0,-195.0,-378.0,1.0,1.0,1.0,True,MET_SHORT,1.3.6.1.4.1.14519.5.2.1.6279.6001.173106154739244262091404659845.raw,73924608,73924608,6,278,640
1.3.6.1.4.1.14519.5.2.1.6279.6001.179049373636438705059720603192,1,512,512,133,0.703125,0.703125,2.5,-166.0,-171.699997,-340.0,1.0,1.0,1.0,True,MET_SHORT,1.3.6.1.4.1.14519.5.2.1.6279.6001.179049373636438705059720603192.raw,69730304,69730304,1,467,616
1.3.6.1.4.1.14519.5.2.1.6279.6001.179162671133894061547290922949,1,512,512,445,0.67578125,0.67578125,0.75,-174.0,-37.0,-861.599976,1.0,1.0,1.0,True,MET_SHORT,1.3.6.1.4.1.14519.5.2.1.6279.6001.179162671133894061547290922949.raw,233308160,233308160,3,726,1210
1.3.6.1.4.1.14519.5.2.1.6279.6001.183184435049555024219115904825,1,512,512,240,0.5664060115814209,0.5664060115814209,1.25,-164.199997,-114.400002,-342.75,1.0,1.0,1.0,True,MET_SHORT,1.3.6.1.4.1.14519.5.2.1.6279.6001.183184435049555024219115904825.raw,125829120,125829120,2,655,908
1.3.6.1.4.1.14519.5.2.1.6279.6001.183843376225716802567192412456,1,512,512,133,0.859375,0.859375,2.5,-229.699997,-220.0,-387.75,1.0,1.0,1.0,True,MET_SHORT,1.3.6.1.4.1.14519.5.2.1.6279.6001.183843376225716802567192412456.raw,69730304,69730304,4,504,636
1.3.6.1.4.1.14519.5.2.1.6279.6001.184019785706727365023450012318,1,512,512,116,0.6484379768371582,0.6484379768371582,2.5,-168.600006,-176.0,-322.5,1.0,1.0,1.0,True,MET_SHORT,1.3.6.1.4.1.14519.5.2.1.6279.6001.184019785706727365023450012318.raw,60817408,60817408,0,542,544
1.3.6.1.4.1.14519.5.2.1.6279.6001.186021279664749879526003668137,1,512,512,141,0.7480469942092896,0.7480469942092896,2.5,-200.399994,-191.5,-374.73999,1.0,1.0,1.0,True,MET_SHORT,1.3.6.1.4.1.14519.5.2.1.6279.6001.186021279664749879526003668137.raw,73924608,73924608,0,464,472
1.3.6.1.4.1.14519.5.2.1.6279.6001.193408384740507320589857096592,1,512,512,208,0.5136719942092896,0.5136719942092896,1.25,-129.399994,-81.5,-301.570007,1.0,1.0,1.0,True,MET_SHORT,1.3.6.1.4.1.14519.5.2.1.6279.6001.193408384740507320589857096592.raw,109051904,109051904,0,452,452
1.3.6.1.4.1.14519.5.2.1.6279.6001.193808128386712859512130599234,1,512,512,128,0.78125,0.78125,2.5,-194.8,-195.3,-312.25,1.0,1.0,1.0,True,MET_SHORT,1.3.6.1.4.1.14519.5.2.1.6279.6001.193808128386712859512130599234.raw,67108864,67108864,1,445,689
1.3.6.1.4.1.14519.5.2.1.6279.6001.197987940182806628828566429132,1,512,512,326,0.546875,0.546875,1.0,-135.7265625,-277.7265625,-506.6,1.0,1.0,1.0,True,MET_SHORT,1.3.6.1.4.1.14519.5.2.1.6279.6001.197987940182806628828566429132.raw,170917888,170917888,0,627,653
1.3.6.1.4.1.14519.5.2.1.6279.6001.200558451375970945040979397866,1,512,512,256,0.703125,0.703125,1.25,-196.699997,-203.899994,-309.704987,1.0,1.0,1.0,True,MET_SHORT,1.3.6.1.4.1.14519.5.2.1.6279.6001.200558451375970945040979397866.raw,134217728,134217728,0,730,746
1.3.6.1.4.1.14519.5.2.1.6279.6001.206539885154775002929031534291,1,512,512,198,0.703125,0.703125,1.7999999523162842,-179.6484375,-310.6484375,-141.1,1.0,1.0,1.0,True,MET_SHORT,1.3.6.1.4.1.14519.5.2.1.6279.6001.206539885154775002929031534291.raw,103809024,103809024,2,660,1011
1.3.6.1.4.1.14519.5.2.1.6279.6001.208737629504245244513001631764,1,512,512,232,0.78125,0.78125,1.25,-185.0,-200.0,-272.75,1.0,1.0,1.0,True,MET_SHORT,1.3.6.1.4.1.14519.5.2.1.6279.6001.208737629504245244513001631764.raw,121634816,121634816,3,766,1096
1.3.6.1.4.1.14519.5.2.1.6279.6001.216652640878960522552873394709,1,512,512,103,0.5644530057907104,0.5644530057907104,2.500000238418579,-139.800003,-144.5,-262.140015,1.0,1.0,1.0,True,MET_SHORT,1.3.6.1.4.1.14519.5.2.1.6279.6001.216652640878960522552873394709.raw,54001664,54001664,0,774,775
1.3.6.1.4.1.14519.5.2.1.6279.6001.222087811960706096424718056430,1,512,512,484,0.625,0.625,0.625,-169.399994,-140.199997,-297.589996,1.0,1.0,1.0,True,MET_SHORT,1.3.6.1.4.1.14519.5.2.1.6279.6001.222087811960706096424718056430.raw,253755392,253755392,0,613,613
1.3.6.1.4.1.14519.5.2.1.6279.6001.226456162308124493341905600418,1,512,512,241,0.5898439884185791,0.5898439884185791,1.25,-161.899994,-151.0,-303.25,1.0,1.0,1.0,True,MET_SHORT,1.3.6.1.4.1.14519.5.2.1.6279.6001.226456162308124493341905600418.raw,126353408,126353408,2,643,1017
1.3.6.1.4.1.14519.5.2.1.6279.6001.231002159523969307155990628066,1,512,512,265,0.6640620231628418,0.6640620231628418,1.25,-201.600006,-195.899994,-320.0,1.0,1.0,1.0,True,MET_SHORT,1.3.6.1.4.1.14519.5.2.1.6279.6001.231002159523969307155990628066.raw,138936320,138936320,3,398,841
1.3.6.1.4.1.14519.5.2.1.6279.6001.231834776365874788440767645596,1,512,512,519,0.625,0.625,0.6249999403953552,-188.100006,-139.199997,-299.484985,1.0,1.0,1.0,True,MET_SHORT,1.3.6.1.4.1.14519.5.2.1.6279.6001.231834776365874788440767645596.raw,272105472,272105472,0,627,630
1.3.6.1.4.1.14519.5.2.1.6279.6001.243094273518213382155770295147,1,512,512,150,0.78125,0.78125,2.5,-208.300003,-200.0,-414.75,1.0,1.0,1.0,True,MET_SHORT,1.3.6.1.4.1.14519.5.2.1.6279.6001.243094273518213382155770295147.raw,78643200,78643200,5,623,617
1.3.6.1.4.1.14519.5.2.1.6279.6001.247769845138587733933485039556,1,512,512,436,0.703125,0.703125,0.625,-171.199997,-190.399994,-246.639999,1.0,1.0,1.0,True,MET_SHORT,1.3.6.1.4.1.14519.5.2.1.6279.6001.247769845138587733933485039556.raw,228589568,228589568,3,339,589
1.3.6.1.4.1.14519.5.2.1.6279.6001.250397690690072950000431855143,1,512,512,246,0.7617189884185791,0.7617189884185791,1.25,-176.800003,-138.5,-315.25,1.0,1.0,1.0,True,MET_SHORT,1.3.6.1.4.1.14519.5.2.1.6279.6001.250397690690072950000431855143.raw,128974848,128974848,6,274,657
1.3.6.1.4.1.14519.5.2.1.6279.6001.259018373683540453277752706262,1,512,512,130,0.7226560115814209,0.7226560115814209,2.5,-191.199997,-205.0,-389.589996,1.0,1.0,1.0,True,MET_SHORT,1.3.6.1.4.1.14519.5.2.1.6279.6001.259018373683540453277752706262.raw,68157440,68157440,0,496,505
1.3.6.1.4.1.14519.5.2.1.6279.6001.259543921154154401875872845498,1,512,512,506,0.703125,0.703125,0.625,-167.0,-172.699997,-304.690002,1.0,1.0,1.0,True,MET_SHORT,1.3.6.1.4.1.14519.5.2.1.6279.6001.259543921154154401875872845498.raw,265289728,265289728,3,1094,1435
1.3.6.1.4.1.14519.5.2.1.6279.6001.270390050141765094612147226290,1,512,512,144,0.78125,0.78125,2.5,-191.2,-200.0,-362.75,1.0,1.0,1.0,True,MET_SHORT,1.3.6.1.4.1.14519.5.2.1.6279.6001.270390050141765094612147226290.raw,75497472,75497472,3,1003,1212
1.3.6.1.4.1.14519.5.2.1.6279.6001.272961322147784625028175033640,1,512,512,121,0.6640620231628418,0.6640620231628418,2.5,-168.0,-170.0,-337.535004,1.0,1.0,1.0,True,MET_SHORT,1.3.6.1.4.1.14519.5.2.1.6279.6001.272961322147784625028175033640.raw,63438848,63438848,1,880,1065
1.3.6.1.4.1.14519.5.2.1.6279.6001.275766318636944297772360944907,1,512,512,477,0.703125,0.703125,0.625,-180.0,-151.0,-310.25,1.0,1.0,1.0,True,MET_SHORT,1.3.6.1.4.1.14519.5.2.1.6279.6001.275766318636944297772360944907.raw,250085376,250085376,2,664,965
1.3.6.1.4.1.14519.5.2.1.6279.6001.282512043257574309474415322775,1,512,512,283,0.7617189884185791,0.7617189884185791,1.25,186.199997,130.199997,-399.5,-1.0,-1.0,1.0,True,MET_SHORT,1.3.6.1.4.1.14519.5.2.1.6279.6001.282512043257574309474415322775.raw,148373504,148373504,1,325,326
1.3.6.1.4.1.14519.5.2.1.6279.6001.286647622786041008124419915089,1,512,512,248,0.7226560115814209,0.7226560115814209,1.25,-169.399994,-173.5,-357.75,1.0,1.0,1.0,True,MET_SHORT,1.3.6.1.4.1.14519.5.2.1.6279.6001.286647622786041008124419915089.raw,130023424,130023424,0,347,367
1.3.6.1.4.1.14519.5.2.1.6279.6001.287966244644280690737019247886,1,512,512,123,0.8203120231628418,0.8203120231628418,2.5,-212.199997,-210.0,-338.0,1.0,1.0,1.0,True,MET_SHORT,1.3.6.1.4.1.14519.5.2.1.6279.6001.287966244644280690737019247886.raw,64487424,64487424,5,993,1318
1.3.6.1.4.1.14519.5.2.1.6279.6001.300271604576987336866436407488,1,512,512,171,0.58984375,0.58984375,1.7999999523162842,-142.70508,-292.70508,-384.0,1.0,1.0,1.0,True,MET_SHORT,1.3.6.1.4.1.14519.5.2.1.6279.6001.300271604576987336866436407488.raw,89653248,89653248,0,376,381
1.3.6.1.4.1.14519.5.2.1.6279.6001.306948744223170422945185006551,1,512,512,127,0.703125,0.703125,2.5,-180.0,-169.600006,-332.25,1.0,1.0,1.0,True,MET_SHORT,1.3.6.1.4.1.14519.5.2.1.6279.6001.306948744223170422945185006551.raw,66584576,66584576,2,857,983
1.3.6.1.4.1.14519.5.2.1.6279.6001.308183340111270052562662456038,1,512,512,115,0.5859379768371582,0.5859379768371582,2.5,-150.0,-131.800003,-300.950012,1.0,1.0,1.0,True,MET_SHORT,1.3.6.1.4.1.14519.5.2.1.6279.6001.308183340111270052562662456038.raw,60293120,60293120,0,491,491
1.3.6.1.4.1.14519.5.2.1.6279.6001.309672797925724868457151381131,1,512,512,301,0.546875,0.546875,1.0,-144.7265625,-304.7265625,-314.0,1.0,1.0,1.0,True,MET_SHORT,1.3.6.1.4.1.14519.5.2.1.6279.6001.309672797925724868457151381131.raw,157810688,157810688,1,552,949
1.3.6.1.4.1.14519.5.2.1.6279.6001.310395752124284049604069960014,1,512,512,109,0.6640620231628418,0.6640620231628418,2.5,-179.899994,-170.0,-250.0,1.0,1.0,1.0,True,MET_SHORT,1.3.6.1.4.1.14519.5.2.1.6279.6001.310395752124284049604069960014.raw,57147392,57147392,3,582,751
1.3.6.1.4.1.14519.5.2.1.6279.6001.314789075871001236641548593165,1,512,512,181,0.72265625,0.72265625,1.7999999523162842,-178.63867,-349.63867,-349.0,1.0,1.0,1.0,True,MET_SHORT,1.3.6.1.4.1.14519.5.2.1.6279.6001.314789075871001236641548593165.raw,94896128,94896128,1,537,947
1.3.6.1.4.1.14519.5.2.1.6279.6001.315214756157389122376518747372,1,512,512,225,0.828125,0.828125,1.25,-206.800003,-212.0,-280.0,1.0,1.0,1.0,True,MET_SHORT,1.3.6.1.4.1.14519.5.2.1.6279.6001.315214756157389122376518747372.raw,117964800,117964800,1,427,565
1.3.6.1.4.1.14519.5.2.1.6279.6001.325164338773720548739146851679,1,512,512,490,0.546875,0.546875,0.625,-127.599998,-133.800003,-333.625,1.0,1.0,1.0,True,MET_SHORT,1.3.6.1.4.1.14519.5.2.1.6279.6001.325164338773720548739146851679.raw,256901120,256901120,2,895,1111
1.3.6.1.4.1.14519.5.2.1.6279.6001.326057189095429101398977448288,1,512,512,326,0.64453125,0.64453125,1.0,-160.677734375,-320.677734375,-366.6,1.0,1.0,1.0,True,MET_SHORT,1.3.6.1.4.1.14519.5.2.1.6279.6001.326057189095429101398977448288.raw,170917888,170917888,6,420,880
1.3.6.1.4.1.14519.5.2.1.6279.6001.331211682377519763144559212009,1,512,512,133,0.5664060115814209,0.5664060115814209,2.5,-143.699997,-118.699997,-340.0,1.0,1.0,1.0,True,MET_SHORT,1.3.6.1.4.1.14519.5.2.1.6279.6001.331211682377519763144559212009.raw,69730304,69730304,0,783,781
1.3.6.1.4.1.14519.5.2.1.6279.6001.334105754605642100456249422350,1,512,512,261,0.5859379768371582,0.5859379768371582,1.25,-168.1,-135.0,-342.5,1.0,1.0,1.0,True,MET_SHORT,1.3.6.1.4.1.14519.5.2.1.6279.6001.334105754605642100456249422350.raw,136839168,136839168,1,535,945
1.3.6.1.4.1.14519.5.2.1.6279.6001.335866409407244673864352309754,1,512,512,260,0.625,0.625,1.0,-154.6875,-309.6875,-266.0,1.0,1.0,1.0,True,MET_SHORT,1.3.6.1.4.1.14519.5.2.1.6279.6001.335866409407244673864352309754.raw,136314880,136314880,0,596,627
1.3.6.1.4.1.14519.5.2.1.6279.6001.336894364358709782463716339027,1,512,512,519,0.703125,0.703125,0.625,-160.800003,-180.0,-349.75,1.0,1.0,1.0,True,MET_SHORT,1.3.6.1.4.1.14519.5.2.1.6279.6001.336894364358709782463716339027.raw,272105472,272105472,1,283,622
1.3.6.1.4.1.14519.5.2.1.6279.6001.458525794434429386945463560826,1,512,512,513,0.7421879768371582,0.7421879768371582,0.625,-167.100006,-190.0,-303.804993,1.0,1.0,1.0,True,MET_SHORT,1.3.6.1.4.1.14519.5.2.1.6279.6001.458525794434429386945463560826.raw,268959744,268959744,1,620,1056
1.3.6.1.4.1.14519.5.2.1.6279.6001.479402560265137632920333093071,1,512,512,297,0.7871090173721313,0.7871090173721313,1.25,-210.3,-247.0,-368.75,1.0,1.0,1.0,True,MET_SHORT,1.3.6.1.4.1.14519.5.2.1.6279.6001.479402560265137632920333093071.raw,155713536,155713536,2,523,813
1.3.6.1.4.1.14519.5.2.1.6279.6001.503980049263254396021509831276,1,512,512,113,0.7421879768371582,0.7421879768371582,2.5,-214.699997,-190.0,-295.25,1.0,1.0,1.0,True,MET_SHORT,1.3.6.1.4.1.14519.5.2.1.6279.6001.503980049263254396021509831276.raw,59244544,59244544,3,664,615
1.3.6.1.4.1.14519.5.2.1.6279.6001.561458563853929400124470098603,1,512,512,163,0.5859379768371582,0.5859379768371582,2.0,-166.600006,-150.0,-316.345001,1.0,1.0,1.0,True,MET_SHORT,1.3.6.1.4.1.14519.5.2.1.6279.6001.561458563853929400124470098603.raw,85458944,85458944,2,526,753
1.3.6.1.4.1.14519.5.2.1.6279.6001.616033753016904899083676284739,1,512,512,113,0.703125,0.703125,2.5,-172.5,-192.699997,-321.915009,1.0,1.0,0.9999999999999999,True,MET_SHORT,1.3.6.1.4.1.14519.5.2.1.6279.6001.616033753016904899083676284739.raw,59244544,59244544,4,555,734
1.3.6.1.4.1.14519.5.2.1.6279.6001.655242448149322898770987310561,1,512,512,141,0.703125,0.703125,2.5,-180.0,-196.600006,-413.25,1.0,1.0,1.0,True,MET_SHORT,1.3.6.1.4.1.14519.5.2.1.6279.6001.655242448149322898770987310561.raw,73924608,73924608,1,625,969
1.3.6.1.4.1.14519.5.2.1.6279.6001.663019255629770796363333877035,1,512,512,260,0.583984375,0.583984375,1.0000001192092896,-151.575417,-12.4961014,-733.400024,1.0,1.0,1.0,True,MET_SHORT,1.3.6.1.4.1.14519.5.2.1.6279.6001.663019255629770796363333877035.raw,136314880,136314880,1,759,1007
1.3.6.1.4.1.14519.5.2.1.6279.6001.674809958213117379592437424616,1,512,512,139,0.734375,0.734375,2.5,-186.399994,-188.0,-361.179993,1.0,1.0,1.0,True,MET_SHORT,1.3.6.1.4.1.14519.5.2.1.6279.6001.674809958213117379592437424616.raw,72876032,72876032,2,780,1029
1.3.6.1.4.1.14519.5.2.1.6279.6001.690929968028676628605553365896,1,512,512,158,0.7226560115814209,0.7226560115814209,2.0,-180.300003,-163.100006,-291.160004,1.0,1.0,1.0,True,MET_SHORT,1.3.6.1.4.1.14519.5.2.1.6279.6001.690929968028676628605553365896.raw,82837504,82837504,1,566,735
1.3.6.1.4.1.14519.5.2.1.6279.6001.756684168227383088294595834066,1,512,512,250,0.56640625,0.56640625,1.0,-138.716796875,-313.716796875,-354.0,1.0,1.0,1.0,True,MET_SHORT,1.3.6.1.4.1.14519.5.2.1.6279.6001.756684168227383088294595834066.raw,131072000,131072000,1,386,595
1.3.6.1.4.1.14519.5.2.1.6279.6001.768276876111112560631432843476,1,512,512,423,0.51953125,0.51953125,0.699999988079071,-140.74023,-323.74023,-352.5,1.0,1.0,1.0,True,MET_SHORT,1.3.6.1.4.1.14519.5.2.1.6279.6001.768276876111112560631432843476.raw,221773824,221773824,1,858,1120
1.3.6.1.4.1.14519.5.2.1.6279.6001.801945620899034889998809817499,1,512,512,262,0.703125,0.703125,1.25,172.699997,180.0,-383.25,-1.0,-1.0,1.0,True,MET_SHORT,1.3.6.1.4.1.14519.5.2.1.6279.6001.801945620899034889998809817499.raw,137363456,137363456,1,287,288
1.3.6.1.4.1.14519.5.2.1.6279.6001.802595762867498341201607992711,1,512,512,124,0.7265620231628418,0.7265620231628418,2.5,-195.399994,-176.600006,-360.519989,1.0,1.0,1.0,True,MET_SHORT,1.3.6.1.4.1.14519.5.2.1.6279.6001.802595762867498341201607992711.raw,65011712,65011712,0,727,729
1.3.6.1.4.1.14519.5.2.1.6279.6001.861997885565255340442123234170,1,512,512,119,0.7421879768371582,0.7421879768371582,2.5,-190.0,-190.0,-334.25,1.0,1.0,1.0,True,MET_SHORT,1.3.6.1.4.1.14519.5.2.1.6279.6001.861997885565255340442123234170.raw,62390272,62390272,1,699,1131
1.3.6.1.4.1.14519.5.2.1.6279.6001.888291896309937415860209787179,1,512,512,273,0.703125,0.703125,1.25,-193.0,-210.0,-358.5,1.0,1.0,1.0,True,MET_SHORT,1.3.6.1.4.1.14519.5.2.1.6279.6001.888291896309937415860209787179.raw,143130624,143130624,0,259,269
1.3.6.1.4.1.14519.5.2.1.6279.6001.892375496445736188832556446335,1,512,512,245,0.6640620231628418,0.6640620231628418,1.25,-189.699997,-150.300003,-321.25,1.0,1.0,1.0,True,MET_SHORT,1.3.6.1.4.1.14519.5.2.1.6279.6001.892375496445736188832556446335.raw,128450560,128450560,1,308,663
1.3.6.1.4.1.14519.5.2.1.6279.6001.910607280658963002048724648683,1,512,512,220,0.76953125,0.76953125,1.0000001192092896,-194.235545,-96.6445484,-431.400024,0.9999999999999999,0.9999999999999999,1.0,True,MET_SHORT,1.3.6.1.4.1.14519.5.2.1.6279.6001.910607280658963002048724648683.raw,115343360,115343360,1,377,712
1.3.6.1.4.1.14519.5.2.1.6279.6001.935683764293840351008008793409,1,512,512,238,0.625,0.625,1.25,-167.199997,-160.0,-273.75,1.0,1.0,1.0,True,MET_SHORT,1.3.6.1.4.1.14519.5.2.1.6279.6001.935683764293840351008008793409.raw,124780544,124780544,2,52,345
1.3.6.1.4.1.14519.5.2.1.6279.6001.952265563663939823135367733681,1,512,512,331,0.49609375,0.49609375,0.5,-122.75195,-277.75195,147.5,1.0,1.0,1.0,True,MET_SHORT,1.3.6.1.4.1.14519.5.2.1.6279.6001.952265563663939823135367733681.raw,173539328,173539328,1,725,852
1.3.6.1.4.1.14519.5.2.1.6279.6001.970264865033574190975654369557,1,512,512,433,0.546875,0.546875,0.625,-167.600006,-128.5,-288.075012,1.0,1.0,1.0,True,MET_SHORT,1.3.6.1.4.1.14519.5.2.1.6279.6001.970264865033574190975654369557.raw,227016704,227016704,1,788,966
1.3.6.1.4.1.14519.5.2.1.6279.6001.100621383016233746780170740405,2,512,512,321,0.556640625,0.556640625,1.0,-120.049467,9.48041606,-657.0,1.0,1.0,1.0,True,MET_SHORT,1.3.6.1.4.1.14519.5.2.1.6279.6001.100621383016233746780170740405.raw,168296448,168296448,4,602,854
1.3.6.1.4.1.14519.5.2.1.6279.6001.102133688497886810253331438797,2,512,512,280,0.626953125,0.626953125,1.0,-176.091887,-20.7458572,506.799988,1.0,1.0,1.0,True,MET_SHORT,1.3.6.1.4.1.14519.5.2.1.6279.6001.102133688497886810253331438797.raw,146800640,146800640,0,853,886
1.3.6.1.4.1.14519.5.2.1.6279.6001.113586291551175790743673929831,2,512,512,413,0.703125,0.703125,0.625,-150.399994,-171.699997,-258.88501,1.0,1.0,1.0,True,MET_SHORT,1.3.6.1.4.1.14519.5.2.1.6279.6001.113586291551175790743673929831.raw,216530944,216530944,0,712,723
1.3.6.1.4.1.14519.5.2.1.6279.6001.116492508532884962903000261147,2,512,512,139,0.6289060115814209,0.6289060115814209,2.5,-151.100006,-161.0,-361.429993,1.0,1.0,1.0,True,MET_SHORT,1.3.6.1.4.1.14519.5.2.1.6279.6001.116492508532884962903000261147.raw,72876032,72876032,0,904,911
1.3.6.1.4.1.14519.5.2.1.6279.6001.117383608379722740629083782428,2,512,512,133,0.6640620231628418,0.6640620231628418,2.5,-173.100006,-170.0,-316.0,1.0,1.0,1.0,True,MET_SHORT,1.3.6.1.4.1.14519.5.2.1.6279.6001.117383608379722740629083782428.raw,69730304,69730304,0,844,855
1.3.6.1.4.1.14519.5.2.1.6279.6001.121993590721161347818774929286,2,512,512,144,0.6640620231628418,0.6640620231628418,2.5,-177.8,-150.8,-380.5,1.0,1.0,1.0,True,MET_SHORT,1.3.6.1.4.1.14519.5.2.1.6279.6001.121993590721161347818774929286.raw,75497472,75497472,2,956,1204
1.3.6.1.4.1.14519.5.2.1.6279.6001.124663713663969377020085460568,2,512,512,133,0.859375,0.859375,2.5,-220.0,-255.199997,-379.0,1.0,1.0,1.0,True,MET_SHORT,1.3.6.1.4.1.14519.5.2.1.6279.6001.124663713663969377020085460568.raw,69730304,69730304,3,826,1052
1.3.6.1.4.1.14519.5.2.1.6279.6001.126704785377921920210612476953,2,512,512,257,0.5761719942092896,0.5761719942092896,1.25,-145.399994,-147.5,-344.73999,1.0,1.0,1.0,True,MET_SHORT,1.3.6.1.4.1.14519.5.2.1.6279.6001.126704785377921920210612476953.raw,134742016,134742016,1,414,755
1.3.6.1.4.1.14519.5.2.1.6279.6001.133378195429627807109985347209,2,512,512,238,0.7421879768371582,0.7421879768371582,1.25,-190.0,-190.0,-303.5,1.0,1.0,1.0,True,MET_SHORT,1.3.6.1.4.1.14519.5.2.1.6279.6001.133378195429627807109985347209.raw,124780544,124780544,2,325,1137
1.3.6.1.4.1.14519.5.2.1.6279.6001.137375498893536422914241295628,2,512,512,181,0.6640625,0.6640625,1.7999999523162842,-164.66797,-352.66797,-398.5,1.0,1.0,1.0,True,MET_SHORT,1.3.6.1.4.1.14519.5.2.1.6279.6001.137375498893536422914241295628.raw,94896128,94896128,1,704,1186
1.3.6.1.4.1.14519.5.2.1.6279.6001.139444426690868429919252698606,2,512,512,456,0.55859375,0.55859375,0.699999988079071,-142.7207,-323.7207,-368.5,1.0,1.0,1.0,True,MET_SHORT,1.3.6.1.4.1.14519.5.2.1.6279.6001.139444426690868429919252698606.raw,239075328,239075328,0,717,718
1.3.6.1.4.1.14519.5.2.1.6279.6001.142485715518010940961688015191,2,512,512,312,0.6640625,0.6640625,1.0,-162.66796875,-319.66796875,-349.0,1.0,1.0,1.0,True,MET_SHORT,1.3.6.1.4.1.14519.5.2.1.6279.6001.142485715518010940961688015191.raw,163577856,163577856,3,540,889
1.3.6.1.4.1.14519.5.2.1.6279.6001.143412474064515942785157561636,2,512,512,449,0.625,0.625,0.625,-162.100006,-128.899994,-228.779999,1.0,1.0,1.0,True,MET_SHORT,1.3.6.1.4.1.14519.5.2.1.6279.6001.143412474064515942785157561636.raw,235405312,235405312,1,691,927
1.3.6.1.4.1.14519.5.2.1.6279.6001.144883090372691745980459537053,2,512,512,240,0.6269530057907104,0.6269530057907104,1.25,196.0,160.5,-373.75,-0.9999999999999999,-0.9999999999999999,1.0,True,MET_SHORT,1.3.6.1.4.1.14519.5.2.1.6279.6001.144883090372691745980459537053.raw,125829120,125829120,2,456,456
1.3.6.1.4.1.14519.5.2.1.6279.6001.147250707071097813243473865421,2,512,512,474,0.6445310115814209,0.6445310115814209,0.625,-148.399994,-131.800003,-298.464996,1.0,1.0,1.0,True,MET_SHORT,1.3.6.1.4.1.14519.5.2.1.6279.6001.147250707071097813243473865421.raw,248512512,248512512,2,685,909
1.3.6.1.4.1.14519.5.2.1.6279.6001.153536305742006952753134773630,2,512,512,141,0.5859379768371582,0.5859379768371582,2.5,-144.300003,-150.0,-384.75,1.0,1.0,1.0,True,MET_SHORT,1.3.6.1.4.1.14519.5.2.1.6279.6001.153536305742006952753134773630.raw,73924608,73924608,5,32,207
1.3.6.1.4.1.14519.5.2.1.6279.6001.156322145453198768801776721493,2,512,512,484,0.6640620231628418,0.6640620231628418,0.625,-169.5,-173.600006,-318.429993,1.0,1.0,1.0,True,MET_SHORT,1.3.6.1.4.1.14519.5.2.1.6279.6001.156322145453198768801776721493.raw,253755392,253755392,0,571,578
1.3.6.1.4.1.14519.5.2.1.6279.6001.156579001330474859527530187095,2,512,512,449,0.625,0.625,0.625,-143.399994,-160.0,-239.679993,1.0,1.0,1.0,True,MET_SHORT,1.3.6.1.4.1.14519.5.2.1.6279.6001.156579001330474859527530187095.raw,235405312,235405312,0,535,541
1.3.6.1.4.1.14519.5.2.1.6279.6001.159521777966998275980367008904,2,512,512,127,0.5859379768371582,0.5859379768371582,2.5,-153.100006,-147.899994,-336.070007,1.0,1.0,1.0,True,MET_SHORT,1.3.6.1.4.1.14519.5.2.1.6279.6001.159521777966998275980367008904.raw,66584576,66584576,0,689,693
1.3.6.1.4.1.14519.5.2.1.6279.6001.159996104466052855396410079250,2,512,512,292,0.6445310115814209,0.6445310115814209,1.25,-164.0,-171.199997,-323.36499,1.0,1.0,1.0,True,MET_SHORT,1.3.6.1.4.1.14519.5.2.1.6279.6001.159996104466052855396410079250.raw,153092096,153092096,1,568,916
1.3.6.1.4.1.14519.5.2.1.6279.6001.163901773171373940247829492387,2,512,512,280,0.666015625,0.666015625,1.0,-172.833334,-101.000004,-505.700012,1.0,1.0,1.0,True,MET_SHORT,1.3.6.1.4.1.14519.5.2.1.6279.6001.163901773171373940247829492387.raw,146800640,146800640,1,500,900
1.3.6.1.4.1.14519.5.2.1.6279.6001.172845185165807139298420209778,2,512,512,217,0.703125,0.703125,1.25,180.0,180.0,-334.0,-1.0,-1.0,1.0,True,MET_SHORT,1.3.6.1.4.1.14519.5.2.1.6279.6001.172845185165807139298420209778.raw,113770496,113770496,0,817,805
1.3.6.1.4.1.14519.5.2.1.6279.6001.176362912420491262783064585333,2,512,512,127,0.78125,0.78125,2.5,-190.300003,-171.0,-337.0,1.0,1.0,1.0,True,MET_SHORT,1.3.6.1.4.1.14519.5.2.1.6279.6001.176362912420491262783064585333.raw,66584576,66584576,0,954,961
1.3.6.1.4.1.14519.5.2.1.6279.6001.183924380327950237519832859527,2,512,512,139,0.8984379768371582,0.8984379768371582,2.5,-230.0,-230.0,-354.5,1.0,1.0,1.0,True,MET_SHORT,1.3.6.1.4.1.14519.5.2.1.6279.6001.183924380327950237519832859527.raw,72876032,72876032,2,938,1147
1.3.6.1.4.1.14519.5.2.1.6279.6001.184412674007117333405073397832,2,512,512,270,0.703125,0.703125,1.25,-180.0,-200.0,-372.75,1.0,1.0,1.0,True,MET_SHORT,1.3.6.1.4.1.14519.5.2.1.6279.6001.184412674007117333405073397832.raw,141557760,141557760,1,319,877
1.3.6.1.4.1.14519.5.2.1.6279.6001.187108608022306504546286626125,2,512,512,261,0.6835939884185791,0.6835939884185791,1.25,-172.399994,-175.0,-334.0,1.0,1.0,1.0,True,MET_SHORT,1.3.6.1.4.1.14519.5.2.1.6279.6001.187108608022306504546286626125.raw,136839168,136839168,5,520,772
1.3.6.1.4.1.14519.5.2.1.6279.6001.187966156856911682643615997798,2,512,512,535,0.6640620231628418,0.6640620231628418,0.625,-179.300003,-191.300003,-343.200012,1.0,1.0,1.0,True,MET_SHORT,1.3.6.1.4.1.14519.5.2.1.6279.6001.187966156856911682643615997798.raw,280494080,280494080,4,686,1202
1.3.6.1.4.1.14519.5.2.1.6279.6001.190298296009658115773239776160,2,512,512,261,0.6894530057907104,0.6894530057907104,1.25,-169.699997,-171.300003,-351.589996,0.9999999999999999,0.9999999999999999,1.0,True,MET_SHORT,1.3.6.1.4.1.14519.5.2.1.6279.6001.190298296009658115773239776160.raw,136839168,136839168,1,268,818
1.3.6.1.4.1.14519.5.2.1.6279.6001.191301539558980174217770205256,2,512,512,128,0.703125,0.703125,2.5,-175.300003,-180.0,-350.329987,1.0,1.0,1.0,True,MET_SHORT,1.3.6.1.4.1.14519.5.2.1.6279.6001.191301539558980174217770205256.raw,67108864,67108864,0,730,736
1.3.6.1.4.1.14519.5.2.1.6279.6001.192256506776434538421891524301,2,512,512,187,0.6640625,0.6640625,1.7999999523162842,-170.66796875,-320.66796875,-321.8,1.0,1.0,1.0,True,MET_SHORT,1.3.6.1.4.1.14519.5.2.1.6279.6001.192256506776434538421891524301.raw,98041856,98041856,5,385,696
1.3.6.1.4.1.14519.5.2.1.6279.6001.199171741859530285887752432478,2,512,512,290,0.81640625,0.81640625,1.0,-186.512102,-74.1806374,-668.5,1.0,1.0,1.0,True,MET_SHORT,1.3.6.1.4.1.14519.5.2.1.6279.6001.199171741859530285887752432478.raw,152043520,152043520,2,790,1041
1.3.6.1.4.1.14519.5.2.1.6279.6001.199220738144407033276946096708,2,512,512,285,0.748046875,0.748046875,1.0,-193.5,-4.5,-890.599976,1.0,1.0,1.0,True,MET_SHORT,1.3.6.1.4.1.14519.5.2.1.6279.6001.199220738144407033276946096708.raw,149422080,149422080,1,738,1073
1.3.6.1.4.1.14519.5.2.1.6279.6001.199975006921901879512837687266,2,512,512,250,0.7207030057907104,0.7207030057907104,1.25,-176.199997,-191.800003,-319.25,1.0,1.0,1.0,True,MET_SHORT,1.3.6.1.4.1.14519.5.2.1.6279.6001.199975006921901879512837687266.raw,131072000,131072000,2,503,957
1.3.6.1.4.1.14519.5.2.1.6279.6001.212346425055214308006918165305,2,512,512,133,0.703125,0.703125,2.5,-179.0,-180.0,-357.0,1.0,1.0,1.0,True,MET_SHORT,1.3.6.1.4.1.14519.5.2.1.6279.6001.212346425055214308006918165305.raw,69730304,69730304,1,678,975
1.3.6.1.4.1.14519.5.2.1.6279.6001.213022585153512920098588556742,2,512,512,477,0.625,0.625,0.625,-139.199997,-142.399994,-285.029999,1.0,1.0,1.0,True,MET_SHORT,1.3.6.1.4.1.14519.5.2.1.6279.6001.213022585153512920098588556742.raw,250085376,250085376,0,331,335
1.3.6.1.4.1.14519.5.2.1.6279.6001.216526102138308489357443843021,2,512,512,195,0.6445310115814209,0.6445310115814209,1.25,-173.300003,-155.600006,-272.01001,1.0,1.0,1.0,True,MET_SHORT,1.3.6.1.4.1.14519.5.2.1.6279.6001.216526102138308489357443843021.raw,102236160,102236160,0,493,501
1.3.6.1.4.1.14519.5.2.1.6279.6001.217589936421986638139451480826,2,512,512,241,0.703125,0.703125,1.2499998807907104,-180.0,-165.0,-307.609985,1.0,1.0,1.0,True,MET_SHORT,1.3.6.1.4.1.14519.5.2.1.6279.6001.217589936421986638139451480826.raw,126353408,126353408,4,447,1041
1.3.6.1.4.1.14519.5.2.1.6279.6001.217697417596902141600884006982,2,512,512,429,0.5859379768371582,0.5859379768371582,0.625,-139.600006,-125.0,-286.51001,1.0,1.0,1.0,True,MET_SHORT,1.3.6.1.4.1.14519.5.2.1.6279.6001.217697417596902141600884006982.raw,224919552,224919552,3,1059,1217
1.3.6.1.4.1.14519.5.2.1.6279.6001.217955041973656886482758642958,2,512,512,133,0.78125,0.78125,2.5,-210.399994,-194.300003,-317.75,1.0,1.0,1.0,True,MET_SHORT,1.3.6.1.4.1.14519.5.2.1.6279.6001.217955041973656886482758642958.raw,69730304,69730304,1,871,1075
1.3.6.1.4.1.14519.5.2.1.6279.6001.220205300714852483483213840572,2,512,512,132,0.6640620231628418,0.6640620231628418,2.5,-167.399994,-156.399994,-350.820007,1.0,1.0,1.0,True,MET_SHORT,1.3.6.1.4.1.14519.5.2.1.6279.6001.220205300714852483483213840572.raw,69206016,69206016,0,859,862
1.3.6.1.4.1.14519.5.2.1.6279.6001.221945191226273284587353530424,2,512,512,682,0.537109375,0.537109375,0.5,-130.2314453125,-268.2314453125,-405.0,1.0,1.0,1.0,True,MET_SHORT,1.3.6.1.4.1.14519.5.2.1.6279.6001.221945191226273284587353530424.raw,357564416,357564416,0,935,953
1.3.6.1.4.1.14519.5.2.1.6279.6001.223098610241551815995595311693,2,512,512,416,0.72265625,0.72265625,1.0,-196.638671875,-367.638671875,-457.0,1.0,1.0,1.0,True,MET_SHORT,1.3.6.1.4.1.14519.5.2.1.6279.6001.223098610241551815995595311693.raw,218103808,218103808,0,220,236
1.3.6.1.4.1.14519.5.2.1.6279.6001.225154811831720426832024114593,2,512,512,143,0.78125,0.78125,2.5,-208.300003,-200.0,-381.75,1.0,1.0,1.0,True,MET_SHORT,1.3.6.1.4.1.14519.5.2.1.6279.6001.225154811831720426832024114593.raw,74973184,74973184,3,696,1251
1.3.6.1.4.1.14519.5.2.1.6279.6001.226383054119800793308721198594,2,512,512,290,0.6484375,0.6484375,1.0,-153.094535,29.46455,-780.200012,1.0,1.0,1.0,True,MET_SHORT,1.3.6.1.4.1.14519.5.2.1.6279.6001.226383054119800793308721198594.raw,152043520,152043520,1,503,859
1.3.6.1.4.1.14519.5.2.1.6279.6001.227796349777753378641347819780,2,512,512,506,0.69921875,0.69921875,0.699999988079071,-178.65039,-341.65039,-564.0,1.0,1.0,1.0,True,MET_SHORT,1.3.6.1.4.1.14519.5.2.1.6279.6001.227796349777753378641347819780.raw,265289728,265289728,3,553,1074
1.3.6.1.4.1.14519.5.2.1.6279.6001.227885601428639043345478571594,2,512,512,519,0.703125,0.703125,0.6250000596046448,-184.600006,-150.399994,-259.265015,1.0,1.0,0.9999999999999999,True,MET_SHORT,1.3.6.1.4.1.14519.5.2.1.6279.6001.227885601428639043345478571594.raw,272105472,272105472,1,532,931
1.3.6.1.4.1.14519.5.2.1.6279.6001.230078008964732806419498631442,2,512,512,120,0.5566409826278687,0.5566409826278687,2.5,-151.899994,-118.5,-325.570007,1.0,1.0,1.0,True,MET_SHORT,1.3.6.1.4.1.14519.5.2.1.6279.6001.230078008964732806419498631442.raw,62914560,62914560,0,511,514
1.3.6.1.4.1.14519.5.2.1.6279.6001.232071262560365924176679652948,2,512,512,263,0.6640625,0.6640625,1.0,-152.458469,-21.638979,-556.799988,1.0,1.0,1.0,True,MET_SHORT,1.3.6.1.4.1.14519.5.2.1.6279.6001.232071262560365924176679652948.raw,137887744,137887744,1,746,943
1.3.6.1.4.1.14519.5.2.1.6279.6001.235364978775280910367690540811,2,512,512,246,0.5664060115814209,0.5664060115814209,1.25,-144.5,-145.0,-324.804993,1.0,1.0,1.0,True,MET_SHORT,1.3.6.1.4.1.14519.5.2.1.6279.6001.235364978775280910367690540811.raw,128974848,128974848,1,438,771
1.3.6.1.4.1.14519.5.2.1.6279.6001.240969450540588211676803094518,2,512,512,133,0.703125,0.703125,2.5,-198.0,-180.0,-341.0,1.0,1.0,1.0,True,MET_SHORT,1.3.6.1.4.1.14519.5.2.1.6279.6001.240969450540588211676803094518.raw,69730304,69730304,2,697,829
1.3.6.1.4.1.14519.5.2.1.6279.6001.252634638822000832774167856951,2,512,512,245,0.7304689884185791,0.7304689884185791,1.25,-190.699997,-187.0,-300.0,1.0,1.0,1.0,True,MET_SHORT,1.3.6.1.4.1.14519.5.2.1.6279.6001.252634638822000832774167856951.raw,128450560,128450560,1,390,564
1.3.6.1.4.1.14519.5.2.1.6279.6001.253283426904813468115158375647,2,512,512,128,0.6191409826278687,0.6191409826278687,2.5,-161.600006,-148.100006,-337.480011,1.0,1.0,1.0,True,MET_SHORT,1.3.6.1.4.1.14519.5.2.1.6279.6001.253283426904813468115158375647.raw,67108864,67108864,0,442,450
1.3.6.1.4.1.14519.5.2.1.6279.6001.253322967203074795232627653819,2,512,512,461,0.6445310115814209,0.6445310115814209,0.625,-181.0,-165.0,-270.875,1.0,1.0,1.0,True,MET_SHORT,1.3.6.1.4.1.14519.5.2.1.6279.6001.253322967203074795232627653819.raw,241696768,241696768,3,494,786
1.3.6.1.4.1.14519.5.2.1.6279.6001.259227883564429312164962953756,2,512,512,245,0.546875,0.546875,1.2499998807907104,-155.300003,-127.599998,-289.359985,1.0,1.0,1.0,True,MET_SHORT,1.3.6.1.4.1.14519.5.2.1.6279.6001.259227883564429312164962953756.raw,128450560,128450560,1,739,916
1.3.6.1.4.1.14519.5.2.1.6279.6001.265133389948279331857097127422,2,512,512,413,0.625,0.625,0.625,-151.800003,-142.399994,-275.005005,1.0,1.0,1.0,True,MET_SHORT,1.3.6.1.4.1.14519.5.2.1.6279.6001.265133389948279331857097127422.raw,216530944,216530944,0,603,602
1.3.6.1.4.1.14519.5.2.1.6279.6001.265453131727473342790950829556,2,512,512,347,0.625,0.625,1.0,-151.6875,-347.6875,-308.6,1.0,1.0,1.0,True,MET_SHORT,1.3.6.1.4.1.14519.5.2.1.6279.6001.265453131727473342790950829556.raw,181927936,181927936,5,509,1160
1.3.6.1.4.1.14519.5.2.1.6279.6001.267519732763035023633235877753,2,512,512,426,0.7421879768371582,0.7421879768371582,0.625,-188.399994,-164.600006,-265.625,1.0,1.0,1.0,True,MET_SHORT,1.3.6.1.4.1.14519.5.2.1.6279.6001.267519732763035023633235877753.raw,223346688,223346688,3,543,961
1.3.6.1.4.1.14519.5.2.1.6279.6001.267957701183569638795986183786,2,512,512,368,0.623046875,0.623046875,1.0,-168.1884765625,-297.1884765625,37.5,1.0,1.0,1.0,True,MET_SHORT,1.3.6.1.4.1.14519.5.2.1.6279.6001.267957701183569638795986183786.raw,192937984,192937984,4,542,973
1.3.6.1.4.1.14519.5.2.1.6279.6001.270152671889301412052226973069,2,512,512,135,0.5566409826278687,0.5566409826278687,2.5,-140.699997,-142.5,-322.5,1.0,1.0,1.0,True,MET_SHORT,1.3.6.1.4.1.14519.5.2.1.6279.6001.270152671889301412052226973069.raw,70778880,70778880,1,679,873
1.3.6.1.4.1.14519.5.2.1.6279.6001.272259794130271010519952623746,2,512,512,477,0.859375,0.859375,0.625,-208.100006,-220.0,-308.839996,1.0,1.0,1.0,True,MET_SHORT,1.3.6.1.4.1.14519.5.2.1.6279.6001.272259794130271010519952623746.raw,250085376,250085376,0,234,240
1.3.6.1.4.1.14519.5.2.1.6279.6001.280072876841890439628529365478,2,512,512,334,0.5859375,0.5859375,1.0,-139.70703125,-296.70703125,-343.1,1.0,1.0,1.0,True,MET_SHORT,1.3.6.1.4.1.14519.5.2.1.6279.6001.280072876841890439628529365478.raw,175112192,175112192,7,393,784
1.3.6.1.4.1.14519.5.2.1.6279.6001.281967919138248195763602360723,2,512,512,125,0.6230469942092896,0.6230469942092896,2.5,-164.199997,-159.5,-322.839996,1.0,1.0,1.0,True,MET_SHORT,1.3.6.1.4.1.14519.5.2.1.6279.6001.281967919138248195763602360723.raw,65536000,65536000,0,360,365
1.3.6.1.4.1.14519.5.2.1.6279.6001.283569726884265181140892667131,2,512,512,95,0.859375,0.859375,2.5,-220.0,-203.399994,-251.75,1.0,1.0,1.0,True,MET_SHORT,1.3.6.1.4.1.14519.5.2.1.6279.6001.283569726884265181140892667131.raw,49807360,49807360,4,496,682
1.3.6.1.4.1.14519.5.2.1.6279.6001.283733738239331719775105586296,2,512,512,253,0.6015620231628418,0.6015620231628418,1.25,-133.800003,-133.300003,-341.540009,1.0,1.0,1.0,True,MET_SHORT,1.3.6.1.4.1.14519.5.2.1.6279.6001.283733738239331719775105586296.raw,132644864,132644864,1,542,820
1.3.6.1.4.1.14519.5.2.1.6279.6001.296863826932699509516219450076,2,512,512,133,0.703125,0.703125,2.5,-180.0,-212.600006,-336.75,1.0,1.0,1.0,True,MET_SHORT,1.3.6.1.4.1.14519.5.2.1.6279.6001.296863826932699509516219450076.raw,69730304,69730304,0,675,703
1.3.6.1.4.1.14519.5.2.1.6279.6001.299767339686526858593516834230,2,512,512,156,0.6445310115814209,0.6445310115814209,2.0,-173.399994,-165.0,-251.475006,1.0,1.0,1.0,True,MET_SHORT,1.3.6.1.4.1.14519.5.2.1.6279.6001.299767339686526858593516834230.raw,81788928,81788928,5,1036,1229
1.3.6.1.4.1.14519.5.2.1.6279.6001.302557165094691896097534021075,2,512,512,233,0.6640620231628418,0.6640620231628418,1.25,-167.899994,-170.0,-262.25,1.0,1.0,1.0,True,MET_SHORT,1.3.6.1.4.1.14519.5.2.1.6279.6001.302557165094691896097534021075.raw,122159104,122159104,1,405,775
1.3.6.1.4.1.14519.5.2.1.6279.6001.306788423710427765311352901943,2,512,512,300,0.60546875,0.60546875,1.0,-155.697265625,-344.697265625,-270.5,1.0,1.0,1.0,True,MET_SHORT,1.3.6.1.4.1.14519.5.2.1.6279.6001.306788423710427765311352901943.raw,157286400,157286400,0,385,394
1.3.6.1.4.1.14519.5.2.1.6279.6001.311236942972970815890902714604,2,512,512,461,0.640625,0.640625,0.699999988079071,-171.67969,-347.67969,-561.0,1.0,1.0,1.0,True,MET_SHORT,1.3.6.1.4.1.14519.5.2.1.6279.6001.311236942972970815890902714604.raw,241696768,241696768,0,636,653
1.3.6.1.4.1.14519.5.2.1.6279.6001.323753921818102744511069914832,2,512,512,421,0.703125,0.703125,0.6250000596046448,-183.600006,-187.300003,-312.705017,1.0,1.0,1.0,True,MET_SHORT,1.3.6.1.4.1.14519.5.2.1.6279.6001.323753921818102744511069914832.raw,220725248,220725248,2,458,788
1.3.6.1.4.1.14519.5.2.1.6279.6001.325580698241281352835338693869,2,512,512,145,0.625,0.625,2.0,-148.100006,-160.0,-254.214996,1.0,1.0,0.9999999999999999,True,MET_SHORT,1.3.6.1.4.1.14519.5.2.1.6279.6001.325580698241281352835338693869.raw,76021760,76021760,0,952,951
1.3.6.1.4.1.14519.5.2.1.6279.6001.443400977949406454649939526179,2,512,512,310,0.642578125,0.642578125,0.9999998807907104,-178.5,-26.5,-435.999969,1.0,1.0,0.9999999999999999,True,MET_SHORT,1.3.6.1.4.1.14519.5.2.1.6279.6001.443400977949406454649939526179.raw,162529280,162529280,2,902,1541
1.3.6.1.4.1.14519.5.2.1.6279.6001.461155505515403114280165935891,2,512,512,245,0.8339840173721313,0.8339840173721313,1.25,-218.1,-203.5,-350.0,1.0,1.0,1.0,True,MET_SHORT,1.3.6.1.4.1.14519.5.2.1.6279.6001.461155505515403114280165935891.raw,128450560,128450560,1,1208,1594
1.3.6.1.4.1.14519.5.2.1.6279.6001.466284753932369813717081722101,2,512,512,278,0.56640625,0.56640625,1.0,-143.716796875,-317.716796875,-291.1,1.0,1.0,1.0,True,MET_SHORT,1.3.6.1.4.1.14519.5.2.1.6279.6001.466284753932369813717081722101.raw,145752064,145752064,1,519,789
1.3.6.1.4.1.14519.5.2.1.6279.6001.470912100568074901744259213968,2,512,512,238,0.78125,0.78125,1.25,-200.0,-176.699997,-296.5,1.0,1.0,1.0,True,MET_SHORT,1.3.6.1.4.1.14519.5.2.1.6279.6001.470912100568074901744259213968.raw,124780544,124780544,0,539,555
1.3.6.1.4.1.14519.5.2.1.6279.6001.504324996863016748259361352296,2,512,512,120,0.6738280057907104,0.6738280057907104,2.5,-165.0,-177.199997,-332.980011,1.0,1.0,1.0,True,MET_SHORT,1.3.6.1.4.1.14519.5.2.1.6279.6001.504324996863016748259361352296.raw,62914560,62914560,0,714,718
1.3.6.1.4.1.14519.5.2.1.6279.6001.557875302364105947813979213632,2,512,512,557,0.703125,0.703125,0.625,-172.699997,-180.0,-319.295013,1.0,1.0,1.0,True,MET_SHORT,1.3.6.1.4.1.14519.5.2.1.6279.6001.557875302364105947813979213632.raw,292028416,292028416,3,1189,1578
1.3.6.1.4.1.14519.5.2.1.6279.6001.624425075947752229712087113746,2,512,512,255,0.6640620231628418,0.6640620231628418,1.25,-169.0,-170.0,-328.399994,1.0,1.0,1.0,True,MET_SHORT,1.3.6.1.4.1.14519.5.2.1.6279.6001.624425075947752229712087113746.raw,133693440,133693440,1,800,1033
1.3.6.1.4.1.14519.5.2.1.6279.6001.669518152156802508672627785405,2,512,512,129,0.6972659826278687,0.6972659826278687,2.5,-182.399994,-175.899994,-337.980011,1.0,1.0,1.0,True,MET_SHORT,1.3.6.1.4.1.14519.5.2.1.6279.6001.669518152156802508672627785405.raw,67633152,67633152,0,539,547
1.3.6.1.4.1.14519.5.2.1.6279.6001.692598144815688523679745963696,2,512,512,136,0.6464840173721313,0.6464840173721313,2.5,-164.800003,-153.5,-380.480011,1.0,1.0,1.0,True,MET_SHORT,1.3.6.1.4.1.14519.5.2.1.6279.6001.692598144815688523679745963696.raw,71303168,71303168,2,554,882
1.3.6.1.4.1.14519.5.2.1.6279.6001.707218743153927597786179232739,2,512,512,110,0.640625,0.640625,2.5,-172.899994,-159.300003,-296.76001,1.0,1.0,1.0,True,MET_SHORT,1.3.6.1.4.1.14519.5.2.1.6279.6001.707218743153927597786179232739.raw,57671680,57671680,0,857,857
1.3.6.1.4.1.14519.5.2.1.6279.6001.743969234977916254223533321294,2,512,512,362,0.625,0.625,0.625,-166.199997,-160.0,-182.785004,1.0,1.0,1.0,True,MET_SHORT,1.3.6.1.4.1.14519.5.2.1.6279.6001.743969234977916254223533321294.raw,189792256,189792256,0,832,831
1.3.6.1.4.1.14519.5.2.1.6279.6001.776429308535398795601496131524,2,512,512,463,0.5859379768371582,0.5859379768371582,0.625,-145.800003,-139.600006,-299.144989,1.0,1.0,1.0,True,MET_SHORT,1.3.6.1.4.1.14519.5.2.1.6279.6001.776429308535398795601496131524.raw,242745344,242745344,0,609,614
1.3.6.1.4.1.14519.5.2.1.6279.6001.803808126682275425758092691689,2,512,512,249,0.9628909826278687,0.9628909826278687,1.25,-245.0,-190.600006,-336.75,1.0,1.0,1.0,True,MET_SHORT,1.3.6.1.4.1.14519.5.2.1.6279.6001.803808126682275425758092691689.raw,130547712,130547712,0,535,550
1.3.6.1.4.1.14519.5.2.1.6279.6001.885292267869246639232975687131,2,512,512,263,0.5859379768371582,0.5859379768371582,1.25,-156.199997,-137.0,-341.769989,1.0,1.0,1.0,True,MET_SHORT,1.3.6.1.4.1.14519.5.2.1.6279.6001.885292267869246639232975687131.raw,137887744,137887744,0,502,511
1.3.6.1.4.1.14519.5.2.1.6279.6001.922852847124879997825997808179,2,512,512,557,0.703125,0.703125,0.625,-194.100006,-166.5,-343.519989,1.0,1.0,1.0,True,MET_SHORT,1.3.6.1.4.1.14519.5.2.1.6279.6001.922852847124879997825997808179.raw,292028416,292028416,2,528,909
1.3.6.1.4.1.14519.5.2.1.6279.6001.939152384493874708850321969356,2,512,512,172,0.68359375,0.68359375,1.7999999523162842,-181.6582,-347.6582,-343.8,1.0,1.0,1.0,True,MET_SHORT,1.3.6.1.4.1.14519.5.2.1.6279.6001.939152384493874708850321969356.raw,90177536,90177536,1,945,1298
1.3.6.1.4.1.14519.5.2.1.6279.6001.943403138251347598519939390311,2,512,512,210,0.8789060115814209,0.8789060115814209,1.25,244.100006,241.600006,-310.75,-1.0,-1.0,1.0,True,MET_SHORT,1.3.6.1.4.1.14519.5.2.1.6279.6001.943403138251347598519939390311.raw,110100480,110100480,1,898,899
1.3.6.1.4.1.14519.5.2.1.6279.6001.964952370561266624992539111877,2,512,512,251,0.6835939884185791,0.6835939884185791,1.25,185.899994,185.0,-333.25,-1.0,-1.0,1.0,True,MET_SHORT,1.3.6.1.4.1.14519.5.2.1.6279.6001.964952370561266624992539111877.raw,131596288,131596288,4,334,334
1.3.6.1.4.1.14519.5.2.1.6279.6001.100620385482151095585000946543,3,512,512,126,0.6640620231628418,0.6640620231628418,2.5,-153.399994,-170.0,-325.119995,1.0,1.0,1.0,True,MET_SHORT,1.3.6.1.4.1.14519.5.2.1.6279.6001.100620385482151095585000946543.raw,66060288,66060288,0,432,434
1.3.6.1.4.1.14519.5.2.1.6279.6001.100953483028192176989979435275,3,512,512,133,0.703125,0.703125,2.5,-167.600006,-147.899994,-341.5,1.0,1.0,1.0,True,MET_SHORT,1.3.6.1.4.1.14519.5.2.1.6279.6001.100953483028192176989979435275.raw,69730304,69730304,1,772,910
1.3.6.1.4.1.14519.5.2.1.6279.6001.106164978370116976238911317774,3,512,512,133,0.625,0.625,2.5,-154.3,-160.0,-329.25,1.0,1.0,1.0,True,MET_SHORT,1.3.6.1.4.1.14519.5.2.1.6279.6001.106164978370116976238911317774.raw,69730304,69730304,1,833,955
1.3.6.1.4.1.14519.5.2.1.6279.6001.121391737347333465796214915391,3,512,512,244,0.7285159826278687,0.7285159826278687,1.25,-178.699997,-186.5,-312.25,1.0,1.0,1.0,True,MET_SHORT,1.3.6.1.4.1.14519.5.2.1.6279.6001.121391737347333465796214915391.raw,127926272,127926272,1,484,1089
1.3.6.1.4.1.14519.5.2.1.6279.6001.123697637451437522065941162930,3,512,512,244,0.7011719942092896,0.7011719942092896,1.25,136.600006,144.800003,-294.0,-1.0,-1.0,1.0,True,MET_SHORT,1.3.6.1.4.1.14519.5.2.1.6279.6001.123697637451437522065941162930.raw,127926272,127926272,1,358,358
1.3.6.1.4.1.14519.5.2.1.6279.6001.125356649712550043958727288500,3,512,512,241,0.6835939884185791,0.6835939884185791,1.25,-170.800003,-175.0,-245.255005,1.0,1.0,1.0,True,MET_SHORT,1.3.6.1.4.1.14519.5.2.1.6279.6001.125356649712550043958727288500.raw,126353408,126353408,0,821,836
1.3.6.1.4.1.14519.5.2.1.6279.6001.126631670596873065041988320084,3,512,512,272,0.7421879768371582,0.7421879768371582,1.25,-214.399994,-180.199997,-354.5,1.0,1.0,1.0,True,MET_SHORT,1.3.6.1.4.1.14519.5.2.1.6279.6001.126631670596873065041988320084.raw,142606336,142606336,2,696,1110
1.3.6.1.4.1.14519.5.2.1.6279.6001.127965161564033605177803085629,3,512,512,197,0.6269530057907104,0.6269530057907104,1.25,163.600006,191.100006,-299.0,-0.9999999999999999,-0.9999999999999999,1.0,True,MET_SHORT,1.3.6.1.4.1.14519.5.2.1.6279.6001.127965161564033605177803085629.raw,103284736,103284736,1,541,541
1.3.6.1.4.1.14519.5.2.1.6279.6001.135657246677982059395844827629,3,512,512,161,0.5859375,0.5859375,1.7999999523162842,-169.70703125,-282.70703125,-321.5,1.0,1.0,1.0,True,MET_SHORT,1.3.6.1.4.1.14519.5.2.1.6279.6001.135657246677982059395844827629.raw,84410368,84410368,1,583,882
1.3.6.1.4.1.14519.5.2.1.6279.6001.145474881373882284343459153872,3,512,512,123,0.5859379768371582,0.5859379768371582,2.5,-153.899994,-150.5,-305.950012,1.0,1.0,1.0,True,MET_SHORT,1.3.6.1.4.1.14519.5.2.1.6279.6001.145474881373882284343459153872.raw,64487424,64487424,0,611,617
1.3.6.1.4.1.14519.5.2.1.6279.6001.148447286464082095534651426689,3,512,512,220,0.703125,0.703125,1.25,145.300003,180.0,-308.25,-1.0,-1.0,1.0,True,MET_SHORT,1.3.6.1.4.1.14519.5.2.1.6279.6001.148447286464082095534651426689.raw,115343360,115343360,6,785,646
1.3.6.1.4.1.14519.5.2.1.6279.6001.149463915556499304732434215056,3,512,512,161,0.6640620231628418,0.6640620231628418,2.0,-170.5,-170.0,-298.015015,1.0,1.0,1.0,True,MET_SHORT,1.3.6.1.4.1.14519.5.2.1.6279.6001.149463915556499304732434215056.raw,84410368,84410368,1,643,859
1.3.6.1.4.1.14519.5.2.1.6279.6001.154703816225841204080664115280,3,512,512,301,0.6835939884185791,0.6835939884185791,1.25,-151.199997,-175.0,-356.5,1.0,1.0,1.0,True,MET_SHORT,1.3.6.1.4.1.14519.5.2.1.6279.6001.154703816225841204080664115280.raw,157810688,157810688,3,436,757
1.3.6.1.4.1.14519.5.2.1.6279.6001.160216916075817913953530562493,3,512,512,201,0.72265625,0.72265625,1.7999999523162842,-184.63867,-361.63867,-380.0,1.0,1.0,1.0,True,MET_SHORT,1.3.6.1.4.1.14519.5.2.1.6279.6001.160216916075817913953530562493.raw,105381888,105381888,0,405,413
1.3.6.1.4.1.14519.5.2.1.6279.6001.162845309248822193437735868939,3,512,512,764,0.646484375,0.646484375,0.5,-173.1767578125,-335.1767578125,-432.0,1.0,1.0,1.0,True,MET_SHORT,1.3.6.1.4.1.14519.5.2.1.6279.6001.162845309248822193437735868939.raw,400556032,400556032,1,447,775
1.3.6.1.4.1.14519.5.2.1.6279.6001.167919147233131417984739058859,3,512,512,269,0.6699219942092896,0.6699219942092896,1.25,-161.600006,-171.5,-319.295013,1.0,1.0,1.0,True,MET_SHORT,1.3.6.1.4.1.14519.5.2.1.6279.6001.167919147233131417984739058859.raw,141033472,141033472,1,957,1533
1.3.6.1.4.1.14519.5.2.1.6279.6001.171667800241622018839592854574,3,512,512,238,0.703125,0.703125,1.25,-185.699997,-192.899994,-331.040009,1.0,1.0,1.0,True,MET_SHORT,1.3.6.1.4.1.14519.5.2.1.6279.6001.171667800241622018839592854574.raw,124780544,124780544,1,620,1057
1.3.6.1.4.1.14519.5.2.1.6279.6001.172573195301625265149778785969,3,512,512,529,0.703125,0.703125,0.699999988079071,-176.64844,-369.64844,-476.5,1.0,1.0,1.0,True,MET_SHORT,1.3.6.1.4.1.14519.5.2.1.6279.6001.172573195301625265149778785969.raw,277348352,277348352,2,322,855
1.3.6.1.4.1.14519.5.2.1.6279.6001.177685820605315926524514718990,3,512,512,273,0.7402340173721313,0.7402340173721313,1.25,-179.399994,-150.5,-376.5,1.0,1.0,1.0,True,MET_SHORT,1.3.6.1.4.1.14519.5.2.1.6279.6001.177685820605315926524514718990.raw,143130624,143130624,1,1137,1446
1.3.6.1.4.1.14519.5.2.1.6279.6001.177785764461425908755977367558,3,512,512,481,0.6054689884185791,0.6054689884185791,0.625,-154.0,-128.0,-281.480011,1.0,1.0,1.0,True,MET_SHORT,1.3.6.1.4.1.14519.5.2.1.6279.6001.177785764461425908755977367558.raw,252182528,252182528,1,690,988
1.3.6.1.4.1.14519.5.2.1.6279.6001.177985905159808659201278495182,3,512,512,133,0.703125,0.703125,2.5,-188.3,-180.0,-344.25,1.0,1.0,1.0,True,MET_SHORT,1.3.6.1.4.1.14519.5.2.1.6279.6001.177985905159808659201278495182.raw,69730304,69730304,0,411,440
1.3.6.1.4.1.14519.5.2.1.6279.6001.179730018513720561213088132029,3,512,512,259,0.703125,0.703125,1.25,-180.0,-142.100006,-360.75,1.0,1.0,1.0,True,MET_SHORT,1.3.6.1.4.1.14519.5.2.1.6279.6001.179730018513720561213088132029.raw,135790592,135790592,1,708,1032
1.3.6.1.4.1.14519.5.2.1.6279.6001.191266041369462391833537519639,3,512,512,455,0.6328125,0.6328125,0.699999988079071,-163.68359,-318.68359,-462.5,1.0,1.0,1.0,True,MET_SHORT,1.3.6.1.4.1.14519.5.2.1.6279.6001.191266041369462391833537519639.raw,238551040,238551040,1,613,969
1.3.6.1.4.1.14519.5.2.1.6279.6001.191617711875409989053242965150,3,512,512,241,0.5527340173721313,0.5527340173721313,1.25,-147.5,-151.5,-320.0,1.0,1.0,1.0,True,MET_SHORT,1.3.6.1.4.1.14519.5.2.1.6279.6001.191617711875409989053242965150.raw,126353408,126353408,0,525,530
1.3.6.1.4.1.14519.5.2.1.6279.6001.192419869605596446455526220766,3,512,512,231,0.703125,0.703125,1.25,-131.3,-171.2,-323.5,1.0,1.0,1.0,True,MET_SHORT,1.3.6.1.4.1.14519.5.2.1.6279.6001.192419869605596446455526220766.raw,121110528,121110528,1,478,1016
1.3.6.1.4.1.14519.5.2.1.6279.6001.194488534645348916700259325236,3,512,512,458,0.625,0.625,0.625,-151.800003,-146.0,-245.925003,1.0,1.0,1.0,True,MET_SHORT,1.3.6.1.4.1.14519.5.2.1.6279.6001.194488534645348916700259325236.raw,240123904,240123904,2,482,712
1.3.6.1.4.1.14519.5.2.1.6279.6001.197063290812663596858124411210,3,512,512,133,0.78125,0.78125,2.5,-200.0,-200.0,-366.25,1.0,1.0,1.0,True,MET_SHORT,1.3.6.1.4.1.14519.5.2.1.6279.6001.197063290812663596858124411210.raw,69730304,69730304,5,601,765
1.3.6.1.4.1.14519.5.2.1.6279.6001.199069398344356765037879821616,3,512,512,472,0.703125,0.703125,0.625,-185.199997,-171.699997,-296.709991,1.0,1.0,1.0,True,MET_SHORT,1.3.6.1.4.1.14519.5.2.1.6279.6001.199069398344356765037879821616.raw,247463936,247463936,0,368,384
1.3.6.1.4.1.14519.5.2.1.6279.6001.199670099218798685977406484591,3,512,512,240,0.6035159826278687,0.6035159826278687,1.25,-165.399994,-141.399994,-328.244995,1.0,1.0,1.0,True,MET_SHORT,1.3.6.1.4.1.14519.5.2.1.6279.6001.199670099218798685977406484591.raw,125829120,125829120,2,453,849
1.3.6.1.4.1.14519.5.2.1.6279.6001.202187810895588720702176009630,3,512,512,264,0.703125,0.703125,1.25,-197.699997,-193.5,-349.26001,1.0,1.0,1.0,True,MET_SHORT,1.3.6.1.4.1.14519.5.2.1.6279.6001.202187810895588720702176009630.raw,138412032,138412032,9,748,1418
1.3.6.1.4.1.14519.5.2.1.6279.6001.202464973819273687476049035824,3,512,512,513,0.703125,0.703125,0.625,-173.699997,-154.100006,-338.5,1.0,1.0,1.0,True,MET_SHORT,1.3.6.1.4.1.14519.5.2.1.6279.6001.202464973819273687476049035824.raw,268959744,268959744,1,441,855
1.3.6.1.4.1.14519.5.2.1.6279.6001.202476538079060560282495099956,3,512,512,122,0.6640620231628418,0.6640620231628418,2.5,-176.199997,-161.100006,-323.200012,1.0,1.0,1.0,True,MET_SHORT,1.3.6.1.4.1.14519.5.2.1.6279.6001.202476538079060560282495099956.raw,63963136,63963136,0,472,475
1.3.6.1.4.1.14519.5.2.1.6279.6001.203741923654363010377298352671,3,512,512,141,0.6640620231628418,0.6640620231628418,2.5,-170.0,-170.0,-365.25,1.0,1.0,1.0,True,MET_SHORT,1.3.6.1.4.1.14519.5.2.1.6279.6001.203741923654363010377298352671.raw,73924608,73924608,0,498,499
1.3.6.1.4.1.14519.5.2.1.6279.6001.204303454658845815034433453512,3,512,512,558,0.6484375,0.6484375,0.699999988079071,-169.67578,-348.67578,642.0,1.0,1.0,1.0,True,MET_SHORT,1.3.6.1.4.1.14519.5.2.1.6279.6001.204303454658845815034433453512.raw,292552704,292552704,5,522,1123
1.3.6.1.4.1.14519.5.2.1.6279.6001.205852555362702089950453265567,3,512,512,490,0.6445310115814209,0.6445310115814209,0.625,-163.399994,-160.300003,-319.339996,1.0,1.0,1.0,True,MET_SHORT,1.3.6.1.4.1.14519.5.2.1.6279.6001.205852555362702089950453265567.raw,256901120,256901120,0,510,509
1.3.6.1.4.1.14519.5.2.1.6279.6001.208511362832825683639135205368,3,512,512,481,0.703125,0.703125,0.625,-180.0,-180.0,-256.394989,1.0,1.0,1.0,True,MET_SHORT,1.3.6.1.4.1.14519.5.2.1.6279.6001.208511362832825683639135205368.raw,252182528,252182528,2,342,774
1.3.6.1.4.1.14519.5.2.1.6279.6001.210426531621179400035178209430,3,512,512,117,0.703125,0.703125,2.5,-179.5,-180.0,-309.51001,1.0,1.0,0.9999999999999999,True,MET_SHORT,1.3.6.1.4.1.14519.5.2.1.6279.6001.210426531621179400035178209430.raw,61341696,61341696,0,505,512
1.3.6.1.4.1.14519.5.2.1.6279.6001.215086589927307766627151367533,3,512,512,602,0.703125,0.703125,0.625,-176.399994,-200.199997,-376.065002,1.0,1.0,1.0,True,MET_SHORT,1.3.6.1.4.1.14519.5.2.1.6279.6001.215086589927307766627151367533.raw,315621376,315621376,0,401,411
1.3.6.1.4.1.14519.5.2.1.6279.6001.219349715895470349269596532320,3,512,512,244,0.7617189884185791,0.7617189884185791,1.25,195.0,140.0,-327.0,-1.0,-1.0,1.0,True,MET_SHORT,1.3.6.1.4.1.14519.5.2.1.6279.6001.219349715895470349269596532320.raw,127926272,127926272,1,215,215
1.3.6.1.4.1.14519.5.2.1.6279.6001.225227615446398900698431118292,3,512,512,484,0.5859379768371582,0.5859379768371582,0.625,-158.800003,-158.899994,-291.38501,1.0,1.0,1.0,True,MET_SHORT,1.3.6.1.4.1.14519.5.2.1.6279.6001.225227615446398900698431118292.raw,253755392,253755392,4,1222,1475
1.3.6.1.4.1.14519.5.2.1.6279.6001.229664630348267553620068691756,3,512,512,509,0.703125,0.703125,0.625,-170.699997,-151.5,-292.350006,1.0,1.0,1.0,True,MET_SHORT,1.3.6.1.4.1.14519.5.2.1.6279.6001.229664630348267553620068691756.raw,266862592,266862592,0,586,603
1.3.6.1.4.1.14519.5.2.1.6279.6001.237428977311365557972720635401,3,512,512,238,0.6640620231628418,0.6640620231628418,1.25,-164.300003,-157.600006,-299.75,1.0,1.0,1.0,True,MET_SHORT,1.3.6.1.4.1.14519.5.2.1.6279.6001.237428977311365557972720635401.raw,124780544,124780544,1,769,990
1.3.6.1.4.1.14519.5.2.1.6279.6001.244204120220889433826451158706,3,512,512,251,0.8085939884185791,0.8085939884185791,1.25,-194.6,-207.0,-330.0,0.9999999999999999,0.9999999999999999,1.0,True,MET_SHORT,1.3.6.1.4.1.14519.5.2.1.6279.6001.244204120220889433826451158706.raw,131596288,131596288,2,652,891
1.3.6.1.4.1.14519.5.2.1.6279.6001.244447966386688625240438849169,3,512,512,272,0.67578125,0.67578125,1.0,-184.0,-48.2291393,-585.799988,1.0,1.0,1.0,True,MET_SHORT,1.3.6.1.4.1.14519.5.2.1.6279.6001.244447966386688625240438849169.raw,142606336,142606336,1,697,1127
1.3.6.1.4.1.14519.5.2.1.6279.6001.244681063194071446501270815660,3,512,512,167,0.6640625,0.6640625,1.7999999523162842,-162.66797,-327.66797,-338.8,1.0,1.0,1.0,True,MET_SHORT,1.3.6.1.4.1.14519.5.2.1.6279.6001.244681063194071446501270815660.raw,87556096,87556096,1,782,1088
1.3.6.1.4.1.14519.5.2.1.6279.6001.252697338970999211181671881792,3,512,512,213,0.6464840173721313,0.6464840173721313,1.25,-157.699997,-156.100006,-303.059998,1.0,1.0,1.0,True,MET_SHORT,1.3.6.1.4.1.14519.5.2.1.6279.6001.252697338970999211181671881792.raw,111673344,111673344,1,390,772
1.3.6.1.4.1.14519.5.2.1.6279.6001.254254303842550572473665729969,3,512,512,183,0.9459999799728394,0.9459999799728394,2.0,-258.789,-239.2578,1250.5,0.9999999999999999,0.9999999999999999,1.0,True,MET_SHORT,1.3.6.1.4.1.14519.5.2.1.6279.6001.254254303842550572473665729969.raw,95944704,95944704,2,944,1266
1.3.6.1.4.1.14519.5.2.1.6279.6001.264090899378396711987322794314,3,512,512,273,0.8789060115814209,0.8789060115814209,1.25,-229.600006,-245.199997,-345.0,1.0,1.0,1.0,True,MET_SHORT,1.3.6.1.4.1.14519.5.2.1.6279.6001.264090899378396711987322794314.raw,143130624,143130624,0,579,587
1.3.6.1.4.1.14519.5.2.1.6279.6001.268589491017129166376960414534,3,512,512,127,0.6445310115814209,0.6445310115814209,2.5,-184.300003,-175.0,-350.0,1.0,1.0,1.0,True,MET_SHORT,1.3.6.1.4.1.14519.5.2.1.6279.6001.268589491017129166376960414534.raw,66584576,66584576,0,505,509
1.3.6.1.4.1.14519.5.2.1.6279.6001.268838889380981659524993261082,3,512,512,133,0.7421879768371582,0.7421879768371582,2.5,-195.699997,-190.0,-336.25,1.0,1.0,1.0,True,MET_SHORT,1.3.6.1.4.1.14519.5.2.1.6279.6001.268838889380981659524993261082.raw,69730304,69730304,0,907,914
1.3.6.1.4.1.14519.5.2.1.6279.6001.269075535958871753309238331179,3,512,512,183,0.6640625,0.6640625,1.7999999523162842,-164.66797,-307.66797,694.9,1.0,1.0,1.0,True,MET_SHORT,1.3.6.1.4.1.14519.5.2.1.6279.6001.269075535958871753309238331179.raw,95944704,95944704,3,324,688
1.3.6.1.4.1.14519.5.2.1.6279.6001.272190966764020277652079081128,3,512,512,133,0.78125,0.78125,2.5,-192.199997,-200.0,-368.0,1.0,1.0,1.0,True,MET_SHORT,1.3.6.1.4.1.14519.5.2.1.6279.6001.272190966764020277652079081128.raw,69730304,69730304,2,618,759
1.3.6.1.4.1.14519.5.2.1.6279.6001.274052674198758621258447180130,3,512,512,300,0.662109375,0.662109375,1.0,-171.900938,-42.1386871,-675.5,1.0,1.0,1.0,True,MET_SHORT,1.3.6.1.4.1.14519.5.2.1.6279.6001.274052674198758621258447180130.raw,157286400,157286400,2,775,1116
1.3.6.1.4.1.14519.5.2.1.6279.6001.275007193025729362844652516689,3,512,512,209,0.6171879768371582,0.6171879768371582,1.25,-158.0,-158.0,-226.0,1.0,1.0,1.0,True,MET_SHORT,1.3.6.1.4.1.14519.5.2.1.6279.6001.275007193025729362844652516689.raw,109576192,109576192,3,298,606
1.3.6.1.4.1.14519.5.2.1.6279.6001.276556509002726404418399209377,3,512,512,185,0.6640625,0.6640625,1.7999999523162842,-164.66796875,-299.66796875,-360.7,1.0,1.0,1.0,True,MET_SHORT,1.3.6.1.4.1.14519.5.2.1.6279.6001.276556509002726404418399209377.raw,96993280,96993280,2,517,889
1.3.6.1.4.1.14519.5.2.1.6279.6001.277662902666135640561346462196,3,512,512,497,0.7617189884185791,0.7617189884185791,0.625,-195.5,-190.300003,-336.505005,1.0,1.0,1.0,True,MET_SHORT,1.3.6.1.4.1.14519.5.2.1.6279.6001.277662902666135640561346462196.raw,260571136,260571136,1,331,714
1.3.6.1.4.1.14519.5.2.1.6279.6001.278010349511857248000260557753,3,512,512,545,0.703125,0.703125,0.625,-175.300003,-159.800003,-314.75,1.0,1.0,1.0,True,MET_SHORT,1.3.6.1.4.1.14519.5.2.1.6279.6001.278010349511857248000260557753.raw,285736960,285736960,1,861,1244
1.3.6.1.4.1.14519.5.2.1.6279.6001.292057261351416339496913597985,3,512,512,191,0.68359375,0.68359375,1.7999999523162842,-168.6582,-364.6582,-394.0,1.0,1.0,1.0,True,MET_SHORT,1.3.6.1.4.1.14519.5.2.1.6279.6001.292057261351416339496913597985.raw,100139008,100139008,4,508,836
1.3.6.1.4.1.14519.5.2.1.6279.6001.293593766328917170359373773080,3,512,512,413,0.703125,0.703125,0.625,-160.800003,-190.399994,-285.899994,1.0,1.0,1.0,True,MET_SHORT,1.3.6.1.4.1.14519.5.2.1.6279.6001.293593766328917170359373773080.raw,216530944,216530944,1,451,748
1.3.6.1.4.1.14519.5.2.1.6279.6001.300246184547502297539521283806,3,512,512,154,0.6445310115814209,0.6445310115814209,2.0,-163.399994,-156.699997,-309.76001,1.0,1.0,1.0,True,MET_SHORT,1.3.6.1.4.1.14519.5.2.1.6279.6001.300246184547502297539521283806.raw,80740352,80740352,2,999,1186
1.3.6.1.4.1.14519.5.2.1.6279.6001.313283554967554803238484128406,3,512,512,135,0.78125,0.78125,2.5,-220.2,-168.6,-371.5,1.0,1.0,1.0,True,MET_SHORT,1.3.6.1.4.1.14519.5.2.1.6279.6001.313283554967554803238484128406.raw,70778880,70778880,3,927,1576
1.3.6.1.4.1.14519.5.2.1.6279.6001.314519596680450457855054746285,3,512,512,190,0.625,0.625,1.7999999523162842,-162.6875,-311.6875,-360.7,1.0,1.0,1.0,True,MET_SHORT,1.3.6.1.4.1.14519.5.2.1.6279.6001.314519596680450457855054746285.raw,99614720,99614720,0,480,488
1.3.6.1.4.1.14519.5.2.1.6279.6001.319009811633846643966578282371,3,512,512,125,0.609375,0.609375,2.5,-168.0,-131.0,-355.209991,1.0,1.0,1.0,True,MET_SHORT,1.3.6.1.4.1.14519.5.2.1.6279.6001.319009811633846643966578282371.raw,65536000,65536000,0,567,570
1.3.6.1.4.1.14519.5.2.1.6279.6001.319066480138812986026181758474,3,512,512,220,0.5976560115814209,0.5976560115814209,1.25,-138.699997,-142.600006,-307.649994,1.0,1.0,1.0,True,MET_SHORT,1.3.6.1.4.1.14519.5.2.1.6279.6001.319066480138812986026181758474.raw,115343360,115343360,2,739,1072
1.3.6.1.4.1.14519.5.2.1.6279.6001.321465552859463184018938648244,3,512,512,180,0.68359375,0.68359375,1.7999999523162842,-169.6582,-336.6582,-366.2,1.0,1.0,1.0,True,MET_SHORT,1.3.6.1.4.1.14519.5.2.1.6279.6001.321465552859463184018938648244.raw,94371840,94371840,1,396,713
1.3.6.1.4.1.14519.5.2.1.6279.6001.323541312620128092852212458228,3,512,512,241,0.8222659826278687,0.8222659826278687,1.25,-234.800003,-170.5,-325.0,1.0,1.0,1.0,True,MET_SHORT,1.3.6.1.4.1.14519.5.2.1.6279.6001.323541312620128092852212458228.raw,126353408,126353408,1,770,1026
1.3.6.1.4.1.14519.5.2.1.6279.6001.324290109423920971676288828329,3,512,512,383,0.6640625,0.6640625,1.0,-160.66796875,-332.66796875,-381.5,1.0,1.0,1.0,True,MET_SHORT,1.3.6.1.4.1.14519.5.2.1.6279.6001.324290109423920971676288828329.raw,200802304,200802304,4,717,1274
1.3.6.1.4.1.14519.5.2.1.6279.6001.324567010179873305471925391582,3,512,512,301,0.7519530057907104,0.7519530057907104,1.25,-184.699997,-192.5,-430.75,1.0,1.0,1.0,True,MET_SHORT,1.3.6.1.4.1.14519.5.2.1.6279.6001.324567010179873305471925391582.raw,157810688,157810688,3,509,869
1.3.6.1.4.1.14519.5.2.1.6279.6001.334022941831199910030220864961,3,512,512,199,0.76171875,0.76171875,1.7999999523162842,-192.61914,-385.61914,737.6,1.0,1.0,1.0,True,MET_SHORT,1.3.6.1.4.1.14519.5.2.1.6279.6001.334022941831199910030220864961.raw,104333312,104333312,0,536,548
1.3.6.1.4.1.14519.5.2.1.6279.6001.336225579776978874775723463327,3,512,512,145,0.8203120231628418,0.8203120231628418,2.5,-207.899994,-210.0,-375.75,1.0,1.0,1.0,True,MET_SHORT,1.3.6.1.4.1.14519.5.2.1.6279.6001.336225579776978874775723463327.raw,76021760,76021760,1,633,894
1.3.6.1.4.1.14519.5.2.1.6279.6001.339142594937666268384335506819,3,512,512,131,0.703125,0.703125,2.5,-180.0,-180.0,-333.25,1.0,1.0,1.0,True,MET_SHORT,1.3.6.1.4.1.14519.5.2.1.6279.6001.339142594937666268384335506819.raw,68681728,68681728,1,1468,1671
1.3.6.1.4.1.14519.5.2.1.6279.6001.367204840301639918160517361062,3,512,512,133,0.703125,0.703125,2.5,-182.100006,-173.800003,-327.25,1.0,1.0,1.0,True,MET_SHORT,1.3.6.1.4.1.14519.5.2.1.6279.6001.367204840301639918160517361062.raw,69730304,69730304,1,615,722
1.3.6.1.4.1.14519.5.2.1.6279.6001.398955972049286139436103068984,3,512,512,107,0.53125,0.53125,2.5,-150.300003,-120.0,-280.0,1.0,1.0,1.0,True,MET_SHORT,1.3.6.1.4.1.14519.5.2.1.6279.6001.398955972049286139436103068984.raw,56098816,56098816,0,741,743
1.3.6.1.4.1.14519.5.2.1.6279.6001.404768898286087278137462774930,3,512,512,250,0.833984375,0.833984375,0.9999998807907104,-225.65064,-75.8012781,-666.599976,1.0,1.0,1.0,True,MET_SHORT,1.3.6.1.4.1.14519.5.2.1.6279.6001.404768898286087278137462774930.raw,131072000,131072000,1,665,955
1.3.6.1.4.1.14519.5.2.1.6279.6001.481278873893653517789960724156,3,512,512,114,0.703125,0.703125,2.5,-180.0,-224.899994,-283.5,1.0,1.0,1.0,True,MET_SHORT,1.3.6.1.4.1.14519.5.2.1.6279.6001.481278873893653517789960724156.raw,59768832,59768832,2,982,1144
1.3.6.1.4.1.14519.5.2.1.6279.6001.487745546557477250336016826588,3,512,512,137,0.7421879768371582,0.7421879768371582,2.5,-186.899994,-190.0,-375.75,1.0,1.0,1.0,True,MET_SHORT,1.3.6.1.4.1.14519.5.2.1.6279.6001.487745546557477250336016826588.raw,71827456,71827456,1,929,1134
1.3.6.1.4.1.14519.5.2.1.6279.6001.603166427542096384265514998412,3,512,512,487,0.703125,0.703125,0.625,-181.0,-180.0,-300.0,1.0,1.0,1.0,True,MET_SHORT,1.3.6.1.4.1.14519.5.2.1.6279.6001.603166427542096384265514998412.raw,255328256,255328256,1,474,778
1.3.6.1.4.1.14519.5.2.1.6279.6001.614147706162329660656328811671,3,512,512,133,0.78125,0.78125,2.5,-200.0,-206.0,-348.0,1.0,1.0,1.0,True,MET_SHORT,1.3.6.1.4.1.14519.5.2.1.6279.6001.614147706162329660656328811671.raw,69730304,69730304,1,677,1061
1.3.6.1.4.1.14519.5.2.1.6279.6001.619372068417051974713149104919,3,512,512,261,0.6816409826278687,0.6816409826278687,1.25,-175.5,-174.5,-334.5,1.0,1.0,1.0,True,MET_SHORT,1.3.6.1.4.1.14519.5.2.1.6279.6001.619372068417051974713149104919.raw,136839168,136839168,0,471,480
1.3.6.1.4.1.14519.5.2.1.6279.6001.625270601160880745954773142570,3,512,512,248,0.703125,0.703125,1.25,-189.800003,-180.0,-356.25,1.0,1.0,1.0,True,MET_SHORT,1.3.6.1.4.1.14519.5.2.1.6279.6001.625270601160880745954773142570.raw,130023424,130023424,1,582,1091
1.3.6.1.4.1.14519.5.2.1.6279.6001.710845873679853791427022019413,3,512,512,244,0.6171879768371582,0.6171879768371582,1.25,-161.5,-166.899994,-338.480011,1.0,1.0,1.0,True,MET_SHORT,1.3.6.1.4.1.14519.5.2.1.6279.6001.710845873679853791427022019413.raw,127926272,127926272,0,232,240
1.3.6.1.4.1.14519.5.2.1.6279.6001.822128649427327893802314908658,3,512,512,131,0.7226560115814209,0.7226560115814209,2.5,-177.1,-200.0,-304.25,1.0,1.0,1.0,True,MET_SHORT,1.3.6.1.4.1.14519.5.2.1.6279.6001.822128649427327893802314908658.raw,68681728,68681728,1,498,899
1.3.6.1.4.1.14519.5.2.1.6279.6001.842317928015463083368074520378,3,512,512,408,0.53125,0.53125,0.699999988079071,-139.73438,-284.73438,-314.5,1.0,1.0,1.0,True,MET_SHORT,1.3.6.1.4.1.14519.5.2.1.6279.6001.842317928015463083368074520378.raw,213909504,213909504,1,1095,1475
1.3.6.1.4.1.14519.5.2.1.6279.6001.850739282072340578344345230132,3,512,512,426,0.546875,0.546875,0.625,-142.100006,-140.0,-240.945007,1.0,1.0,1.0,True,MET_SHORT,1.3.6.1.4.1.14519.5.2.1.6279.6001.850739282072340578344345230132.raw,223346688,223346688,1,570,741
1.3.6.1.4.1.14519.5.2.1.6279.6001.961063442349005937536597225349,3,512,512,452,0.703125,0.703125,0.625,-183.600006,-180.0,-336.820007,1.0,1.0,1.0,True,MET_SHORT,1.3.6.1.4.1.14519.5.2.1.6279.6001.961063442349005937536597225349.raw,236978176,236978176,1,546,856
1.3.6.1.4.1.14519.5.2.1.6279.6001.965620538050807352935663552285,3,512,512,481,0.7421879768371582,0.7421879768371582,0.625,-176.0,-208.199997,-295.700012,1.0,1.0,1.0,True,MET_SHORT,1.3.6.1.4.1.14519.5.2.1.6279.6001.965620538050807352935663552285.raw,252182528,252182528,0,610,622
1.3.6.1.4.1.14519.5.2.1.6279.6001.969607480572818589276327766720,3,512,512,177,0.642578125,0.642578125,1.7999999523162842,-168.1787109375,-336.1787109375,-387.3,1.0,1.0,1.0,True,MET_SHORT,1.3.6.1.4.1.14519.5.2.1.6279.6001.969607480572818589276327766720.raw,92798976,92798976,0,534,541
1.3.6.1.4.1.14519.5.2.1.6279.6001.970428941353693253759289796610,3,512,512,145,0.78125,0.78125,2.5,-206.699997,-220.699997,-397.5,1.0,1.0,1.0,True,MET_SHORT,1.3.6.1.4.1.14519.5.2.1.6279.6001.970428941353693253759289796610.raw,76021760,76021760,2,933,1221
1.3.6.1.4.1.14519.5.2.1.6279.6001.975426625618184773401026809852,3,512,512,197,0.703125,0.703125,1.25,-189.800003,-180.0,-257.75,1.0,1.0,1.0,True,MET_SHORT,1.3.6.1.4.1.14519.5.2.1.6279.6001.975426625618184773401026809852.raw,103284736,103284736,1,371,989
1.3.6.1.4.1.14519.5.2.1.6279.6001.100530488926682752765845212286,4,512,512,471,0.6640620231628418,0.6640620231628418,0.625,-161.699997,-169.5,-316.464996,1.0,1.0,1.0,True,MET_SHORT,1.3.6.1.4.1.14519.5.2.1.6279.6001.100530488926682752765845212286.raw,246939648,246939648,0,466,472
1.3.6.1.4.1.14519.5.2.1.6279.6001.103115201714075993579787468219,4,512,512,219,0.859375,0.859375,1.25,-228.800003,-220.0,-286.5,1.0,1.0,1.0,True,MET_SHORT,1.3.6.1.4.1.14519.5.2.1.6279.6001.103115201714075993579787468219.raw,114819072,114819072,0,659,688
1.3.6.1.4.1.14519.5.2.1.6279.6001.104780906131535625872840889059,4,512,512,273,0.8789060115814209,0.8789060115814209,1.25,-229.600006,-245.199997,-345.0,1.0,1.0,1.0,True,MET_SHORT,1.3.6.1.4.1.14519.5.2.1.6279.6001.104780906131535625872840889059.raw,143130624,143130624,0,579,589
1.3.6.1.4.1.14519.5.2.1.6279.6001.107351566259572521472765997306,4,512,512,259,0.60546875,0.60546875,1.0,-149.697265625,-339.197265625,-303.5,1.0,1.0,1.0,True,MET_SHORT,1.3.6.1.4.1.14519.5.2.1.6279.6001.107351566259572521472765997306.raw,135790592,135790592,6,401,725
1.3.6.1.4.1.14519.5.2.1.6279.6001.114195693932194925962391697338,4,512,512,255,0.625,0.625,1.25,-155.300003,-148.0,-335.579987,1.0,1.0,1.0,True,MET_SHORT,1.3.6.1.4.1.14519.5.2.1.6279.6001.114195693932194925962391697338.raw,133693440,133693440,1,250,677
1.3.6.1.4.1.14519.5.2.1.6279.6001.115386642382564804180764325545,4,512,512,548,0.6640620231628418,0.6640620231628418,0.625,-174.699997,-170.0,-198.179993,1.0,1.0,1.0,True,MET_SHORT,1.3.6.1.4.1.14519.5.2.1.6279.6001.115386642382564804180764325545.raw,287309824,287309824,1,514,928
1.3.6.1.4.1.14519.5.2.1.6279.6001.119806527488108718706404165837,4,512,512,561,0.703125,0.703125,0.625,-169.600006,-194.5,-281.244995,1.0,1.0,1.0,True,MET_SHORT,1.3.6.1.4.1.14519.5.2.1.6279.6001.119806527488108718706404165837.raw,294125568,294125568,1,446,753
1.3.6.1.4.1.14519.5.2.1.6279.6001.122914038048856168343065566972,4,512,512,128,0.7421879768371582,0.7421879768371582,2.5,-206.0,-180.0,-345.0,1.0,1.0,1.0,True,MET_SHORT,1.3.6.1.4.1.14519.5.2.1.6279.6001.122914038048856168343065566972.raw,67108864,67108864,6,812,982
1.3.6.1.4.1.14519.5.2.1.6279.6001.125067060506283419853742462394,4,512,512,130,0.703125,0.703125,2.5,-185.0,-180.0,-366.269989,1.0,1.0,1.0,True,MET_SHORT,1.3.6.1.4.1.14519.5.2.1.6279.6001.125067060506283419853742462394.raw,68157440,68157440,0,585,592
1.3.6.1.4.1.14519.5.2.1.6279.6001.141430002307216644912805017227,4,512,512,215,0.7421875,0.7421875,1.7999999523162842,-190.62891,-327.62891,-440.2,1.0,1.0,1.0,True,MET_SHORT,1.3.6.1.4.1.14519.5.2.1.6279.6001.141430002307216644912805017227.raw,112721920,112721920,3,503,1032
1.3.6.1.4.1.14519.5.2.1.6279.6001.141511313712034597336182402384,4,512,512,529,0.6054689884185791,0.6054689884185791,0.625,-171.100006,-142.600006,-315.779999,1.0,1.0,1.0,True,MET_SHORT,1.3.6.1.4.1.14519.5.2.1.6279.6001.141511313712034597336182402384.raw,277348352,277348352,3,523,762
1.3.6.1.4.1.14519.5.2.1.6279.6001.142154819868944114554521645782,4,512,512,446,0.55078125,0.55078125,0.699999988079071,-145.72461,-273.72461,697.0,1.0,1.0,1.0,True,MET_SHORT,1.3.6.1.4.1.14519.5.2.1.6279.6001.142154819868944114554521645782.raw,233832448,233832448,1,727,1005
1.3.6.1.4.1.14519.5.2.1.6279.6001.145283812746259413053188838096,4,512,512,144,0.6640620231628418,0.6640620231628418,2.0,-201.600006,-159.600006,-269.88501,1.0,1.0,1.0,True,MET_SHORT,1.3.6.1.4.1.14519.5.2.1.6279.6001.145283812746259413053188838096.raw,75497472,75497472,0,546,550
1.3.6.1.4.1.14519.5.2.1.6279.6001.146987333806092287055399155268,4,512,512,147,0.8203120231628418,0.8203120231628418,2.5,-210.0,-208.399994,-380.25,1.0,1.0,1.0,True,MET_SHORT,1.3.6.1.4.1.14519.5.2.1.6279.6001.146987333806092287055399155268.raw,77070336,77070336,1,543,865
1.3.6.1.4.1.14519.5.2.1.6279.6001.148229375703208214308676934766,4,512,512,491,0.6640625,0.6640625,0.699999988079071,-173.66797,-320.66797,-428.5,1.0,1.0,1.0,True,MET_SHORT,1.3.6.1.4.1.14519.5.2.1.6279.6001.148229375703208214308676934766.raw,257425408,257425408,2,717,1301
1.3.6.1.4.1.14519.5.2.1.6279.6001.156821379677057223126714881626,4,512,512,138,0.7128909826278687,0.7128909826278687,2.5,-189.300003,-182.5,-383.309998,1.0,1.0,1.0,True,MET_SHORT,1.3.6.1.4.1.14519.5.2.1.6279.6001.156821379677057223126714881626.raw,72351744,72351744,0,810,811
1.3.6.1.4.1.14519.5.2.1.6279.6001.161855583909753609742728521805,4,512,512,260,0.78125,0.78125,1.0,-215.70473,-47.4094601,-726.699951,1.0,1.0,1.0,True,MET_SHORT,1.3.6.1.4.1.14519.5.2.1.6279.6001.161855583909753609742728521805.raw,136314880,136314880,5,813,1119
1.3.6.1.4.1.14519.5.2.1.6279.6001.163931625580639955914619627409,4,512,512,477,0.703125,0.703125,0.625,-180.0,-161.300003,-277.559998,1.0,1.0,1.0,True,MET_SHORT,1.3.6.1.4.1.14519.5.2.1.6279.6001.163931625580639955914619627409.raw,250085376,250085376,0,271,282
1.3.6.1.4.1.14519.5.2.1.6279.6001.164988920331211858091402361989,4,512,512,478,0.609375,0.609375,0.699999988079071,-160.69531,-311.69531,-390.5,1.0,1.0,1.0,True,MET_SHORT,1.3.6.1.4.1.14519.5.2.1.6279.6001.164988920331211858091402361989.raw,250609664,250609664,1,759,1310
1.3.6.1.4.1.14519.5.2.1.6279.6001.173101104804533997398137418032,4,512,512,538,0.703125,0.703125,0.625,-174.300003,-180.0,-288.5,1.0,1.0,1.0,True,MET_SHORT,1.3.6.1.4.1.14519.5.2.1.6279.6001.173101104804533997398137418032.raw,282066944,282066944,3,918,1322
1.3.6.1.4.1.14519.5.2.1.6279.6001.177252583002664900748714851615,4,512,512,225,0.78125,0.78125,1.25,180.699997,200.0,-335.190002,-1.0,-1.0,1.0,True,MET_SHORT,1.3.6.1.4.1.14519.5.2.1.6279.6001.177252583002664900748714851615.raw,117964800,117964800,1,404,306
1.3.6.1.4.1.14519.5.2.1.6279.6001.178680586845223339579041794709,4,512,512,133,0.703125,0.703125,2.5,-193.4,-174.8,-340.5,1.0,1.0,1.0,True,MET_SHORT,1.3.6.1.4.1.14519.5.2.1.6279.6001.178680586845223339579041794709.raw,69730304,69730304,1,509,868
1.3.6.1.4.1.14519.5.2.1.6279.6001.185226274332527104841463955058,4,512,512,240,0.7910159826278687,0.7910159826278687,1.25,-222.199997,-202.5,-309.75,0.9999999999999999,0.9999999999999999,1.0,True,MET_SHORT,1.3.6.1.4.1.14519.5.2.1.6279.6001.185226274332527104841463955058.raw,125829120,125829120,2,1154,1542
1.3.6.1.4.1.14519.5.2.1.6279.6001.189483585244687808087477024767,4,512,512,251,0.8203120231628418,0.8203120231628418,1.25,-218.300003,-210.0,-369.25,1.0,1.0,1.0,True,MET_SHORT,1.3.6.1.4.1.14519.5.2.1.6279.6001.189483585244687808087477024767.raw,131596288,131596288,2,336,757
1.3.6.1.4.1.14519.5.2.1.6279.6001.198698492013538481395497694975,4,512,512,149,0.78125,0.78125,2.5,-199.5,-200.0,-399.5,1.0,1.0,1.0,True,MET_SHORT,1.3.6.1.4.1.14519.5.2.1.6279.6001.198698492013538481395497694975.raw,78118912,78118912,3,521,748
1.3.6.1.4.1.14519.5.2.1.6279.6001.200837896655745926888305239398,4,512,512,238,0.703125,0.703125,1.25,-168.600006,-180.0,-325.829987,1.0,1.0,1.0,True,MET_SHORT,1.3.6.1.4.1.14519.5.2.1.6279.6001.200837896655745926888305239398.raw,124780544,124780544,0,860,884
1.3.6.1.4.1.14519.5.2.1.6279.6001.202643836890896697853521610450,4,512,512,164,0.5273439884185791,0.5273439884185791,2.0,-149.0,-135.0,-298.399994,1.0,1.0,1.0,True,MET_SHORT,1.3.6.1.4.1.14519.5.2.1.6279.6001.202643836890896697853521610450.raw,85983232,85983232,1,475,681
1.3.6.1.4.1.14519.5.2.1.6279.6001.203179378754043776171267611064,4,512,512,123,0.5878909826278687,0.5878909826278687,2.5,-164.600006,-144.800003,-305.0,0.9999999999999999,0.9999999999999999,1.0,True,MET_SHORT,1.3.6.1.4.1.14519.5.2.1.6279.6001.203179378754043776171267611064.raw,64487424,64487424,0,565,570
1.3.6.1.4.1.14519.5.2.1.6279.6001.204802250386343794613980417281,4,512,512,348,0.634765625,0.634765625,1.0,-164.1826171875,-319.1826171875,-372.0,1.0,1.0,1.0,True,MET_SHORT,1.3.6.1.4.1.14519.5.2.1.6279.6001.204802250386343794613980417281.raw,182452224,182452224,1,446,651
1.3.6.1.4.1.14519.5.2.1.6279.6001.205993750485568250373835565680,4,512,512,268,0.5683590173721313,0.5683590173721313,1.25,-162.699997,-145.5,-338.51001,1.0,1.0,1.0,True,MET_SHORT,1.3.6.1.4.1.14519.5.2.1.6279.6001.205993750485568250373835565680.raw,140509184,140509184,3,344,720
1.3.6.1.4.1.14519.5.2.1.6279.6001.209269973797560820442292189762,4,512,512,423,0.6640620231628418,0.6640620231628418,0.625,-174.699997,-147.100006,-250.740005,1.0,1.0,1.0,True,MET_SHORT,1.3.6.1.4.1.14519.5.2.1.6279.6001.209269973797560820442292189762.raw,221773824,221773824,0,880,893
1.3.6.1.4.1.14519.5.2.1.6279.6001.211051626197585058967163339846,4,512,512,175,0.5078125,0.5078125,1.7999999523162842,-125.74609,-262.74609,-316.2,1.0,1.0,1.0,True,MET_SHORT,1.3.6.1.4.1.14519.5.2.1.6279.6001.211051626197585058967163339846.raw,91750400,91750400,1,558,879
1.3.6.1.4.1.14519.5.2.1.6279.6001.211071908915618528829547301883,4,512,512,559,0.69140625,0.69140625,0.699999988079071,-180.6543,-375.6543,-442.5,1.0,1.0,1.0,True,MET_SHORT,1.3.6.1.4.1.14519.5.2.1.6279.6001.211071908915618528829547301883.raw,293076992,293076992,0,603,602
1.3.6.1.4.1.14519.5.2.1.6279.6001.211956804948320236390242845468,4,512,512,350,0.6796875,0.6796875,1.0,-162.0,18.0,-802.099976,1.0,1.0,1.0,True,MET_SHORT,1.3.6.1.4.1.14519.5.2.1.6279.6001.211956804948320236390242845468.raw,183500800,183500800,3,1025,1643
1.3.6.1.4.1.14519.5.2.1.6279.6001.214800939017429618305208626314,4,512,512,189,0.6640625,0.6640625,1.7999999523162842,-177.66796875,-340.66796875,-382.4,1.0,1.0,1.0,True,MET_SHORT,1.3.6.1.4.1.14519.5.2.1.6279.6001.214800939017429618305208626314.raw,99090432,99090432,6,298,673
1.3.6.1.4.1.14519.5.2.1.6279.6001.216252660192313507027754194207,4,512,512,268,0.5390625,0.5390625,1.0,-107.0,55.0,-649.5,1.0,1.0,1.0,True,MET_SHORT,1.3.6.1.4.1.14519.5.2.1.6279.6001.216252660192313507027754194207.raw,140509184,140509184,2,993,1169
1.3.6.1.4.1.14519.5.2.1.6279.6001.218476624578721885561483687176,4,512,512,247,0.703125,0.703125,1.25,-174.800003,-198.199997,-243.270004,1.0,1.0,1.0,True,MET_SHORT,1.3.6.1.4.1.14519.5.2.1.6279.6001.218476624578721885561483687176.raw,129499136,129499136,2,763,1135
1.3.6.1.4.1.14519.5.2.1.6279.6001.228511122591230092662900221600,4,512,512,244,0.78125,0.78125,1.25,-231.0,-200.0,-370.0,1.0,1.0,1.0,True,MET_SHORT,1.3.6.1.4.1.14519.5.2.1.6279.6001.228511122591230092662900221600.raw,127926272,127926272,3,416,962
1.3.6.1.4.1.14519.5.2.1.6279.6001.230416590143922549745658357505,4,512,512,338,0.5859375,0.5859375,1.0,-142.70703125,-299.70703125,-344.6,1.0,1.0,1.0,True,MET_SHORT,1.3.6.1.4.1.14519.5.2.1.6279.6001.230416590143922549745658357505.raw,177209344,177209344,2,747,1432
1.3.6.1.4.1.14519.5.2.1.6279.6001.232011770495640253949434620907,4,512,512,166,0.703125,0.703125,2.0,-204.5,-183.100006,-299.070007,1.0,1.0,1.0,True,MET_SHORT,1.3.6.1.4.1.14519.5.2.1.6279.6001.232011770495640253949434620907.raw,87031808,87031808,0,1068,1074
1.3.6.1.4.1.14519.5.2.1.6279.6001.232058316950007760548968840196,4,512,512,271,0.703125,0.703125,1.25,-162.399994,-205.0,-346.0,1.0,1.0,1.0,True,MET_SHORT,1.3.6.1.4.1.14519.5.2.1.6279.6001.232058316950007760548968840196.raw,142082048,142082048,0,300,307
1.3.6.1.4.1.14519.5.2.1.6279.6001.242761658169703141430370511586,4,512,512,149,0.7421879768371582,0.7421879768371582,2.5,-194.100006,-165.199997,-404.75,1.0,1.0,1.0,True,MET_SHORT,1.3.6.1.4.1.14519.5.2.1.6279.6001.242761658169703141430370511586.raw,78118912,78118912,1,717,1440
1.3.6.1.4.1.14519.5.2.1.6279.6001.244590453955380448651329424024,4,512,512,421,0.66796875,0.66796875,0.699999988079071,-164.66602,-353.66602,-385.0,1.0,1.0,1.0,True,MET_SHORT,1.3.6.1.4.1.14519.5.2.1.6279.6001.244590453955380448651329424024.raw,220725248,220725248,1,441,790
1.3.6.1.4.1.14519.5.2.1.6279.6001.248357157975955379661896491341,4,512,512,117,0.703125,0.703125,2.5,-183.2,-180.0,-315.25,1.0,1.0,1.0,True,MET_SHORT,1.3.6.1.4.1.14519.5.2.1.6279.6001.248357157975955379661896491341.raw,61341696,61341696,1,418,745
1.3.6.1.4.1.14519.5.2.1.6279.6001.252358625003143649770119512644,4,512,512,503,0.703125,0.703125,0.625,-188.800003,-180.0,-318.505005,1.0,1.0,1.0,True,MET_SHORT,1.3.6.1.4.1.14519.5.2.1.6279.6001.252358625003143649770119512644.raw,263716864,263716864,1,465,860
1.3.6.1.4.1.14519.5.2.1.6279.6001.259123825760999546551970425757,4,512,512,275,0.724609375,0.724609375,1.0,-194.605842,-64.1392937,-591.0,1.0,1.0,1.0,True,MET_SHORT,1.3.6.1.4.1.14519.5.2.1.6279.6001.259123825760999546551970425757.raw,144179200,144179200,5,294,582
1.3.6.1.4.1.14519.5.2.1.6279.6001.261678072503577216586082745513,4,512,512,179,0.68359375,0.68359375,1.7999999523162842,-182.658203125,-352.658203125,-357.9,1.0,1.0,1.0,True,MET_SHORT,1.3.6.1.4.1.14519.5.2.1.6279.6001.261678072503577216586082745513.raw,93847552,93847552,0,475,475
1.3.6.1.4.1.14519.5.2.1.6279.6001.265775376735520890308424143898,4,512,512,300,0.63671875,0.63671875,1.0,-145.038595,-30.7003365,-864.900024,1.0,1.0,1.0,True,MET_SHORT,1.3.6.1.4.1.14519.5.2.1.6279.6001.265775376735520890308424143898.raw,157286400,157286400,3,515,950
1.3.6.1.4.1.14519.5.2.1.6279.6001.265960756233787099041040311282,4,512,512,535,0.6640620231628418,0.6640620231628418,0.625,-174.699997,-153.399994,-334.75,1.0,1.0,1.0,True,MET_SHORT,1.3.6.1.4.1.14519.5.2.1.6279.6001.265960756233787099041040311282.raw,280494080,280494080,1,567,1051
1.3.6.1.4.1.14519.5.2.1.6279.6001.268992195564407418480563388746,4,512,512,133,0.703125,0.703125,2.5,-180.0,-180.0,-386.0,1.0,1.0,1.0,True,MET_SHORT,1.3.6.1.4.1.14519.5.2.1.6279.6001.268992195564407418480563388746.raw,69730304,69730304,1,998,1158
1.3.6.1.4.1.14519.5.2.1.6279.6001.270215889102603268207599305185,4,512,512,564,0.703125,0.703125,0.625,-186.199997,-180.0,-349.019989,1.0,1.0,1.0,True,MET_SHORT,1.3.6.1.4.1.14519.5.2.1.6279.6001.270215889102603268207599305185.raw,295698432,295698432,1,641,1017
1.3.6.1.4.1.14519.5.2.1.6279.6001.276710697414087561012670296643,4,512,512,223,0.78125,0.78125,1.25,-193.300003,-200.0,-289.0,1.0,1.0,1.0,True,MET_SHORT,1.3.6.1.4.1.14519.5.2.1.6279.6001.276710697414087561012670296643.raw,116916224,116916224,1,280,807
1.3.6.1.4.1.14519.5.2.1.6279.6001.287560874054243719452635194040,4,512,512,127,0.703125,0.703125,2.5,-187.199997,-155.199997,-306.75,1.0,1.0,1.0,True,MET_SHORT,1.3.6.1.4.1.14519.5.2.1.6279.6001.287560874054243719452635194040.raw,66584576,66584576,1,818,959
1.3.6.1.4.1.14519.5.2.1.6279.6001.300146276266881736689307479986,4,512,512,171,0.546875,0.546875,1.7999999523162842,-124.7265625,-279.7265625,-343.0,1.0,1.0,1.0,True,MET_SHORT,1.3.6.1.4.1.14519.5.2.1.6279.6001.300146276266881736689307479986.raw,89653248,89653248,2,757,893
1.3.6.1.4.1.14519.5.2.1.6279.6001.303865116731361029078599241306,4,512,512,122,0.5234379768371582,0.5234379768371582,2.5,-144.399994,-124.0,-332.5,1.0,1.0,1.0,True,MET_SHORT,1.3.6.1.4.1.14519.5.2.1.6279.6001.303865116731361029078599241306.raw,63963136,63963136,0,801,805
1.3.6.1.4.1.14519.5.2.1.6279.6001.304676828064484590312919543151,4,512,512,273,0.703125,0.703125,1.25,-174.800003,-205.899994,-347.5,1.0,1.0,1.0,True,MET_SHORT,1.3.6.1.4.1.14519.5.2.1.6279.6001.304676828064484590312919543151.raw,143130624,143130624,0,433,447
1.3.6.1.4.1.14519.5.2.1.6279.6001.304700823314998198591652152637,4,512,512,198,0.6640625,0.6640625,1.7999999523162842,-171.66796875,-318.66796875,-395.1,1.0,1.0,1.0,True,MET_SHORT,1.3.6.1.4.1.14519.5.2.1.6279.6001.304700823314998198591652152637.raw,103809024,103809024,1,430,710
1.3.6.1.4.1.14519.5.2.1.6279.6001.307835307280028057486413359377,4,512,512,133,0.8203120231628418,0.8203120231628418,2.5,-211.0,-210.0,-325.5,1.0,1.0,1.0,True,MET_SHORT,1.3.6.1.4.1.14519.5.2.1.6279.6001.307835307280028057486413359377.raw,69730304,69730304,1,787,1022
1.3.6.1.4.1.14519.5.2.1.6279.6001.312704771348460502013249647868,4,512,512,249,0.8046879768371582,0.8046879768371582,1.25,-215.800003,-167.699997,-306.75,0.9999999999999999,0.9999999999999999,1.0,True,MET_SHORT,1.3.6.1.4.1.14519.5.2.1.6279.6001.312704771348460502013249647868.raw,130547712,130547712,3,870,1245
1.3.6.1.4.1.14519.5.2.1.6279.6001.316393351033132458296975008261,4,512,512,238,0.8984379768371582,0.8984379768371582,1.25,-229.0,-215.0,-297.75,1.0,1.0,1.0,True,MET_SHORT,1.3.6.1.4.1.14519.5.2.1.6279.6001.316393351033132458296975008261.raw,124780544,124780544,0,324,367
1.3.6.1.4.1.14519.5.2.1.6279.6001.320111824803959660037459294083,4,512,512,116,0.703125,0.703125,2.5,-170.2,-180.0,-284.25,1.0,1.0,1.0,True,MET_SHORT,1.3.6.1.4.1.14519.5.2.1.6279.6001.320111824803959660037459294083.raw,60817408,60817408,1,793,966
1.3.6.1.4.1.14519.5.2.1.6279.6001.320967206808467952819309001585,4,512,512,133,0.703125,0.703125,2.5,-180.0,-180.0,-355.25,1.0,1.0,1.0,True,MET_SHORT,1.3.6.1.4.1.14519.5.2.1.6279.6001.320967206808467952819309001585.raw,69730304,69730304,0,783,792
1.3.6.1.4.1.14519.5.2.1.6279.6001.329326052298830421573852261436,4,512,512,116,0.6054689884185791,0.6054689884185791,2.5,-156.0,-150.300003,-326.51001,1.0,1.0,1.0,True,MET_SHORT,1.3.6.1.4.1.14519.5.2.1.6279.6001.329326052298830421573852261436.raw,60817408,60817408,0,453,461
1.3.6.1.4.1.14519.5.2.1.6279.6001.330425234131526435132846006585,4,512,512,305,0.8066409826278687,0.8066409826278687,1.25,-211.100006,-226.5,-385.0,1.0,1.0,1.0,True,MET_SHORT,1.3.6.1.4.1.14519.5.2.1.6279.6001.330425234131526435132846006585.raw,159907840,159907840,0,470,482
1.3.6.1.4.1.14519.5.2.1.6279.6001.333319057944372470283038483725,4,512,512,242,0.7871090173721313,0.7871090173721313,1.25,-215.5,-233.100006,-304.0,1.0,1.0,1.0,True,MET_SHORT,1.3.6.1.4.1.14519.5.2.1.6279.6001.333319057944372470283038483725.raw,126877696,126877696,0,196,208
1.3.6.1.4.1.14519.5.2.1.6279.6001.337845202462615014431060697507,4,512,512,127,0.703125,0.703125,2.5,-180.0,-195.0,-351.0,1.0,1.0,1.0,True,MET_SHORT,1.3.6.1.4.1.14519.5.2.1.6279.6001.337845202462615014431060697507.raw,66584576,66584576,1,744,1029
1.3.6.1.4.1.14519.5.2.1.6279.6001.339546614783708685476232944897,4,512,512,109,0.703125,0.703125,2.5,-185.699997,-160.300003,-295.5,1.0,1.0,1.0,True,MET_SHORT,1.3.6.1.4.1.14519.5.2.1.6279.6001.339546614783708685476232944897.raw,57147392,57147392,1,614,870
1.3.6.1.4.1.14519.5.2.1.6279.6001.385151742584074711135621089321,4,512,512,170,0.7421879768371582,0.7421879768371582,2.0,-209.800003,-193.600006,-324.200012,1.0,1.0,1.0,True,MET_SHORT,1.3.6.1.4.1.14519.5.2.1.6279.6001.385151742584074711135621089321.raw,89128960,89128960,0,964,975
1.3.6.1.4.1.14519.5.2.1.6279.6001.390009458146468860187238398197,4,512,512,264,0.6640620231628418,0.6640620231628418,1.25,-156.5,-192.800003,-328.75,1.0,1.0,1.0,True,MET_SHORT,1.3.6.1.4.1.14519.5.2.1.6279.6001.390009458146468860187238398197.raw,138412032,138412032,0,395,410
1.3.6.1.4.1.14519.5.2.1.6279.6001.390513733720659266816639651938,4,512,512,236,0.703125,0.703125,1.25,-182.600006,-180.0,-304.5,1.0,1.0,1.0,True,MET_SHORT,1.3.6.1.4.1.14519.5.2.1.6279.6001.390513733720659266816639651938.raw,123731968,123731968,1,286,633
1.3.6.1.4.1.14519.5.2.1.6279.6001.401389720232123950202941034290,4,512,512,381,0.625,0.625,0.625,-156.899994,-153.199997,-276.399994,1.0,1.0,1.0,True,MET_SHORT,1.3.6.1.4.1.14519.5.2.1.6279.6001.401389720232123950202941034290.raw,199753728,199753728,1,839,1045
1.3.6.1.4.1.14519.5.2.1.6279.6001.419601611032172899567156073142,4,512,512,254,0.6582030057907104,0.6582030057907104,1.25,-180.0,-177.399994,-343.369995,1.0,1.0,1.0,True,MET_SHORT,1.3.6.1.4.1.14519.5.2.1.6279.6001.419601611032172899567156073142.raw,133169152,133169152,1,468,859
1.3.6.1.4.1.14519.5.2.1.6279.6001.428038562098395445838061018440,4,512,512,539,0.55078125,0.55078125,0.699999988079071,-132.72461,-274.72461,1014.5,1.0,1.0,1.0,True,MET_SHORT,1.3.6.1.4.1.14519.5.2.1.6279.6001.428038562098395445838061018440.raw,282591232,282591232,0,774,772
1.3.6.1.4.1.14519.5.2.1.6279.6001.438308540025607517017949816111,4,512,512,142,0.8203120231628418,0.8203120231628418,2.5,-236.9,-197.1,-364.5,1.0,1.0,1.0,True,MET_SHORT,1.3.6.1.4.1.14519.5.2.1.6279.6001.438308540025607517017949816111.raw,74448896,74448896,2,546,726
1.3.6.1.4.1.14519.5.2.1.6279.6001.449254134266555649028108149727,4,512,512,138,0.625,0.625,2.5,-158.399994,-170.0,-350.0,1.0,1.0,1.0,True,MET_SHORT,1.3.6.1.4.1.14519.5.2.1.6279.6001.449254134266555649028108149727.raw,72351744,72351744,0,926,928
1.3.6.1.4.1.14519.5.2.1.6279.6001.463214953282361219537913355115,4,512,512,115,0.703125,0.703125,2.5,-180.0,-140.100006,-337.0,1.0,1.0,1.0,True,MET_SHORT,1.3.6.1.4.1.14519.5.2.1.6279.6001.463214953282361219537913355115.raw,60293120,60293120,1,1244,1478
1.3.6.1.4.1.14519.5.2.1.6279.6001.584871944187559733312703328980,4,512,512,237,0.5625,0.5625,1.25,-142.199997,-127.900002,-305.410004,1.0,1.0,1.0,True,MET_SHORT,1.3.6.1.4.1.14519.5.2.1.6279.6001.584871944187559733312703328980.raw,124256256,124256256,1,551,822
1.3.6.1.4.1.14519.5.2.1.6279.6001.631047517458234322522264161877,4,512,512,275,0.703125,0.703125,1.25,-186.199997,-179.5,-350.410004,1.0,1.0,1.0,True,MET_SHORT,1.3.6.1.4.1.14519.5.2.1.6279.6001.631047517458234322522264161877.raw,144179200,144179200,1,349,1005
1.3.6.1.4.1.14519.5.2.1.6279.6001.670107649586205629860363487713,4,512,512,240,0.5859379768371582,0.5859379768371582,1.25,-139.100006,-150.0,-329.200012,1.0,1.0,1.0,True,MET_SHORT,1.3.6.1.4.1.14519.5.2.1.6279.6001.670107649586205629860363487713.raw,125829120,125829120,1,400,700
1.3.6.1.4.1.14519.5.2.1.6279.6001.741709061958490690246385302477,4,512,512,133,0.7421879768371582,0.7421879768371582,2.5,-180.199997,-190.0,-377.5,1.0,1.0,1.0,True,MET_SHORT,1.3.6.1.4.1.14519.5.2.1.6279.6001.741709061958490690246385302477.raw,69730304,69730304,2,862,1078
1.3.6.1.4.1.14519.5.2.1.6279.6001.779493719385047675154892222907,4,512,512,133,0.9375,0.9375,2.5,-225.0,-240.0,-333.25,1.0,1.0,1.0,True,MET_SHORT,1.3.6.1.4.1.14519.5.2.1.6279.6001.779493719385047675154892222907.raw,69730304,69730304,2,1060,1377
1.3.6.1.4.1.14519.5.2.1.6279.6001.780558315515979171413904604168,4,512,512,360,0.666015625,0.666015625,1.0,-187.1669921875,-310.1669921875,-376.0,1.0,1.0,1.0,True,MET_SHORT,1.3.6.1.4.1.14519.5.2.1.6279.6001.780558315515979171413904604168.raw,188743680,188743680,1,593,1109
1.3.6.1.4.1.14519.5.2.1.6279.6001.797637294244261543517154417124,4,512,512,244,0.59375,0.59375,1.25,-126.0,-152.0,-333.730011,1.0,1.0,1.0,True,MET_SHORT,1.3.6.1.4.1.14519.5.2.1.6279.6001.797637294244261543517154417124.raw,127926272,127926272,1,503,889
1.3.6.1.4.1.14519.5.2.1.6279.6001.799582546798528864710752164515,4,512,512,529,0.6640620231628418,0.6640620231628418,0.625,-177.300003,-170.0,-296.130005,1.0,1.0,0.9999999999999999,True,MET_SHORT,1.3.6.1.4.1.14519.5.2.1.6279.6001.799582546798528864710752164515.raw,277348352,277348352,1,644,1054
1.3.6.1.4.1.14519.5.2.1.6279.6001.811825890493256320617655474043,4,512,512,122,0.5703120231628418,0.5703120231628418,2.5,-155.899994,-146.0,-341.98999,1.0,1.0,1.0,True,MET_SHORT,1.3.6.1.4.1.14519.5.2.1.6279.6001.811825890493256320617655474043.raw,63963136,63963136,0,489,489
1.3.6.1.4.1.14519.5.2.1.6279.6001.826829446346820089862659555750,4,512,512,133,0.6640620231628418,0.6640620231628418,2.5,-180.899994,-170.0,-350.0,1.0,1.0,1.0,True,MET_SHORT,1.3.6.1.4.1.14519.5.2.1.6279.6001.826829446346820089862659555750.raw,69730304,69730304,6,390,915
1.3.6.1.4.1.14519.5.2.1.6279.6001.885168397833922082085837240429,4,512,512,259,0.703125,0.703125,1.25,-179.0,-147.899994,-330.0,1.0,1.0,1.0,True,MET_SHORT,1.3.6.1.4.1.14519.5.2.1.6279.6001.885168397833922082085837240429.raw,135790592,135790592,0,228,234
1.3.6.1.4.1.14519.5.2.1.6279.6001.897684031374557757145405000951,4,512,512,235,0.802734375,0.802734375,1.0,-207.449366,-94.8734169,-845.700012,1.0,1.0,1.0,True,MET_SHORT,1.3.6.1.4.1.14519.5.2.1.6279.6001.897684031374557757145405000951.raw,123207680,123207680,5,933,1655
1.3.6.1.4.1.14519.5.2.1.6279.6001.910435939545691201820711078950,4,512,512,133,0.6640620231628418,0.6640620231628418,2.5,-170.0,-156.5,-359.5,1.0,1.0,1.0,True,MET_SHORT,1.3.6.1.4.1.14519.5.2.1.6279.6001.910435939545691201820711078950.raw,69730304,69730304,7,874,1038
1.3.6.1.4.1.14519.5.2.1.6279.6001.100332161840553388986847034053,5,512,512,481,0.703125,0.703125,0.625,-176.899994,-180.0,-268.119995,1.0,1.0,1.0,True,MET_SHORT,1.3.6.1.4.1.14519.5.2.1.6279.6001.100332161840553388986847034053.raw,252182528,252182528,0,490,496
1.3.6.1.4.1.14519.5.2.1.6279.6001.100398138793540579077826395208,5,512,512,157,0.625,0.625,1.7999999523162842,-170.6875,-309.6875,716.7,1.0,1.0,1.0,True,MET_SHORT,1.3.6.1.4.1.14519.5.2.1.6279.6001.100398138793540579077826395208.raw,82313216,82313216,1,959,1135
1.3.6.1.4.1.14519.5.2.1.6279.6001.101228986346984399347858840086,5,512,512,257,0.7871090173721313,0.7871090173721313,1.25,-186.5,-226.5,-345.0,1.0,1.0,1.0,True,MET_SHORT,1.3.6.1.4.1.14519.5.2.1.6279.6001.101228986346984399347858840086.raw,134742016,134742016,0,397,399
1.3.6.1.4.1.14519.5.2.1.6279.6001.106419850406056634877579573537,5,512,512,132,0.7519530057907104,0.7519530057907104,2.5,-205.0,-171.699997,-370.100006,1.0,1.0,1.0,True,MET_SHORT,1.3.6.1.4.1.14519.5.2.1.6279.6001.106419850406056634877579573537.raw,69206016,69206016,0,688,690
1.3.6.1.4.1.14519.5.2.1.6279.6001.110678335949765929063942738609,5,512,512,633,0.541015625,0.541015625,0.5,-139.2294921875,-268.2294921875,-344.5,1.0,1.0,1.0,True,MET_SHORT,1.3.6.1.4.1.14519.5.2.1.6279.6001.110678335949765929063942738609.raw,331874304,331874304,1,823,1230
1.3.6.1.4.1.14519.5.2.1.6279.6001.111258527162678142285870245028,5,512,512,253,0.625,0.625,1.25,-185.399994,-183.800003,-314.75,1.0,1.0,1.0,True,MET_SHORT,1.3.6.1.4.1.14519.5.2.1.6279.6001.111258527162678142285870245028.raw,132644864,132644864,2,245,691
1.3.6.1.4.1.14519.5.2.1.6279.6001.111780708132595903430640048766,5,512,512,348,0.703125,0.703125,1.0,-179.6484375,-321.6484375,-386.0,1.0,1.0,1.0,True,MET_SHORT,1.3.6.1.4.1.14519.5.2.1.6279.6001.111780708132595903430640048766.raw,182452224,182452224,0,232,253
1.3.6.1.4.1.14519.5.2.1.6279.6001.112740418331256326754121315800,5,512,512,149,0.78125,0.78125,2.5,-212.899994,-218.600006,-383.75,1.0,1.0,1.0,True,MET_SHORT,1.3.6.1.4.1.14519.5.2.1.6279.6001.112740418331256326754121315800.raw,78118912,78118912,2,911,1105
1.3.6.1.4.1.14519.5.2.1.6279.6001.118140393257625250121502185026,5,512,512,193,0.703125,0.703125,1.7999999523162842,-190.64844,-335.64844,-415.6,1.0,1.0,1.0,True,MET_SHORT,1.3.6.1.4.1.14519.5.2.1.6279.6001.118140393257625250121502185026.raw,101187584,101187584,3,381,799
1.3.6.1.4.1.14519.5.2.1.6279.6001.120196332569034738680965284519,5,512,512,133,0.7617189884185791,0.7617189884185791,2.5,-195.0,-206.5,-364.049988,1.0,1.0,0.9999999999999999,True,MET_SHORT,1.3.6.1.4.1.14519.5.2.1.6279.6001.120196332569034738680965284519.raw,69730304,69730304,0,570,580
1.3.6.1.4.1.14519.5.2.1.6279.6001.129567032250534530765928856531,5,512,512,401,0.625,0.625,0.625,-151.100006,-160.0,-265.679993,1.0,1.0,1.0,True,MET_SHORT,1.3.6.1.4.1.14519.5.2.1.6279.6001.129567032250534530765928856531.raw,210239488,210239488,1,1029,1176
1.3.6.1.4.1.14519.5.2.1.6279.6001.132817748896065918417924920957,5,512,512,133,0.625,0.625,2.5,-157.399994,-165.699997,-331.5,1.0,1.0,1.0,True,MET_SHORT,1.3.6.1.4.1.14519.5.2.1.6279.6001.132817748896065918417924920957.raw,69730304,69730304,1,711,902
1.3.6.1.4.1.14519.5.2.1.6279.6001.133132722052053001903031735878,5,512,512,140,0.6054689884185791,0.6054689884185791,1.9999998807907104,-165.399994,-154.0,-261.454987,1.0,1.0,1.0,True,MET_SHORT,1.3.6.1.4.1.14519.5.2.1.6279.6001.133132722052053001903031735878.raw,73400320,73400320,0,971,971
1.3.6.1.4.1.14519.5.2.1.6279.6001.134638281277099121660656324702,5,512,512,124,0.6230469942092896,0.6230469942092896,2.5,-148.600006,-159.5,-342.980011,1.0,1.0,1.0,True,MET_SHORT,1.3.6.1.4.1.14519.5.2.1.6279.6001.134638281277099121660656324702.raw,65011712,65011712,0,719,720
1.3.6.1.4.1.14519.5.2.1.6279.6001.138894439026794145866157853158,5,512,512,235,0.625,0.625,1.25,-185.399994,-201.0,-294.5,1.0,1.0,1.0,True,MET_SHORT,1.3.6.1.4.1.14519.5.2.1.6279.6001.138894439026794145866157853158.raw,123207680,123207680,0,701,710
1.3.6.1.4.1.14519.5.2.1.6279.6001.138904664700896606480369521124,5,512,512,179,0.6640625,0.6640625,1.7999999523162842,-165.66796875,-306.66796875,-356.9,1.0,1.0,1.0,True,MET_SHORT,1.3.6.1.4.1.14519.5.2.1.6279.6001.138904664700896606480369521124.raw,93847552,93847552,3,498,874
1.3.6.1.4.1.14519.5.2.1.6279.6001.140239815496047437552471323962,5,512,512,308,0.5859375,0.5859375,1.0,-154.70703125,-318.70703125,-329.1,1.0,1.0,1.0,True,MET_SHORT,1.3.6.1.4.1.14519.5.2.1.6279.6001.140239815496047437552471323962.raw,161480704,161480704,1,425,918
1.3.6.1.4.1.14519.5.2.1.6279.6001.143410010885830403003179808334,5,512,512,133,0.78125,0.78125,2.5,-193.300003,-180.800003,-353.75,1.0,1.0,1.0,True,MET_SHORT,1.3.6.1.4.1.14519.5.2.1.6279.6001.143410010885830403003179808334.raw,69730304,69730304,0,853,858
1.3.6.1.4.1.14519.5.2.1.6279.6001.143782059748737055784173697516,5,512,512,320,0.767578125,0.767578125,1.0,-208.1162109375,-421.1162109375,-392.5,1.0,1.0,1.0,True,MET_SHORT,1.3.6.1.4.1.14519.5.2.1.6279.6001.143782059748737055784173697516.raw,167772160,167772160,0,827,847
1.3.6.1.4.1.14519.5.2.1.6279.6001.152706273988004688708784163325,5,512,512,133,0.7734379768371582,0.7734379768371582,2.5,-193.300003,-211.300003,-350.0,0.9999999999999999,0.9999999999999999,1.0,True,MET_SHORT,1.3.6.1.4.1.14519.5.2.1.6279.6001.152706273988004688708784163325.raw,69730304,69730304,0,517,521
1.3.6.1.4.1.14519.5.2.1.6279.6001.154837327827713479309898027966,5,512,512,244,0.6738280057907104,0.6738280057907104,1.25,-169.5,-172.5,-315.170013,1.0,1.0,1.0,True,MET_SHORT,1.3.6.1.4.1.14519.5.2.1.6279.6001.154837327827713479309898027966.raw,127926272,127926272,6,528,911
1.3.6.1.4.1.14519.5.2.1.6279.6001.160124400349792614505500125883,5,512,512,130,0.5957030057907104,0.5957030057907104,2.5,-165.5,-145.699997,-350.100006,1.0,1.0,1.0,True,MET_SHORT,1.3.6.1.4.1.14519.5.2.1.6279.6001.160124400349792614505500125883.raw,68157440,68157440,1,479,720
1.3.6.1.4.1.14519.5.2.1.6279.6001.160586340600816116143631200450,5,512,512,133,0.625,0.625,2.5,-150.100006,-160.0,-328.25,1.0,1.0,1.0,True,MET_SHORT,1.3.6.1.4.1.14519.5.2.1.6279.6001.160586340600816116143631200450.raw,69730304,69730304,1,546,1059
1.3.6.1.4.1.14519.5.2.1.6279.6001.162351539386551708034407968929,5,512,512,265,0.60546875,0.60546875,1.0,-154.697265625,-304.697265625,-288.0,1.0,1.0,1.0,True,MET_SHORT,1.3.6.1.4.1.14519.5.2.1.6279.6001.162351539386551708034407968929.raw,138936320,138936320,2,442,786
1.3.6.1.4.1.14519.5.2.1.6279.6001.174907798609768549012640380786,5,512,512,125,0.5859379768371582,0.5859379768371582,2.5,-148.5,-150.0,-350.850006,1.0,1.0,0.9999999999999999,True,MET_SHORT,1.3.6.1.4.1.14519.5.2.1.6279.6001.174907798609768549012640380786.raw,65536000,65536000,2,833,1056
1.3.6.1.4.1.14519.5.2.1.6279.6001.174935793360491516757154875981,5,512,512,219,0.703125,0.703125,1.7999999523162842,-184.64844,-340.64844,-408.4,1.0,1.0,1.0,True,MET_SHORT,1.3.6.1.4.1.14519.5.2.1.6279.6001.174935793360491516757154875981.raw,114819072,114819072,0,477,488
1.3.6.1.4.1.14519.5.2.1.6279.6001.176638348958425792989125209419,5,512,512,245,0.5917969942092896,0.5917969942092896,1.25,-142.100006,-151.5,-335.450012,1.0,1.0,1.0,True,MET_SHORT,1.3.6.1.4.1.14519.5.2.1.6279.6001.176638348958425792989125209419.raw,128450560,128450560,2,590,940
1.3.6.1.4.1.14519.5.2.1.6279.6001.178391668569567816549737454720,5,512,512,133,0.7421879768371582,0.7421879768371582,2.5,-184.3,-190.0,-353.25,1.0,1.0,1.0,True,MET_SHORT,1.3.6.1.4.1.14519.5.2.1.6279.6001.178391668569567816549737454720.raw,69730304,69730304,1,406,600
1.3.6.1.4.1.14519.5.2.1.6279.6001.183056151780567460322586876100,5,512,512,442,0.625,0.625,0.6249999403953552,-162.100006,-160.0,-277.484985,1.0,1.0,1.0,True,MET_SHORT,1.3.6.1.4.1.14519.5.2.1.6279.6001.183056151780567460322586876100.raw,231735296,231735296,0,934,945
1.3.6.1.4.1.14519.5.2.1.6279.6001.188265424231150847356515802868,5,512,512,149,0.7421879768371582,0.7421879768371582,2.5,-194.100006,-143.800003,-375.5,1.0,1.0,1.0,True,MET_SHORT,1.3.6.1.4.1.14519.5.2.1.6279.6001.188265424231150847356515802868.raw,78118912,78118912,1,1025,1363
1.3.6.1.4.1.14519.5.2.1.6279.6001.188484197846284733942365679565,5,512,512,133,0.8203120231628418,0.8203120231628418,2.5,-207.9,-212.6,-368.5,1.0,1.0,1.0,True,MET_SHORT,1.3.6.1.4.1.14519.5.2.1.6279.6001.188484197846284733942365679565.raw,69730304,69730304,0,879,886
1.3.6.1.4.1.14519.5.2.1.6279.6001.190144948425835566841437565646,5,512,512,240,0.6386719942092896,0.6386719942092896,1.25,-164.0,-151.0,-317.630005,1.0,1.0,1.0,True,MET_SHORT,1.3.6.1.4.1.14519.5.2.1.6279.6001.190144948425835566841437565646.raw,125829120,125829120,0,321,327
1.3.6.1.4.1.14519.5.2.1.6279.6001.194246472548954252250399902051,5,512,512,137,0.7226560115814209,0.7226560115814209,2.5,-186.300003,-185.0,-355.0,1.0,1.0,1.0,True,MET_SHORT,1.3.6.1.4.1.14519.5.2.1.6279.6001.194246472548954252250399902051.raw,71827456,71827456,1,553,836
1.3.6.1.4.1.14519.5.2.1.6279.6001.200841000324240313648595016964,5,512,512,127,0.7421879768371582,0.7421879768371582,2.5,-202.699997,-175.800003,-336.25,1.0,1.0,1.0,True,MET_SHORT,1.3.6.1.4.1.14519.5.2.1.6279.6001.200841000324240313648595016964.raw,66584576,66584576,1,734,955
1.3.6.1.4.1.14519.5.2.1.6279.6001.201890795870532056891161597218,5,512,512,487,0.703125,0.703125,0.625,-177.899994,-180.0,-292.309998,1.0,1.0,1.0,True,MET_SHORT,1.3.6.1.4.1.14519.5.2.1.6279.6001.201890795870532056891161597218.raw,255328256,255328256,0,765,774
1.3.6.1.4.1.14519.5.2.1.6279.6001.205523326998654833765855998037,5,512,512,268,0.703125,0.703125,1.25,-183.600006,-207.399994,-325.75,1.0,1.0,1.0,True,MET_SHORT,1.3.6.1.4.1.14519.5.2.1.6279.6001.205523326998654833765855998037.raw,140509184,140509184,2,348,760
1.3.6.1.4.1.14519.5.2.1.6279.6001.205615524269596458818376243313,5,512,512,474,0.7226560115814209,0.7226560115814209,0.625,-197.399994,-159.600006,-244.375,1.0,1.0,1.0,True,MET_SHORT,1.3.6.1.4.1.14519.5.2.1.6279.6001.205615524269596458818376243313.raw,248512512,248512512,0,401,404
1.3.6.1.4.1.14519.5.2.1.6279.6001.219281726101239572270900838145,5,512,512,155,0.703125,0.703125,1.9999998807907104,-186.800003,-180.0,-290.174988,1.0,1.0,1.0,True,MET_SHORT,1.3.6.1.4.1.14519.5.2.1.6279.6001.219281726101239572270900838145.raw,81264640,81264640,0,795,801
1.3.6.1.4.1.14519.5.2.1.6279.6001.219428004988664846407984058588,5,512,512,258,0.859375,0.859375,1.25,-211.699997,-199.800003,-347.0,1.0,1.0,1.0,True,MET_SHORT,1.3.6.1.4.1.14519.5.2.1.6279.6001.219428004988664846407984058588.raw,135266304,135266304,9,727,950
1.3.6.1.4.1.14519.5.2.1.6279.6001.224465398054769500989828256685,5,512,512,286,0.671875,0.671875,1.0,-185.036307,-25.457846,-855.900024,1.0,1.0,1.0,True,MET_SHORT,1.3.6.1.4.1.14519.5.2.1.6279.6001.224465398054769500989828256685.raw,149946368,149946368,4,517,987
1.3.6.1.4.1.14519.5.2.1.6279.6001.229171189693734694696158152904,5,512,512,128,0.625,0.625,2.5,-160.0,-160.0,-337.48999,1.0,1.0,1.0,True,MET_SHORT,1.3.6.1.4.1.14519.5.2.1.6279.6001.229171189693734694696158152904.raw,67108864,67108864,0,410,411
1.3.6.1.4.1.14519.5.2.1.6279.6001.234400932423244218697302970157,5,512,512,143,0.9765620231628418,0.9765620231628418,2.5,-247.4,-250.0,-352.25,1.0,1.0,1.0,True,MET_SHORT,1.3.6.1.4.1.14519.5.2.1.6279.6001.234400932423244218697302970157.raw,74973184,74973184,0,588,596
1.3.6.1.4.1.14519.5.2.1.6279.6001.238042459915048190592571019348,5,512,512,238,0.78125,0.78125,1.25,-244.600006,-221.199997,-284.5,1.0,1.0,1.0,True,MET_SHORT,1.3.6.1.4.1.14519.5.2.1.6279.6001.238042459915048190592571019348.raw,124780544,124780544,0,754,766
1.3.6.1.4.1.14519.5.2.1.6279.6001.238855414831158993232534884296,5,512,512,372,0.5859379768371582,0.5859379768371582,0.625,-148.399994,-150.0,-211.459991,1.0,1.0,1.0,True,MET_SHORT,1.3.6.1.4.1.14519.5.2.1.6279.6001.238855414831158993232534884296.raw,195035136,195035136,1,850,1077
1.3.6.1.4.1.14519.5.2.1.6279.6001.244442540088515471945035689377,5,512,512,425,0.5390625,0.5390625,0.699999988079071,-145.73047,-278.73047,-361.5,1.0,1.0,1.0,True,MET_SHORT,1.3.6.1.4.1.14519.5.2.1.6279.6001.244442540088515471945035689377.raw,222822400,222822400,1,600,916
1.3.6.1.4.1.14519.5.2.1.6279.6001.245349763807614756148761326488,5,512,512,138,0.7226560115814209,0.7226560115814209,2.5,-174.1,-156.5,-362.25,1.0,1.0,1.0,True,MET_SHORT,1.3.6.1.4.1.14519.5.2.1.6279.6001.245349763807614756148761326488.raw,72351744,72351744,0,414,428
1.3.6.1.4.1.14519.5.2.1.6279.6001.245391706475696258069508046497,5,512,512,128,0.6113280057907104,0.6113280057907104,2.5,-156.0,-143.0,-345.100006,1.0,1.0,1.0,True,MET_SHORT,1.3.6.1.4.1.14519.5.2.1.6279.6001.245391706475696258069508046497.raw,67108864,67108864,1,815,1044
1.3.6.1.4.1.14519.5.2.1.6279.6001.246225645401227472829175288633,5,512,512,335,0.623046875,0.623046875,1.0,-171.5,-67.5,1370.0,1.0,1.0,1.0,True,MET_SHORT,1.3.6.1.4.1.14519.5.2.1.6279.6001.246225645401227472829175288633.raw,175636480,175636480,1,596,863
1.3.6.1.4.1.14519.5.2.1.6279.6001.246589849815292078281051154201,5,512,512,147,0.859375,0.859375,2.5,-241.0,-219.5,-368.5,1.0,1.0,1.0,True,MET_SHORT,1.3.6.1.4.1.14519.5.2.1.6279.6001.246589849815292078281051154201.raw,77070336,77070336,0,1016,1026
1.3.6.1.4.1.14519.5.2.1.6279.6001.255999614855292116767517149228,5,512,512,137,0.78125,0.78125,2.5,-208.199997,-167.0,-357.25,1.0,1.0,1.0,True,MET_SHORT,1.3.6.1.4.1.14519.5.2.1.6279.6001.255999614855292116767517149228.raw,71827456,71827456,1,1033,1335
1.3.6.1.4.1.14519.5.2.1.6279.6001.257840703452266097926250569223,5,512,512,119,0.703125,0.703125,2.5,-171.2,-180.0,-325.0,1.0,1.0,1.0,True,MET_SHORT,1.3.6.1.4.1.14519.5.2.1.6279.6001.257840703452266097926250569223.raw,62390272,62390272,2,839,1009
1.3.6.1.4.1.14519.5.2.1.6279.6001.258220324170977900491673635112,5,512,512,465,0.5859379768371582,0.5859379768371582,0.625,-153.199997,-150.0,-301.875,1.0,1.0,1.0,True,MET_SHORT,1.3.6.1.4.1.14519.5.2.1.6279.6001.258220324170977900491673635112.raw,243793920,243793920,2,1400,1664
1.3.6.1.4.1.14519.5.2.1.6279.6001.262736997975960398949912434623,5,512,512,182,0.625,0.625,1.7999999523162842,-159.6875,-304.6875,-355.8,1.0,1.0,1.0,True,MET_SHORT,1.3.6.1.4.1.14519.5.2.1.6279.6001.262736997975960398949912434623.raw,95420416,95420416,2,623,940
1.3.6.1.4.1.14519.5.2.1.6279.6001.273525289046256012743471155680,5,512,512,280,0.80078125,0.80078125,1.0,-207.533876,-59.7241745,-747.0,1.0,1.0,1.0,True,MET_SHORT,1.3.6.1.4.1.14519.5.2.1.6279.6001.273525289046256012743471155680.raw,146800640,146800640,1,533,1011
1.3.6.1.4.1.14519.5.2.1.6279.6001.275755514659958628040305922764,5,512,512,493,0.76171875,0.76171875,0.699999988079071,-197.61914,-394.61914,-401.5,1.0,1.0,1.0,True,MET_SHORT,1.3.6.1.4.1.14519.5.2.1.6279.6001.275755514659958628040305922764.raw,258473984,258473984,5,539,1131
1.3.6.1.4.1.14519.5.2.1.6279.6001.275986221854423197884953496664,5,512,512,265,0.716796875,0.716796875,1.0,-176.485684,-55.1979237,-687.300049,1.0,1.0,1.0,True,MET_SHORT,1.3.6.1.4.1.14519.5.2.1.6279.6001.275986221854423197884953496664.raw,138936320,138936320,2,388,678
1.3.6.1.4.1.14519.5.2.1.6279.6001.285926554490515269336267972830,5,512,512,131,0.7421879768371582,0.7421879768371582,2.5,-196.300003,-197.800003,-360.209991,1.0,1.0,1.0,True,MET_SHORT,1.3.6.1.4.1.14519.5.2.1.6279.6001.285926554490515269336267972830.raw,68681728,68681728,0,537,546
1.3.6.1.4.1.14519.5.2.1.6279.6001.290135156874098366424871975734,5,512,512,141,0.703125,0.703125,2.5,-178.399994,-186.699997,-386.5,1.0,1.0,1.0,True,MET_SHORT,1.3.6.1.4.1.14519.5.2.1.6279.6001.290135156874098366424871975734.raw,73924608,73924608,5,750,945
1.3.6.1.4.1.14519.5.2.1.6279.6001.291539125579672469833850180824,5,512,512,567,0.7421879768371582,0.7421879768371582,0.625,-187.399994,-190.0,-325.75,1.0,1.0,1.0,True,MET_SHORT,1.3.6.1.4.1.14519.5.2.1.6279.6001.291539125579672469833850180824.raw,297271296,297271296,1,398,915
1.3.6.1.4.1.14519.5.2.1.6279.6001.296738183013079390785739615169,5,512,512,227,0.5859379768371582,0.5859379768371582,1.25,-148.5,-110.599998,-283.25,1.0,1.0,1.0,True,MET_SHORT,1.3.6.1.4.1.14519.5.2.1.6279.6001.296738183013079390785739615169.raw,119013376,119013376,2,353,711
1.3.6.1.4.1.14519.5.2.1.6279.6001.299476369290630280560355838785,5,512,512,285,0.7792969942092896,0.7792969942092896,1.25,-193.0,-214.600006,-154.210007,1.0,1.0,1.0,True,MET_SHORT,1.3.6.1.4.1.14519.5.2.1.6279.6001.299476369290630280560355838785.raw,149422080,149422080,2,269,714
1.3.6.1.4.1.14519.5.2.1.6279.6001.301582691063019848479942618641,5,512,512,583,0.703125,0.703125,0.625,-177.399994,-159.800003,-360.904999,1.0,1.0,1.0,True,MET_SHORT,1.3.6.1.4.1.14519.5.2.1.6279.6001.301582691063019848479942618641.raw,305659904,305659904,1,415,1157
1.3.6.1.4.1.14519.5.2.1.6279.6001.308655308958459380153492314021,5,512,512,375,0.5859375,0.5859375,1.0,-153.70703125,-296.70703125,-386.6,1.0,1.0,1.0,True,MET_SHORT,1.3.6.1.4.1.14519.5.2.1.6279.6001.308655308958459380153492314021.raw,196608000,196608000,2,596,1041
1.3.6.1.4.1.14519.5.2.1.6279.6001.309955814083231537823157605135,5,512,512,201,0.7421875,0.7421875,1.7999999523162842,-196.62891,-356.62891,-419.0,1.0,1.0,1.0,True,MET_SHORT,1.3.6.1.4.1.14519.5.2.1.6279.6001.309955814083231537823157605135.raw,105381888,105381888,0,500,507
1.3.6.1.4.1.14519.5.2.1.6279.6001.323408652979949774528873200770,5,512,512,133,0.703125,0.703125,2.5,-185.199997,-200.699997,-367.0,1.0,1.0,1.0,True,MET_SHORT,1.3.6.1.4.1.14519.5.2.1.6279.6001.323408652979949774528873200770.raw,69730304,69730304,2,399,936
1.3.6.1.4.1.14519.5.2.1.6279.6001.323899724653546164058849558431,5,512,512,429,0.703125,0.703125,0.625,-180.0,-188.300003,-279.315002,1.0,1.0,1.0,True,MET_SHORT,1.3.6.1.4.1.14519.5.2.1.6279.6001.323899724653546164058849558431.raw,224919552,224919552,2,1035,1330
1.3.6.1.4.1.14519.5.2.1.6279.6001.328695385904874796172316226975,5,512,512,487,0.5859379768371582,0.5859379768371582,0.625,-143.699997,-163.0,-295.980011,1.0,1.0,1.0,True,MET_SHORT,1.3.6.1.4.1.14519.5.2.1.6279.6001.328695385904874796172316226975.raw,255328256,255328256,0,687,698
1.3.6.1.4.1.14519.5.2.1.6279.6001.334184846571549530235084187602,5,512,512,139,0.78125,0.78125,2.5,-200.0,-215.699997,-380.119995,1.0,1.0,1.0,True,MET_SHORT,1.3.6.1.4.1.14519.5.2.1.6279.6001.334184846571549530235084187602.raw,72876032,72876032,0,548,547
1.3.6.1.4.1.14519.5.2.1.6279.6001.338104567770715523699587505022,5,512,512,513,0.5859379768371582,0.5859379768371582,0.625,-150.5,-150.0,-318.575012,1.0,1.0,0.9999999999999999,True,MET_SHORT,1.3.6.1.4.1.14519.5.2.1.6279.6001.338104567770715523699587505022.raw,268959744,268959744,2,469,797
1.3.6.1.4.1.14519.5.2.1.6279.6001.338114620394879648539943280992,5,512,512,133,0.78125,0.78125,2.5,-189.100006,-200.0,-377.5,1.0,1.0,1.0,True,MET_SHORT,1.3.6.1.4.1.14519.5.2.1.6279.6001.338114620394879648539943280992.raw,69730304,69730304,1,863,1017
1.3.6.1.4.1.14519.5.2.1.6279.6001.338875090785618956575597613546,5,512,512,127,0.6640620231628418,0.6640620231628418,2.5,-181.0,-166.899994,-342.619995,1.0,1.0,1.0,True,MET_SHORT,1.3.6.1.4.1.14519.5.2.1.6279.6001.338875090785618956575597613546.raw,66584576,66584576,6,775,1045
1.3.6.1.4.1.14519.5.2.1.6279.6001.339882192295517122002429068974,5,512,512,300,0.630859375,0.630859375,1.0,-194.587318,-320.917464,560.400024,1.0,1.0,1.0,True,MET_SHORT,1.3.6.1.4.1.14519.5.2.1.6279.6001.339882192295517122002429068974.raw,157286400,157286400,1,815,1300
1.3.6.1.4.1.14519.5.2.1.6279.6001.394470743585708729682444806008,5,512,512,327,0.546875,0.546875,1.0,-141.7265625,-304.7265625,-357.0,1.0,1.0,1.0,True,MET_SHORT,1.3.6.1.4.1.14519.5.2.1.6279.6001.394470743585708729682444806008.raw,171442176,171442176,1,536,742
1.3.6.1.4.1.14519.5.2.1.6279.6001.397202838387416555106806022938,5,512,512,214,0.703125,0.703125,1.25,-194.0,-180.0,-275.0,1.0,1.0,1.0,True,MET_SHORT,1.3.6.1.4.1.14519.5.2.1.6279.6001.397202838387416555106806022938.raw,112197632,112197632,0,65,66
1.3.6.1.4.1.14519.5.2.1.6279.6001.413896555982844732694353377538,5,512,512,154,0.6835939884185791,0.6835939884185791,1.9999998807907104,-179.699997,-175.0,-298.579987,1.0,1.0,1.0,True,MET_SHORT,1.3.6.1.4.1.14519.5.2.1.6279.6001.413896555982844732694353377538.raw,80740352,80740352,2,605,809
1.3.6.1.4.1.14519.5.2.1.6279.6001.439153572396640163898529626096,5,512,512,441,0.51953125,0.51953125,0.699999988079071,-134.74023,-271.74023,-348.5,1.0,1.0,1.0,True,MET_SHORT,1.3.6.1.4.1.14519.5.2.1.6279.6001.439153572396640163898529626096.raw,231211008,231211008,1,607,939
1.3.6.1.4.1.14519.5.2.1.6279.6001.504845428620607044098514803031,5,512,512,262,0.5859379768371582,0.5859379768371582,1.25,-142.199997,-165.0,-326.75,1.0,1.0,1.0,True,MET_SHORT,1.3.6.1.4.1.14519.5.2.1.6279.6001.504845428620607044098514803031.raw,137363456,137363456,3,367,690
1.3.6.1.4.1.14519.5.2.1.6279.6001.553241901808946577644850294647,5,512,512,127,0.6796879768371582,0.6796879768371582,2.5,-181.300003,-174.0,-333.559998,1.0,1.0,1.0,True,MET_SHORT,1.3.6.1.4.1.14519.5.2.1.6279.6001.553241901808946577644850294647.raw,66584576,66584576,0,661,665
1.3.6.1.4.1.14519.5.2.1.6279.6001.596908385953413160131451426904,5,512,512,146,0.7324219942092896,0.7324219942092896,2.5,-186.699997,-202.5,-415.309998,1.0,1.0,0.9999999999999999,True,MET_SHORT,1.3.6.1.4.1.14519.5.2.1.6279.6001.596908385953413160131451426904.raw,76546048,76546048,0,734,743
1.3.6.1.4.1.14519.5.2.1.6279.6001.627998298349675613581885874395,5,512,512,525,0.66015625,0.66015625,0.699999988079071,-176.66992,-346.66992,-412.0,1.0,1.0,1.0,True,MET_SHORT,1.3.6.1.4.1.14519.5.2.1.6279.6001.627998298349675613581885874395.raw,275251200,275251200,1,537,1233
1.3.6.1.4.1.14519.5.2.1.6279.6001.693480911433291675609148051914,5,512,512,260,0.6484375,0.6484375,1.0,-167.0,-17.0,-725.799988,1.0,1.0,1.0,True,MET_SHORT,1.3.6.1.4.1.14519.5.2.1.6279.6001.693480911433291675609148051914.raw,136314880,136314880,2,795,1070
1.3.6.1.4.1.14519.5.2.1.6279.6001.725023183844147505748475581290,5,512,512,278,0.8125,0.8125,1.0,-201.0,-82.0,-640.900024,1.0,1.0,1.0,True,MET_SHORT,1.3.6.1.4.1.14519.5.2.1.6279.6001.725023183844147505748475581290.raw,145752064,145752064,1,810,1489
1.3.6.1.4.1.14519.5.2.1.6279.6001.745109871503276594185453478952,5,512,512,154,0.6640620231628418,0.6640620231628418,2.5,-153.399994,-170.0,-406.25,1.0,1.0,1.0,True,MET_SHORT,1.3.6.1.4.1.14519.5.2.1.6279.6001.745109871503276594185453478952.raw,80740352,80740352,0,592,599
1.3.6.1.4.1.14519.5.2.1.6279.6001.750792629100457382099842515038,5,512,512,400,0.52734375,0.52734375,0.75,-131.453243,26.812973,-911.950012,1.0,1.0,1.0,True,MET_SHORT,1.3.6.1.4.1.14519.5.2.1.6279.6001.750792629100457382099842515038.raw,209715200,209715200,2,1025,1266
1.3.6.1.4.1.14519.5.2.1.6279.6001.842980983137518332429408284002,5,512,512,231,0.666015625,0.666015625,1.0,-155.855323,8.86342239,-856.299988,1.0,1.0,1.0,True,MET_SHORT,1.3.6.1.4.1.14519.5.2.1.6279.6001.842980983137518332429408284002.raw,121110528,121110528,0,437,449
1.3.6.1.4.1.14519.5.2.1.6279.6001.866845763956586959109892274084,5,512,512,109,0.5859379768371582,0.5859379768371582,2.5,-161.3,-127.0,-275.75,1.0,1.0,1.0,True,MET_SHORT,1.3.6.1.4.1.14519.5.2.1.6279.6001.866845763956586959109892274084.raw,57147392,57147392,1,755,1026
1.3.6.1.4.1.14519.5.2.1.6279.6001.910757789941076242457816491305,5,512,512,130,0.7519530057907104,0.7519530057907104,2.5,-200.800003,-200.300003,-350.23999,1.0,1.0,1.0,True,MET_SHORT,1.3.6.1.4.1.14519.5.2.1.6279.6001.910757789941076242457816491305.raw,68157440,68157440,0,902,915
1.3.6.1.4.1.14519.5.2.1.6279.6001.980362852713685276785310240144,5,512,512,452,0.703125,0.703125,0.625,-180.0,-180.0,-255.710007,1.0,1.0,1.0,True,MET_SHORT,1.3.6.1.4.1.14519.5.2.1.6279.6001.980362852713685276785310240144.raw,236978176,236978176,0,357,357
1.3.6.1.4.1.14519.5.2.1.6279.6001.986011151772797848993829243183,5,512,512,119,0.703125,0.703125,2.5,-186.699997,-180.0,-294.75,1.0,1.0,1.0,True,MET_SHORT,1.3.6.1.4.1.14519.5.2.1.6279.6001.986011151772797848993829243183.raw,62390272,62390272,0,1106,1109
1.3.6.1.4.1.14519.5.2.1.6279.6001.106630482085576298661469304872,6,512,512,140,0.625,0.625,2.5,-183.3,-160.0,-348.0,1.0,1.0,1.0,True,MET_SHORT,1.3.6.1.4.1.14519.5.2.1.6279.6001.106630482085576298661469304872.raw,73400320,73400320,1,624,1048
1.3.6.1.4.1.14519.5.2.1.6279.6001.107109359065300889765026303943,6,512,512,230,0.7324219942092896,0.7324219942092896,1.25,-187.5,-187.5,-297.5,1.0,1.0,1.0,True,MET_SHORT,1.3.6.1.4.1.14519.5.2.1.6279.6001.107109359065300889765026303943.raw,120586240,120586240,1,414,1114
1.3.6.1.4.1.14519.5.2.1.6279.6001.117040183261056772902616195387,6,512,512,315,0.830078125,0.830078125,1.0,-227.78711,-102.021482,-698.300049,0.9999999999999999,0.9999999999999999,1.0,True,MET_SHORT,1.3.6.1.4.1.14519.5.2.1.6279.6001.117040183261056772902616195387.raw,165150720,165150720,5,836,1134
1.3.6.1.4.1.14519.5.2.1.6279.6001.119209873306155771318545953948,6,512,512,519,0.6445310115814209,0.6445310115814209,0.625,-158.800003,-181.600006,-330.5,1.0,1.0,1.0,True,MET_SHORT,1.3.6.1.4.1.14519.5.2.1.6279.6001.119209873306155771318545953948.raw,272105472,272105472,2,386,704
1.3.6.1.4.1.14519.5.2.1.6279.6001.119304665257760307862874140576,6,512,512,300,0.607421875,0.607421875,1.0,-137.142494,-1.28583503,-740.799988,1.0,1.0,1.0,True,MET_SHORT,1.3.6.1.4.1.14519.5.2.1.6279.6001.119304665257760307862874140576.raw,157286400,157286400,1,310,722
1.3.6.1.4.1.14519.5.2.1.6279.6001.119515474430718803379832249911,6,512,512,209,0.625,0.625,1.7999999523162842,-181.6875,-293.6875,-405.4,1.0,1.0,1.0,True,MET_SHORT,1.3.6.1.4.1.14519.5.2.1.6279.6001.119515474430718803379832249911.raw,109576192,109576192,1,539,924
1.3.6.1.4.1.14519.5.2.1.6279.6001.120842785645314664964010792308,6,512,512,133,0.703125,0.703125,2.5,-163.399994,-180.0,-346.75,1.0,1.0,1.0,True,MET_SHORT,1.3.6.1.4.1.14519.5.2.1.6279.6001.120842785645314664964010792308.raw,69730304,69730304,0,866,869
1.3.6.1.4.1.14519.5.2.1.6279.6001.123654356399290048011621921476,6,512,512,123,0.703125,0.703125,2.5,-170.600006,-189.899994,-325.929993,1.0,1.0,1.0,True,MET_SHORT,1.3.6.1.4.1.14519.5.2.1.6279.6001.123654356399290048011621921476.raw,64487424,64487424,2,697,948
1.3.6.1.4.1.14519.5.2.1.6279.6001.129007566048223160327836686225,6,512,512,133,0.6640620231628418,0.6640620231628418,2.5,-163.300003,-170.0,-340.045013,1.0,1.0,1.0,True,MET_SHORT,1.3.6.1.4.1.14519.5.2.1.6279.6001.129007566048223160327836686225.raw,69730304,69730304,2,862,1052
1.3.6.1.4.1.14519.5.2.1.6279.6001.130765375502800983459674173881,6,512,512,120,0.5761719942092896,0.5761719942092896,2.5,-152.699997,-143.899994,-324.290009,1.0,1.0,1.0,True,MET_SHORT,1.3.6.1.4.1.14519.5.2.1.6279.6001.130765375502800983459674173881.raw,62914560,62914560,2,453,651
1.3.6.1.4.1.14519.5.2.1.6279.6001.136830368929967292376608088362,6,512,512,509,0.703125,0.703125,0.625,-180.0,-180.0,-310.359985,1.0,1.0,1.0,True,MET_SHORT,1.3.6.1.4.1.14519.5.2.1.6279.6001.136830368929967292376608088362.raw,266862592,266862592,0,580,596
1.3.6.1.4.1.14519.5.2.1.6279.6001.147325126373007278009743173696,6,512,512,239,0.5859379768371582,0.5859379768371582,1.2500001192092896,-141.100006,-150.0,-321.765015,1.0,1.0,0.9999999999999999,True,MET_SHORT,1.3.6.1.4.1.14519.5.2.1.6279.6001.147325126373007278009743173696.raw,125304832,125304832,2,480,770
1.3.6.1.4.1.14519.5.2.1.6279.6001.149893110752986700464921264055,6,512,512,375,0.625,0.625,0.625,-153.300003,-160.0,-214.75,1.0,1.0,1.0,True,MET_SHORT,1.3.6.1.4.1.14519.5.2.1.6279.6001.149893110752986700464921264055.raw,196608000,196608000,2,475,720
1.3.6.1.4.1.14519.5.2.1.6279.6001.150684298696437181894923266019,6,512,512,181,0.76171875,0.76171875,1.7999999523162842,-207.619140625,-391.619140625,-341.0,1.0,1.0,1.0,True,MET_SHORT,1.3.6.1.4.1.14519.5.2.1.6279.6001.150684298696437181894923266019.raw,94896128,94896128,1,944,1420
1.3.6.1.4.1.14519.5.2.1.6279.6001.151764021165118974848436095034,6,512,512,300,0.677734375,0.677734375,1.0,-146.458813,1.82315254,-734.900024,0.9999999999999999,0.9999999999999999,1.0,True,MET_SHORT,1.3.6.1.4.1.14519.5.2.1.6279.6001.151764021165118974848436095034.raw,157286400,157286400,4,521,999
1.3.6.1.4.1.14519.5.2.1.6279.6001.153646219551578201092527860224,6,512,512,166,0.7226560115814209,0.7226560115814209,1.9999998807907104,-192.899994,-204.800003,-291.454987,1.0,1.0,1.0,True,MET_SHORT,1.3.6.1.4.1.14519.5.2.1.6279.6001.153646219551578201092527860224.raw,87031808,87031808,1,808,1055
1.3.6.1.4.1.14519.5.2.1.6279.6001.156016499715048493339281864474,6,512,512,295,0.703125,0.703125,1.25,-180.0,-157.199997,-366.75,1.0,1.0,1.0,True,MET_SHORT,1.3.6.1.4.1.14519.5.2.1.6279.6001.156016499715048493339281864474.raw,154664960,154664960,3,570,983
1.3.6.1.4.1.14519.5.2.1.6279.6001.161067514225109999586362698069,6,512,512,245,0.8261719942092896,0.8261719942092896,1.25,-213.0,-181.5,-310.0,1.0,1.0,1.0,True,MET_SHORT,1.3.6.1.4.1.14519.5.2.1.6279.6001.161067514225109999586362698069.raw,128450560,128450560,3,643,884
1.3.6.1.4.1.14519.5.2.1.6279.6001.164790817284381538042494285101,6,512,512,162,0.5859375,0.5859375,1.7999999523162842,-163.70703,-296.70703,-321.8,1.0,1.0,1.0,True,MET_SHORT,1.3.6.1.4.1.14519.5.2.1.6279.6001.164790817284381538042494285101.raw,84934656,84934656,0,525,527
1.3.6.1.4.1.14519.5.2.1.6279.6001.167237290696350215427953159586,6,512,512,208,0.7226560115814209,0.7226560115814209,1.25,-167.100006,-185.0,-286.75,1.0,1.0,1.0,True,MET_SHORT,1.3.6.1.4.1.14519.5.2.1.6279.6001.167237290696350215427953159586.raw,109051904,109051904,2,937,1973
1.3.6.1.4.1.14519.5.2.1.6279.6001.168737928729363683423228050295,6,512,512,289,0.7636719942092896,0.7636719942092896,1.25,-210.800003,-175.5,-340.0,1.0,1.0,1.0,True,MET_SHORT,1.3.6.1.4.1.14519.5.2.1.6279.6001.168737928729363683423228050295.raw,151519232,151519232,1,1394,1828
1.3.6.1.4.1.14519.5.2.1.6279.6001.168985655485163461062675655739,6,512,512,305,0.833984375,0.833984375,1.0,-226.5,-118.5,-715.799988,1.0,1.0,1.0,True,MET_SHORT,1.3.6.1.4.1.14519.5.2.1.6279.6001.168985655485163461062675655739.raw,159907840,159907840,4,522,732
1.3.6.1.4.1.14519.5.2.1.6279.6001.170052181746004939527661217512,6,512,512,278,0.7109379768371582,0.7109379768371582,1.25,-169.5,-194.5,-361.25,1.0,1.0,1.0,True,MET_SHORT,1.3.6.1.4.1.14519.5.2.1.6279.6001.170052181746004939527661217512.raw,145752064,145752064,2,378,1080
1.3.6.1.4.1.14519.5.2.1.6279.6001.170921541362033046216100409521,6,512,512,541,0.78125,0.78125,0.625,-206.199997,-208.300003,-295.609985,1.0,1.0,1.0,True,MET_SHORT,1.3.6.1.4.1.14519.5.2.1.6279.6001.170921541362033046216100409521.raw,283639808,283639808,2,395,783
1.3.6.1.4.1.14519.5.2.1.6279.6001.171682845383273105440297561095,6,512,512,151,0.5859379768371582,0.5859379768371582,2.0,-164.100006,-150.0,-295.720001,1.0,1.0,1.0,True,MET_SHORT,1.3.6.1.4.1.14519.5.2.1.6279.6001.171682845383273105440297561095.raw,79167488,79167488,0,759,760
1.3.6.1.4.1.14519.5.2.1.6279.6001.173556680294801532247454313511,6,512,512,225,0.6230469942092896,0.6230469942092896,1.25,-157.899994,-159.5,-301.410004,1.0,1.0,1.0,True,MET_SHORT,1.3.6.1.4.1.14519.5.2.1.6279.6001.173556680294801532247454313511.raw,117964800,117964800,1,527,828
1.3.6.1.4.1.14519.5.2.1.6279.6001.174168737938619557573021395302,6,512,512,117,0.9765620231628418,0.9765620231628418,2.5,-250.0,-250.0,-310.0,1.0,1.0,1.0,True,MET_SHORT,1.3.6.1.4.1.14519.5.2.1.6279.6001.174168737938619557573021395302.raw,61341696,61341696,1,794,1171
1.3.6.1.4.1.14519.5.2.1.6279.6001.176030616406569931557298712518,6,512,512,253,0.7421879768371582,0.7421879768371582,1.25,-193.100006,-166.699997,-307.25,1.0,1.0,1.0,True,MET_SHORT,1.3.6.1.4.1.14519.5.2.1.6279.6001.176030616406569931557298712518.raw,132644864,132644864,12,793,1214
1.3.6.1.4.1.14519.5.2.1.6279.6001.177888806135892723698313903329,6,512,512,240,0.6640620231628418,0.6640620231628418,1.2500001192092896,-176.800003,-148.0,-305.890015,1.0,1.0,1.0,True,MET_SHORT,1.3.6.1.4.1.14519.5.2.1.6279.6001.177888806135892723698313903329.raw,125829120,125829120,0,896,900
1.3.6.1.4.1.14519.5.2.1.6279.6001.182798854785392200340436516930,6,512,512,210,0.703125,0.703125,1.7999999523162842,-194.64844,-363.64844,-402.2,1.0,1.0,1.0,True,MET_SHORT,1.3.6.1.4.1.14519.5.2.1.6279.6001.182798854785392200340436516930.raw,110100480,110100480,0,398,410
1.3.6.1.4.1.14519.5.2.1.6279.6001.190937805243443708408459490152,6,512,512,132,0.65625,0.65625,2.5,-176.800003,-165.899994,-347.959991,1.0,1.0,1.0,True,MET_SHORT,1.3.6.1.4.1.14519.5.2.1.6279.6001.190937805243443708408459490152.raw,69206016,69206016,0,581,589
1.3.6.1.4.1.14519.5.2.1.6279.6001.200725988589959521302320481687,6,512,512,187,0.7421875,0.7421875,1.7999999523162842,-176.62891,-362.62891,-318.8,1.0,1.0,1.0,True,MET_SHORT,1.3.6.1.4.1.14519.5.2.1.6279.6001.200725988589959521302320481687.raw,98041856,98041856,2,1222,1713
1.3.6.1.4.1.14519.5.2.1.6279.6001.221017801605543296514746423389,6,512,512,133,0.703125,0.703125,2.5,-190.9,-180.0,-327.75,1.0,1.0,1.0,True,MET_SHORT,1.3.6.1.4.1.14519.5.2.1.6279.6001.221017801605543296514746423389.raw,69730304,69730304,2,497,661
1.3.6.1.4.1.14519.5.2.1.6279.6001.226564372605239604660221582288,6,512,512,240,0.703125,0.703125,1.25,-180.0,-184.100006,-331.0,1.0,1.0,1.0,True,MET_SHORT,1.3.6.1.4.1.14519.5.2.1.6279.6001.226564372605239604660221582288.raw,125829120,125829120,0,338,344
1.3.6.1.4.1.14519.5.2.1.6279.6001.233433352108264931671753343044,6,512,512,333,0.775390625,0.775390625,1.0,-179.1123046875,-370.1123046875,-401.0,1.0,1.0,1.0,True,MET_SHORT,1.3.6.1.4.1.14519.5.2.1.6279.6001.233433352108264931671753343044.raw,174587904,174587904,3,622,1120
1.3.6.1.4.1.14519.5.2.1.6279.6001.233652865358649579816568545171,6,512,512,129,0.625,0.625,2.5,-154.0,-169.7,-325.75,1.0,1.0,1.0,True,MET_SHORT,1.3.6.1.4.1.14519.5.2.1.6279.6001.233652865358649579816568545171.raw,67633152,67633152,1,649,1014
1.3.6.1.4.1.14519.5.2.1.6279.6001.235217371152464582553341729176,6,512,512,126,0.6914060115814209,0.6914060115814209,2.5,-186.899994,-177.0,-337.23999,1.0,1.0,1.0,True,MET_SHORT,1.3.6.1.4.1.14519.5.2.1.6279.6001.235217371152464582553341729176.raw,66060288,66060288,0,589,594
1.3.6.1.4.1.14519.5.2.1.6279.6001.240630002689062442926543993263,6,512,512,131,0.546875,0.546875,2.5,-127.5,-120.0,-350.0,1.0,1.0,1.0,True,MET_SHORT,1.3.6.1.4.1.14519.5.2.1.6279.6001.240630002689062442926543993263.raw,68681728,68681728,0,642,643
1.3.6.1.4.1.14519.5.2.1.6279.6001.241717018262666382493757419144,6,512,512,257,0.8515620231628418,0.8515620231628418,1.25,-226.3,-218.0,-310.0,1.0,1.0,1.0,True,MET_SHORT,1.3.6.1.4.1.14519.5.2.1.6279.6001.241717018262666382493757419144.raw,134742016,134742016,2,317,528
1.3.6.1.4.1.14519.5.2.1.6279.6001.245248446973732759194067808002,6,512,512,500,0.703125,0.703125,0.625,-160.300003,-180.0,-339.695007,1.0,1.0,1.0,True,MET_SHORT,1.3.6.1.4.1.14519.5.2.1.6279.6001.245248446973732759194067808002.raw,262144000,262144000,1,292,516
1.3.6.1.4.1.14519.5.2.1.6279.6001.247816269490470394602288565775,6,512,512,590,0.626953125,0.626953125,0.45000001788139343,-193.5,-32.1303682,-564.400024,1.0,1.0,1.0,True,MET_SHORT,1.3.6.1.4.1.14519.5.2.1.6279.6001.247816269490470394602288565775.raw,309329920,309329920,2,555,825
1.3.6.1.4.1.14519.5.2.1.6279.6001.249450003033735700817635168066,6,512,512,193,0.546875,0.546875,1.7999999523162842,-143.7265625,-270.7265625,-383.6,1.0,1.0,1.0,True,MET_SHORT,1.3.6.1.4.1.14519.5.2.1.6279.6001.249450003033735700817635168066.raw,101187584,101187584,4,548,788
1.3.6.1.4.1.14519.5.2.1.6279.6001.251215764736737018371915284679,6,512,512,143,0.703125,0.703125,2.5,-182.100006,-169.600006,-385.5,1.0,1.0,1.0,True,MET_SHORT,1.3.6.1.4.1.14519.5.2.1.6279.6001.251215764736737018371915284679.raw,74973184,74973184,1,469,736
1.3.6.1.4.1.14519.5.2.1.6279.6001.252814707117018427472206147014,6,512,512,280,0.703125,0.703125,1.25,-165.0,-167.600006,-380.029999,1.0,1.0,1.0,True,MET_SHORT,1.3.6.1.4.1.14519.5.2.1.6279.6001.252814707117018427472206147014.raw,146800640,146800640,2,253,720
1.3.6.1.4.1.14519.5.2.1.6279.6001.254138388912084634057282064266,6,512,512,127,0.6445310115814209,0.6445310115814209,2.5,-165.0,-165.0,-320.25,1.0,1.0,1.0,True,MET_SHORT,1.3.6.1.4.1.14519.5.2.1.6279.6001.254138388912084634057282064266.raw,66584576,66584576,0,384,409
1.3.6.1.4.1.14519.5.2.1.6279.6001.254473943359963613733707320244,6,512,512,252,0.703125,0.703125,1.25,-174.300003,-180.0,-330.399994,1.0,1.0,1.0,True,MET_SHORT,1.3.6.1.4.1.14519.5.2.1.6279.6001.254473943359963613733707320244.raw,132120576,132120576,2,514,1042
1.3.6.1.4.1.14519.5.2.1.6279.6001.255409701134762680010928250229,6,512,512,149,0.625,0.625,2.0,-146.5,-166.800003,-302.165009,1.0,1.0,1.0,True,MET_SHORT,1.3.6.1.4.1.14519.5.2.1.6279.6001.255409701134762680010928250229.raw,78118912,78118912,0,502,505
1.3.6.1.4.1.14519.5.2.1.6279.6001.266009527139315622265711325223,6,512,512,239,0.7949219942092896,0.7949219942092896,1.25,-209.199997,-190.5,-333.5,1.0,1.0,1.0,True,MET_SHORT,1.3.6.1.4.1.14519.5.2.1.6279.6001.266009527139315622265711325223.raw,125304832,125304832,0,384,396
1.3.6.1.4.1.14519.5.2.1.6279.6001.270951128717816232360812849541,6,512,512,298,0.71875,0.71875,1.25,-185.600006,-194.0,-392.184998,1.0,1.0,0.9999999999999999,True,MET_SHORT,1.3.6.1.4.1.14519.5.2.1.6279.6001.270951128717816232360812849541.raw,156237824,156237824,1,356,753
1.3.6.1.4.1.14519.5.2.1.6279.6001.275849601663847251574860892603,6,512,512,350,0.54296875,0.54296875,1.0,-161.663443,49.4042416,-818.300049,1.0,1.0,1.0,True,MET_SHORT,1.3.6.1.4.1.14519.5.2.1.6279.6001.275849601663847251574860892603.raw,183500800,183500800,0,852,860
1.3.6.1.4.1.14519.5.2.1.6279.6001.277452631455527999380186898011,6,512,512,143,0.7421879768371582,0.7421879768371582,2.5,-177.100006,-207.5,-369.5,1.0,1.0,1.0,True,MET_SHORT,1.3.6.1.4.1.14519.5.2.1.6279.6001.277452631455527999380186898011.raw,74973184,74973184,1,602,801
1.3.6.1.4.1.14519.5.2.1.6279.6001.282779922503707013097174625409,6,512,512,477,0.625,0.625,0.625,-175.0,-163.100006,-282.329987,1.0,1.0,1.0,True,MET_SHORT,1.3.6.1.4.1.14519.5.2.1.6279.6001.282779922503707013097174625409.raw,250085376,250085376,2,594,932
1.3.6.1.4.1.14519.5.2.1.6279.6001.286217539434358186648717203667,6,512,512,241,0.7734379768371582,0.7734379768371582,1.25,-222.6,-208.0,-285.0,0.9999999999999999,0.9999999999999999,1.0,True,MET_SHORT,1.3.6.1.4.1.14519.5.2.1.6279.6001.286217539434358186648717203667.raw,126353408,126353408,3,220,357
1.3.6.1.4.1.14519.5.2.1.6279.6001.290410217650314119074833254861,6,512,512,261,0.9101560115814209,0.9101560115814209,1.25,-236.899994,-233.0,-325.0,1.0,1.0,1.0,True,MET_SHORT,1.3.6.1.4.1.14519.5.2.1.6279.6001.290410217650314119074833254861.raw,136839168,136839168,0,361,370
1.3.6.1.4.1.14519.5.2.1.6279.6001.292194861362266467652267941663,6,512,512,241,0.609375,0.609375,1.25,-153.399994,-152.399994,-300.0,1.0,1.0,1.0,True,MET_SHORT,1.3.6.1.4.1.14519.5.2.1.6279.6001.292194861362266467652267941663.raw,126353408,126353408,1,267,574
1.3.6.1.4.1.14519.5.2.1.6279.6001.297251044869095073091780740645,6,512,512,449,0.7421879768371582,0.7421879768371582,0.625,-190.0,-190.0,-295.700012,1.0,1.0,1.0,True,MET_SHORT,1.3.6.1.4.1.14519.5.2.1.6279.6001.297251044869095073091780740645.raw,235405312,235405312,0,987,996
1.3.6.1.4.1.14519.5.2.1.6279.6001.306558074682524259000586270818,6,512,512,465,0.5859379768371582,0.5859379768371582,0.625,-127.199997,-155.699997,-265.795013,1.0,1.0,1.0,True,MET_SHORT,1.3.6.1.4.1.14519.5.2.1.6279.6001.306558074682524259000586270818.raw,243793920,243793920,0,661,665
1.3.6.1.4.1.14519.5.2.1.6279.6001.307921770358136677021532761235,6,512,512,224,0.703125,0.703125,1.25,-181.0,-180.0,-330.5,1.0,1.0,1.0,True,MET_SHORT,1.3.6.1.4.1.14519.5.2.1.6279.6001.307921770358136677021532761235.raw,117440512,117440512,0,619,622
1.3.6.1.4.1.14519.5.2.1.6279.6001.308153138776443962077214577161,6,512,512,127,0.5859379768371582,0.5859379768371582,2.5,-140.100006,-138.5,-327.369995,1.0,1.0,1.0,True,MET_SHORT,1.3.6.1.4.1.14519.5.2.1.6279.6001.308153138776443962077214577161.raw,66584576,66584576,0,762,765
1.3.6.1.4.1.14519.5.2.1.6279.6001.309955999522338651429118207446,6,512,512,417,0.703125,0.703125,0.625,-192.5,-191.5,-250.005005,1.0,1.0,1.0,True,MET_SHORT,1.3.6.1.4.1.14519.5.2.1.6279.6001.309955999522338651429118207446.raw,218628096,218628096,7,1032,1345
1.3.6.1.4.1.14519.5.2.1.6279.6001.313756547848086902190878548835,6,512,512,481,0.703125,0.703125,0.625,-179.0,-197.100006,-340.720001,1.0,1.0,1.0,True,MET_SHORT,1.3.6.1.4.1.14519.5.2.1.6279.6001.313756547848086902190878548835.raw,252182528,252182528,0,310,317
1.3.6.1.4.1.14519.5.2.1.6279.6001.315187221221054114974341475212,6,512,512,300,0.71484375,0.71484375,1.0,-171.0,-39.0,-803.900024,1.0,1.0,1.0,True,MET_SHORT,1.3.6.1.4.1.14519.5.2.1.6279.6001.315187221221054114974341475212.raw,157286400,157286400,2,570,508
1.3.6.1.4.1.14519.5.2.1.6279.6001.315770913282450940389971401304,6,512,512,230,0.6054689884185791,0.6054689884185791,1.25,-146.699997,-145.0,-290.059998,1.0,1.0,1.0,True,MET_SHORT,1.3.6.1.4.1.14519.5.2.1.6279.6001.315770913282450940389971401304.raw,120586240,120586240,1,414,870
1.3.6.1.4.1.14519.5.2.1.6279.6001.316900421002460665752357657094,6,512,512,181,0.6445310115814209,0.6445310115814209,2.0,-170.699997,-172.800003,-339.584991,1.0,1.0,1.0,True,MET_SHORT,1.3.6.1.4.1.14519.5.2.1.6279.6001.316900421002460665752357657094.raw,94896128,94896128,2,502,840
1.3.6.1.4.1.14519.5.2.1.6279.6001.316911475886263032009840828684,6,512,512,206,0.703125,0.703125,1.7999999523162842,-167.64844,-354.64844,-401.0,1.0,1.0,1.0,True,MET_SHORT,1.3.6.1.4.1.14519.5.2.1.6279.6001.316911475886263032009840828684.raw,108003328,108003328,1,378,809
1.3.6.1.4.1.14519.5.2.1.6279.6001.321935195060268166151738328001,6,512,512,214,0.8203120231628418,0.8203120231628418,1.25,-210.0,-210.0,-290.75,1.0,1.0,1.0,True,MET_SHORT,1.3.6.1.4.1.14519.5.2.1.6279.6001.321935195060268166151738328001.raw,112197632,112197632,2,232,835
1.3.6.1.4.1.14519.5.2.1.6279.6001.329404588567903628160652715124,6,512,512,147,0.78125,0.78125,2.5,-211.199997,-200.0,-380.75,1.0,1.0,1.0,True,MET_SHORT,1.3.6.1.4.1.14519.5.2.1.6279.6001.329404588567903628160652715124.raw,77070336,77070336,2,489,761
1.3.6.1.4.1.14519.5.2.1.6279.6001.329624439086643515259182406526,6,512,512,267,0.7519530057907104,0.7519530057907104,1.25,-183.600006,-192.5,-357.720001,1.0,1.0,1.0,True,MET_SHORT,1.3.6.1.4.1.14519.5.2.1.6279.6001.329624439086643515259182406526.raw,139984896,139984896,1,764,1327
1.3.6.1.4.1.14519.5.2.1.6279.6001.330544495001617450666819906758,6,512,512,148,0.859375,0.859375,2.5,-225.7,-220.0,-404.0,1.0,1.0,1.0,True,MET_SHORT,1.3.6.1.4.1.14519.5.2.1.6279.6001.330544495001617450666819906758.raw,77594624,77594624,1,762,1039
1.3.6.1.4.1.14519.5.2.1.6279.6001.338447145504282422142824032832,6,512,512,265,0.6699219942092896,0.6699219942092896,1.25,-171.5,-152.5,-330.0,1.0,1.0,1.0,True,MET_SHORT,1.3.6.1.4.1.14519.5.2.1.6279.6001.338447145504282422142824032832.raw,138936320,138936320,1,538,815
1.3.6.1.4.1.14519.5.2.1.6279.6001.341557859428950960906150406596,6,512,512,238,0.6640620231628418,0.6640620231628418,1.25,-155.5,-170.0,-342.890015,1.0,1.0,1.0,True,MET_SHORT,1.3.6.1.4.1.14519.5.2.1.6279.6001.341557859428950960906150406596.raw,124780544,124780544,0,743,761
1.3.6.1.4.1.14519.5.2.1.6279.6001.404457313935200882843898832756,6,512,512,176,0.7421875,0.7421875,1.7999999523162842,-179.62890625,-381.62890625,-361.0,1.0,1.0,1.0,True,MET_SHORT,1.3.6.1.4.1.14519.5.2.1.6279.6001.404457313935200882843898832756.raw,92274688,92274688,1,1023,1368
1.3.6.1.4.1.14519.5.2.1.6279.6001.414288023902112119945238126594,6,512,512,258,0.703125,0.703125,1.25,168.100006,150.399994,-367.75,-1.0,-1.0,1.0,True,MET_SHORT,1.3.6.1.4.1.14519.5.2.1.6279.6001.414288023902112119945238126594.raw,135266304,135266304,0,394,378
1.3.6.1.4.1.14519.5.2.1.6279.6001.416701701108520592702405866796,6,512,512,277,0.8789060115814209,0.8789060115814209,1.25,-215.699997,-225.0,-335.0,1.0,1.0,1.0,True,MET_SHORT,1.3.6.1.4.1.14519.5.2.1.6279.6001.416701701108520592702405866796.raw,145227776,145227776,1,919,1275
1.3.6.1.4.1.14519.5.2.1.6279.6001.463588161905537526756964393219,6,512,512,468,0.625,0.625,0.625,-165.699997,-140.199997,-284.23999,1.0,1.0,1.0,True,MET_SHORT,1.3.6.1.4.1.14519.5.2.1.6279.6001.463588161905537526756964393219.raw,245366784,245366784,0,580,590
1.3.6.1.4.1.14519.5.2.1.6279.6001.465032801496479029639448332481,6,512,512,133,0.703125,0.703125,2.5,-174.8,-180.0,-338.75,1.0,1.0,1.0,True,MET_SHORT,1.3.6.1.4.1.14519.5.2.1.6279.6001.465032801496479029639448332481.raw,69730304,69730304,0,1099,1105
1.3.6.1.4.1.14519.5.2.1.6279.6001.475325201787910087416720919680,6,512,512,224,0.703125,0.703125,1.25,-174.300003,-180.0,-320.0,1.0,1.0,1.0,True,MET_SHORT,1.3.6.1.4.1.14519.5.2.1.6279.6001.475325201787910087416720919680.raw,117440512,117440512,0,274,279
1.3.6.1.4.1.14519.5.2.1.6279.6001.513023675145166449943177283490,6,512,512,137,0.78125,0.78125,2.5,-200.0,-200.0,-345.25,1.0,1.0,1.0,True,MET_SHORT,1.3.6.1.4.1.14519.5.2.1.6279.6001.513023675145166449943177283490.raw,71827456,71827456,1,813,1076
1.3.6.1.4.1.14519.5.2.1.6279.6001.561423049201987049884663740668,6,512,512,240,0.703125,0.703125,1.25,-197.600006,-180.0,-315.75,1.0,1.0,1.0,True,MET_SHORT,1.3.6.1.4.1.14519.5.2.1.6279.6001.561423049201987049884663740668.raw,125829120,125829120,0,370,381
1.3.6.1.4.1.14519.5.2.1.6279.6001.569096986145782511000054443951,6,512,512,192,0.56640625,0.56640625,1.7999999523162842,-148.716796875,-291.716796875,-341.3,1.0,1.0,1.0,True,MET_SHORT,1.3.6.1.4.1.14519.5.2.1.6279.6001.569096986145782511000054443951.raw,100663296,100663296,2,442,739
1.3.6.1.4.1.14519.5.2.1.6279.6001.618434772073433276874225174904,6,512,512,246,0.6523439884185791,0.6523439884185791,1.25,-153.699997,-175.300003,-317.190002,1.0,1.0,1.0,True,MET_SHORT,1.3.6.1.4.1.14519.5.2.1.6279.6001.618434772073433276874225174904.raw,128974848,128974848,1,553,1093
1.3.6.1.4.1.14519.5.2.1.6279.6001.652347820272212119124022644822,6,512,512,242,0.703125,0.703125,1.25,-172.199997,-180.0,-412.25,1.0,1.0,1.0,True,MET_SHORT,1.3.6.1.4.1.14519.5.2.1.6279.6001.652347820272212119124022644822.raw,126877696,126877696,1,598,2066
1.3.6.1.4.1.14519.5.2.1.6279.6001.658611160253017715059194304729,6,512,512,493,0.7421879768371582,0.7421879768371582,0.625,-188.399994,-164.600006,-268.605011,1.0,1.0,1.0,True,MET_SHORT,1.3.6.1.4.1.14519.5.2.1.6279.6001.658611160253017715059194304729.raw,258473984,258473984,2,440,933
1.3.6.1.4.1.14519.5.2.1.6279.6001.669435869708883155232318480131,6,512,512,130,0.6640620231628418,0.6640620231628418,2.5,-170.0,-170.0,-359.0,1.0,1.0,1.0,True,MET_SHORT,1.3.6.1.4.1.14519.5.2.1.6279.6001.669435869708883155232318480131.raw,68157440,68157440,1,498,897
1.3.6.1.4.1.14519.5.2.1.6279.6001.725236073737175770730904408416,6,512,512,216,0.703125,0.703125,1.25,-185.699997,-180.0,-205.470001,1.0,1.0,1.0,True,MET_SHORT,1.3.6.1.4.1.14519.5.2.1.6279.6001.725236073737175770730904408416.raw,113246208,113246208,1,391,668
1.3.6.1.4.1.14519.5.2.1.6279.6001.803987517543436570820681016103,6,512,512,538,0.60546875,0.60546875,0.699999988079071,-156.69727,-320.69727,-436.5,1.0,1.0,1.0,True,MET_SHORT,1.3.6.1.4.1.14519.5.2.1.6279.6001.803987517543436570820681016103.raw,282066944,282066944,2,703,1169
1.3.6.1.4.1.14519.5.2.1.6279.6001.877026508860018521147620598474,6,512,512,280,0.564453125,0.564453125,1.0,-152.89555,7.03481698,755.800049,1.0,1.0,1.0,True,MET_SHORT,1.3.6.1.4.1.14519.5.2.1.6279.6001.877026508860018521147620598474.raw,146800640,146800640,1,831,1191
1.3.6.1.4.1.14519.5.2.1.6279.6001.948414623428298219623354433437,6,512,512,206,0.8984379768371582,0.8984379768371582,1.25,-222.199997,-230.0,-267.5,1.0,1.0,1.0,True,MET_SHORT,1.3.6.1.4.1.14519.5.2.1.6279.6001.948414623428298219623354433437.raw,108003328,108003328,2,272,679
1.3.6.1.4.1.14519.5.2.1.6279.6001.955688628308192728558382581802,6,512,512,290,0.638671875,0.638671875,1.0,-168.35959,-15.7225933,-677.299988,1.0,1.0,1.0,True,MET_SHORT,1.3.6.1.4.1.14519.5.2.1.6279.6001.955688628308192728558382581802.raw,152043520,152043520,5,638,920
1.3.6.1.4.1.14519.5.2.1.6279.6001.105495028985881418176186711228,7,512,512,214,0.8789060115814209,0.8789060115814209,1.25,-216.199997,-225.0,-237.75,1.0,1.0,1.0,True,MET_SHORT,1.3.6.1.4.1.14519.5.2.1.6279.6001.105495028985881418176186711228.raw,112197632,112197632,1,688,1187
1.3.6.1.4.1.14519.5.2.1.6279.6001.106379658920626694402549886949,7,512,512,214,0.78125,0.78125,1.25,-200.0,-200.0,-272.75,1.0,1.0,1.0,True,MET_SHORT,1.3.6.1.4.1.14519.5.2.1.6279.6001.106379658920626694402549886949.raw,112197632,112197632,2,578,820
1.3.6.1.4.1.14519.5.2.1.6279.6001.111496024928645603833332252962,7,512,512,246,0.6171879768371582,0.6171879768371582,1.25,-163.399994,-158.0,-312.5,1.0,1.0,1.0,True,MET_SHORT,1.3.6.1.4.1.14519.5.2.1.6279.6001.111496024928645603833332252962.raw,128974848,128974848,3,241,648
1.3.6.1.4.1.14519.5.2.1.6279.6001.113679818447732724990336702075,7,512,512,241,0.609375,0.609375,1.25,-146.7,-152.2,-292.5,1.0,1.0,1.0,True,MET_SHORT,1.3.6.1.4.1.14519.5.2.1.6279.6001.113679818447732724990336702075.raw,126353408,126353408,3,434,583
1.3.6.1.4.1.14519.5.2.1.6279.6001.114249388265341701207347458535,7,512,512,232,0.7421879768371582,0.7421879768371582,1.25,-179.399994,-174.600006,-303.5,1.0,1.0,1.0,True,MET_SHORT,1.3.6.1.4.1.14519.5.2.1.6279.6001.114249388265341701207347458535.raw,121634816,121634816,3,639,979
1.3.6.1.4.1.14519.5.2.1.6279.6001.116097642684124305074876564522,7,512,512,458,0.703125,0.703125,0.625,-174.800003,-163.399994,-260.475006,1.0,1.0,1.0,True,MET_SHORT,1.3.6.1.4.1.14519.5.2.1.6279.6001.116097642684124305074876564522.raw,240123904,240123904,0,507,510
1.3.6.1.4.1.14519.5.2.1.6279.6001.116703382344406837243058680403,7,512,512,506,0.6640620231628418,0.6640620231628418,0.625,-173.100006,-165.300003,-304.690002,1.0,1.0,1.0,True,MET_SHORT,1.3.6.1.4.1.14519.5.2.1.6279.6001.116703382344406837243058680403.raw,265289728,265289728,0,604,620
1.3.6.1.4.1.14519.5.2.1.6279.6001.122621219961396951727742490470,7,512,512,238,0.7421879768371582,0.7421879768371582,1.2500001192092896,-180.600006,-190.0,-330.890015,1.0,1.0,1.0,True,MET_SHORT,1.3.6.1.4.1.14519.5.2.1.6279.6001.122621219961396951727742490470.raw,124780544,124780544,1,388,949
1.3.6.1.4.1.14519.5.2.1.6279.6001.125124219978170516876304987559,7,512,512,330,0.76171875,0.76171875,1.0,-194.619140625,-372.619140625,-359.1,1.0,1.0,1.0,True,MET_SHORT,1.3.6.1.4.1.14519.5.2.1.6279.6001.125124219978170516876304987559.raw,173015040,173015040,3,829,1365
1.3.6.1.4.1.14519.5.2.1.6279.6001.129982010889624423230394257528,7,512,512,265,0.8828120231628418,0.8828120231628418,1.25,-212.0,-226.0,-336.5,0.9999999999999999,0.9999999999999999,1.0,True,MET_SHORT,1.3.6.1.4.1.14519.5.2.1.6279.6001.129982010889624423230394257528.raw,138936320,138936320,4,994,1307
1.3.6.1.4.1.14519.5.2.1.6279.6001.130036599816889919308975074972,7,512,512,192,0.6640625,0.6640625,1.7999999523162842,-168.66797,-307.66797,-405.8,1.0,1.0,1.0,True,MET_SHORT,1.3.6.1.4.1.14519.5.2.1.6279.6001.130036599816889919308975074972.raw,100663296,100663296,1,483,1001
1.3.6.1.4.1.14519.5.2.1.6279.6001.131150737314367975651717513386,7,512,512,123,0.5683590173721313,0.5683590173721313,2.5,-155.699997,-135.5,-345.0,1.0,1.0,1.0,True,MET_SHORT,1.3.6.1.4.1.14519.5.2.1.6279.6001.131150737314367975651717513386.raw,64487424,64487424,0,576,578
1.3.6.1.4.1.14519.5.2.1.6279.6001.139889514693390832525232698200,7,512,512,484,0.7617189884185791,0.7617189884185791,0.625,-209.600006,-199.100006,-254.925003,1.0,1.0,1.0,True,MET_SHORT,1.3.6.1.4.1.14519.5.2.1.6279.6001.139889514693390832525232698200.raw,253755392,253755392,0,394,414
1.3.6.1.4.1.14519.5.2.1.6279.6001.140253591510022414496468423138,7,512,512,128,0.7421879768371582,0.7421879768371582,2.5,-190.0,-186.300003,-327.75,1.0,1.0,1.0,True,MET_SHORT,1.3.6.1.4.1.14519.5.2.1.6279.6001.140253591510022414496468423138.raw,67108864,67108864,3,833,1058
1.3.6.1.4.1.14519.5.2.1.6279.6001.141149610914910880857802344415,7,512,512,117,0.7226560115814209,0.7226560115814209,2.5,-197.7,-179.0,-340.0,1.0,1.0,1.0,True,MET_SHORT,1.3.6.1.4.1.14519.5.2.1.6279.6001.141149610914910880857802344415.raw,61341696,61341696,1,317,752
1.3.6.1.4.1.14519.5.2.1.6279.6001.143813757344903170810482790787,7,512,512,237,0.6640620231628418,0.6640620231628418,1.25,-172.600006,-164.300003,-340.195007,1.0,1.0,1.0,True,MET_SHORT,1.3.6.1.4.1.14519.5.2.1.6279.6001.143813757344903170810482790787.raw,124256256,124256256,0,501,501
1.3.6.1.4.1.14519.5.2.1.6279.6001.151669338315069779994664893123,7,512,512,124,0.5449219942092896,0.5449219942092896,2.5,-134.800003,-139.5,-321.779999,1.0,1.0,1.0,True,MET_SHORT,1.3.6.1.4.1.14519.5.2.1.6279.6001.151669338315069779994664893123.raw,65011712,65011712,0,685,686
1.3.6.1.4.1.14519.5.2.1.6279.6001.159665703190517688573100822213,7,512,512,123,0.6484379768371582,0.6484379768371582,2.5,-174.899994,-153.0,-336.410004,1.0,1.0,1.0,True,MET_SHORT,1.3.6.1.4.1.14519.5.2.1.6279.6001.159665703190517688573100822213.raw,64487424,64487424,0,1000,1001
1.3.6.1.4.1.14519.5.2.1.6279.6001.163217526257871051722166468085,7,512,512,237,0.8710939884185791,0.8710939884185791,1.25,-240.300003,-213.0,-290.0,0.9999999999999999,0.9999999999999999,1.0,True,MET_SHORT,1.3.6.1.4.1.14519.5.2.1.6279.6001.163217526257871051722166468085.raw,124256256,124256256,0,538,549
1.3.6.1.4.1.14519.5.2.1.6279.6001.167500254299688235071950909530,7,512,512,142,0.7675780057907104,0.7675780057907104,2.5,-199.100006,-196.5,-378.190002,1.0,1.0,1.0,True,MET_SHORT,1.3.6.1.4.1.14519.5.2.1.6279.6001.167500254299688235071950909530.raw,74448896,74448896,0,631,638
1.3.6.1.4.1.14519.5.2.1.6279.6001.170825539570536865106681134236,7,512,512,270,0.703125,0.703125,1.25,200.699997,115.699997,-357.75,-1.0,-1.0,1.0,True,MET_SHORT,1.3.6.1.4.1.14519.5.2.1.6279.6001.170825539570536865106681134236.raw,141557760,141557760,0,406,404
1.3.6.1.4.1.14519.5.2.1.6279.6001.171177995014336749670107905732,7,512,512,500,0.703125,0.703125,0.625,-180.0,-158.699997,-299.994995,1.0,1.0,1.0,True,MET_SHORT,1.3.6.1.4.1.14519.5.2.1.6279.6001.171177995014336749670107905732.raw,262144000,262144000,1,412,687
1.3.6.1.4.1.14519.5.2.1.6279.6001.174692377730646477496286081479,7,512,512,163,0.703125,0.703125,2.0,-188.899994,-185.699997,-345.38501,1.0,1.0,1.0,True,MET_SHORT,1.3.6.1.4.1.14519.5.2.1.6279.6001.174692377730646477496286081479.raw,85458944,85458944,1,1425,1633
1.3.6.1.4.1.14519.5.2.1.6279.6001.179209990684978588019929720099,7,512,512,351,0.642578125,0.642578125,1.0,-148.1787109375,-295.1787109375,-322.0,1.0,1.0,1.0,True,MET_SHORT,1.3.6.1.4.1.14519.5.2.1.6279.6001.179209990684978588019929720099.raw,184025088,184025088,2,697,1161
1.3.6.1.4.1.14519.5.2.1.6279.6001.185154482385982570363528682299,7,512,512,345,0.541015625,0.541015625,1.0,-136.2294921875,-292.2294921875,-376.5,1.0,1.0,1.0,True,MET_SHORT,1.3.6.1.4.1.14519.5.2.1.6279.6001.185154482385982570363528682299.raw,180879360,180879360,2,516,905
1.3.6.1.4.1.14519.5.2.1.6279.6001.187803155574314810830688534991,7,512,512,133,0.78125,0.78125,2.5,-200.0,-205.7,-331.25,1.0,1.0,1.0,True,MET_SHORT,1.3.6.1.4.1.14519.5.2.1.6279.6001.187803155574314810830688534991.raw,69730304,69730304,0,710,720
1.3.6.1.4.1.14519.5.2.1.6279.6001.195913706607582347421429908613,7,512,512,117,0.8203120231628418,0.8203120231628418,2.5,-210.0,-210.0,-316.25,1.0,1.0,1.0,True,MET_SHORT,1.3.6.1.4.1.14519.5.2.1.6279.6001.195913706607582347421429908613.raw,61341696,61341696,1,949,1404
1.3.6.1.4.1.14519.5.2.1.6279.6001.199282854229880908602362094937,7,512,512,481,0.6054689884185791,0.6054689884185791,0.625,-146.699997,-155.0,-284.799988,1.0,1.0,1.0,True,MET_SHORT,1.3.6.1.4.1.14519.5.2.1.6279.6001.199282854229880908602362094937.raw,252182528,252182528,1,487,714
1.3.6.1.4.1.14519.5.2.1.6279.6001.214252223927572015414741039150,7,512,512,139,0.703125,0.703125,2.5,-173.300003,-194.5,-371.25,1.0,1.0,1.0,True,MET_SHORT,1.3.6.1.4.1.14519.5.2.1.6279.6001.214252223927572015414741039150.raw,72876032,72876032,3,989,1174
1.3.6.1.4.1.14519.5.2.1.6279.6001.215640837032688688030770057224,7,512,512,235,0.5371090173721313,0.5371090173721313,1.25,-133.300003,-146.399994,-314.230011,1.0,1.0,1.0,True,MET_SHORT,1.3.6.1.4.1.14519.5.2.1.6279.6001.215640837032688688030770057224.raw,123207680,123207680,6,554,938
1.3.6.1.4.1.14519.5.2.1.6279.6001.219618492426142913407827034169,7,512,512,117,0.8984379768371582,0.8984379768371582,2.5,-268.9,-230.0,-276.5,1.0,1.0,1.0,True,MET_SHORT,1.3.6.1.4.1.14519.5.2.1.6279.6001.219618492426142913407827034169.raw,61341696,61341696,2,457,849
1.3.6.1.4.1.14519.5.2.1.6279.6001.223650122819238796121876338881,7,512,512,118,0.78125,0.78125,2.5,-212.7,-200.0,-301.5,1.0,1.0,1.0,True,MET_SHORT,1.3.6.1.4.1.14519.5.2.1.6279.6001.223650122819238796121876338881.raw,61865984,61865984,0,555,561
1.3.6.1.4.1.14519.5.2.1.6279.6001.226889213794065160713547677129,7,512,512,139,0.7421879768371582,0.7421879768371582,2.5,-205.5,-190.0,-400.5,1.0,1.0,1.0,True,MET_SHORT,1.3.6.1.4.1.14519.5.2.1.6279.6001.226889213794065160713547677129.raw,72876032,72876032,1,1208,1382
1.3.6.1.4.1.14519.5.2.1.6279.6001.227707494413800460340110762069,7,512,512,125,0.6640620231628418,0.6640620231628418,2.5,-153.399994,-170.0,-346.0,1.0,1.0,1.0,True,MET_SHORT,1.3.6.1.4.1.14519.5.2.1.6279.6001.227707494413800460340110762069.raw,65536000,65536000,1,733,889
1.3.6.1.4.1.14519.5.2.1.6279.6001.228934821089041845791238006047,7,512,512,258,0.765625,0.765625,1.25,-181.399994,-205.399994,-363.595001,0.9999999999999999,0.9999999999999999,1.0,True,MET_SHORT,1.3.6.1.4.1.14519.5.2.1.6279.6001.228934821089041845791238006047.raw,135266304,135266304,1,359,803
1.3.6.1.4.1.14519.5.2.1.6279.6001.230675342744370103160629638194,7,512,512,255,0.6152340173721313,0.6152340173721313,1.25,-165.800003,-141.899994,-330.820007,1.0,1.0,1.0,True,MET_SHORT,1.3.6.1.4.1.14519.5.2.1.6279.6001.230675342744370103160629638194.raw,133693440,133693440,1,561,1043
1.3.6.1.4.1.14519.5.2.1.6279.6001.233001470265230594739708503198,7,512,512,199,0.56640625,0.56640625,1.7999999523162842,-137.716796875,-263.716796875,-386.4,1.0,1.0,1.0,True,MET_SHORT,1.3.6.1.4.1.14519.5.2.1.6279.6001.233001470265230594739708503198.raw,104333312,104333312,1,445,713
1.3.6.1.4.1.14519.5.2.1.6279.6001.238019241099704094018548301753,7,512,512,513,0.703125,0.703125,0.625,-180.0,-180.0,-331.845001,1.0,1.0,1.0,True,MET_SHORT,1.3.6.1.4.1.14519.5.2.1.6279.6001.238019241099704094018548301753.raw,268959744,268959744,1,400,713
1.3.6.1.4.1.14519.5.2.1.6279.6001.242624386080831911167122628616,7,512,512,429,0.5859375,0.5859375,0.699999988079071,-149.70703,-317.70703,-367.0,1.0,1.0,1.0,True,MET_SHORT,1.3.6.1.4.1.14519.5.2.1.6279.6001.242624386080831911167122628616.raw,224919552,224919552,2,513,861
1.3.6.1.4.1.14519.5.2.1.6279.6001.245546033414728092794968890929,7,512,512,133,0.7226560115814209,0.7226560115814209,2.5,-191.2,-152.9,-378.0,1.0,1.0,1.0,True,MET_SHORT,1.3.6.1.4.1.14519.5.2.1.6279.6001.245546033414728092794968890929.raw,69730304,69730304,0,406,433
1.3.6.1.4.1.14519.5.2.1.6279.6001.246758220302211646532176593724,7,512,512,300,0.654296875,0.654296875,1.0,-169.5,-101.5,1395.5,1.0,1.0,1.0,True,MET_SHORT,1.3.6.1.4.1.14519.5.2.1.6279.6001.246758220302211646532176593724.raw,157286400,157286400,2,339,751
1.3.6.1.4.1.14519.5.2.1.6279.6001.248360766706804179966476685510,7,512,512,129,0.7421879768371582,0.7421879768371582,2.5,-193.7,-190.0,-324.25,1.0,1.0,1.0,True,MET_SHORT,1.3.6.1.4.1.14519.5.2.1.6279.6001.248360766706804179966476685510.raw,67633152,67633152,0,685,712
1.3.6.1.4.1.14519.5.2.1.6279.6001.248425363469507808613979846863,7,512,512,461,0.78125,0.78125,0.625,-218.100006,-209.300003,-285.100006,1.0,1.0,1.0,True,MET_SHORT,1.3.6.1.4.1.14519.5.2.1.6279.6001.248425363469507808613979846863.raw,241696768,241696768,0,327,335
1.3.6.1.4.1.14519.5.2.1.6279.6001.249032660919473722154870746474,7,512,512,293,0.6894530057907104,0.6894530057907104,1.25,-175.699997,-155.300003,-335.25,0.9999999999999999,0.9999999999999999,1.0,True,MET_SHORT,1.3.6.1.4.1.14519.5.2.1.6279.6001.249032660919473722154870746474.raw,153616384,153616384,1,373,687
1.3.6.1.4.1.14519.5.2.1.6279.6001.249404938669582150398726875826,7,512,512,133,0.7421879768371582,0.7421879768371582,2.5,-169.300003,-190.0,-342.88501,1.0,1.0,1.0,True,MET_SHORT,1.3.6.1.4.1.14519.5.2.1.6279.6001.249404938669582150398726875826.raw,69730304,69730304,4,984,1265
1.3.6.1.4.1.14519.5.2.1.6279.6001.252709517998555732486024866345,7,512,512,124,0.6152340173721313,0.6152340173721313,2.5,-159.100006,-151.300003,-327.480011,1.0,1.0,1.0,True,MET_SHORT,1.3.6.1.4.1.14519.5.2.1.6279.6001.252709517998555732486024866345.raw,65011712,65011712,0,758,763
1.3.6.1.4.1.14519.5.2.1.6279.6001.256542095129414948017808425649,7,512,512,139,0.7578120231628418,0.7578120231628418,2.5,-194.800003,-194.0,-386.390015,1.0,1.0,1.0,True,MET_SHORT,1.3.6.1.4.1.14519.5.2.1.6279.6001.256542095129414948017808425649.raw,72876032,72876032,0,775,778
1.3.6.1.4.1.14519.5.2.1.6279.6001.261700367741314729940340271960,7,512,512,133,0.703125,0.703125,2.5,-189.8,-180.0,-373.75,1.0,1.0,1.0,True,MET_SHORT,1.3.6.1.4.1.14519.5.2.1.6279.6001.261700367741314729940340271960.raw,69730304,69730304,1,659,786
1.3.6.1.4.1.14519.5.2.1.6279.6001.264251211689085893915477907261,7,512,512,503,0.7421879768371582,0.7421879768371582,0.625,-190.5,-197.800003,-300.920013,1.0,1.0,1.0,True,MET_SHORT,1.3.6.1.4.1.14519.5.2.1.6279.6001.264251211689085893915477907261.raw,263716864,263716864,3,291,597
1.3.6.1.4.1.14519.5.2.1.6279.6001.266581250778073944645044950856,7,512,512,290,0.64453125,0.64453125,1.0,-160.558597,-42.2851448,-842.400024,1.0,1.0,1.0,True,MET_SHORT,1.3.6.1.4.1.14519.5.2.1.6279.6001.266581250778073944645044950856.raw,152043520,152043520,0,702,708
1.3.6.1.4.1.14519.5.2.1.6279.6001.270788655216695628640355888562,7,512,512,522,0.703125,0.703125,0.625,-200.800003,-195.100006,-295.170013,1.0,1.0,1.0,True,MET_SHORT,1.3.6.1.4.1.14519.5.2.1.6279.6001.270788655216695628640355888562.raw,273678336,273678336,0,767,765
1.3.6.1.4.1.14519.5.2.1.6279.6001.271307051432838466826189754230,7,512,512,133,0.703125,0.703125,2.5,-180.0,-171.699997,-363.75,1.0,1.0,1.0,True,MET_SHORT,1.3.6.1.4.1.14519.5.2.1.6279.6001.271307051432838466826189754230.raw,69730304,69730304,1,317,702
1.3.6.1.4.1.14519.5.2.1.6279.6001.272348349298439120568330857680,7,512,512,145,0.78125,0.78125,2.5,-200.0,-181.300003,-359.5,1.0,1.0,1.0,True,MET_SHORT,1.3.6.1.4.1.14519.5.2.1.6279.6001.272348349298439120568330857680.raw,76021760,76021760,1,665,1469
1.3.6.1.4.1.14519.5.2.1.6279.6001.276351267409869539593937734609,7,512,512,241,0.5859379768371582,0.5859379768371582,1.25,-152.600006,-175.399994,-301.25,1.0,1.0,1.0,True,MET_SHORT,1.3.6.1.4.1.14519.5.2.1.6279.6001.276351267409869539593937734609.raw,126353408,126353408,0,345,351
1.3.6.1.4.1.14519.5.2.1.6279.6001.279300249795483097365868125932,7,512,512,131,0.703125,0.703125,2.5,-186.800003,-180.0,-361.75,1.0,1.0,1.0,True,MET_SHORT,1.3.6.1.4.1.14519.5.2.1.6279.6001.279300249795483097365868125932.raw,68681728,68681728,1,960,1294
1.3.6.1.4.1.14519.5.2.1.6279.6001.279953669991076107785464313394,7,512,512,145,0.7421879768371582,0.7421879768371582,2.5,-190.0,-190.0,-380.0,1.0,1.0,1.0,True,MET_SHORT,1.3.6.1.4.1.14519.5.2.1.6279.6001.279953669991076107785464313394.raw,76021760,76021760,0,1414,1429
1.3.6.1.4.1.14519.5.2.1.6279.6001.280125803152924778388346920341,7,512,512,123,0.703125,0.703125,2.5,-197.0,-180.0,-338.25,1.0,1.0,1.0,True,MET_SHORT,1.3.6.1.4.1.14519.5.2.1.6279.6001.280125803152924778388346920341.raw,64487424,64487424,3,604,745
1.3.6.1.4.1.14519.5.2.1.6279.6001.294120933998772507043263238704,7,512,512,127,0.859375,0.859375,2.5,-229.0,-235.0,-335.75,1.0,1.0,1.0,True,MET_SHORT,1.3.6.1.4.1.14519.5.2.1.6279.6001.294120933998772507043263238704.raw,66584576,66584576,4,457,729
1.3.6.1.4.1.14519.5.2.1.6279.6001.295462530340364058116953738925,7,512,512,258,0.6640620231628418,0.6640620231628418,1.25,-161.199997,-176.199997,-284.76001,1.0,1.0,0.9999999999999999,True,MET_SHORT,1.3.6.1.4.1.14519.5.2.1.6279.6001.295462530340364058116953738925.raw,135266304,135266304,2,779,1106
1.3.6.1.4.1.14519.5.2.1.6279.6001.297433269262659217151107535012,7,512,512,497,0.703125,0.703125,0.625,-180.5,-172.699997,-322.0,1.0,1.0,1.0,True,MET_SHORT,1.3.6.1.4.1.14519.5.2.1.6279.6001.297433269262659217151107535012.raw,260571136,260571136,2,1013,1593
1.3.6.1.4.1.14519.5.2.1.6279.6001.303066851236267189733420290986,7,512,512,368,0.66015625,0.66015625,1.0,-166.669921875,-325.669921875,-423.0,1.0,1.0,1.0,True,MET_SHORT,1.3.6.1.4.1.14519.5.2.1.6279.6001.303066851236267189733420290986.raw,192937984,192937984,0,1171,1186
1.3.6.1.4.1.14519.5.2.1.6279.6001.306112617218006614029386065035,7,512,512,140,0.7324219942092896,0.7324219942092896,2.5,-187.5,-205.199997,-365.0,1.0,1.0,1.0,True,MET_SHORT,1.3.6.1.4.1.14519.5.2.1.6279.6001.306112617218006614029386065035.raw,73400320,73400320,0,639,642
1.3.6.1.4.1.14519.5.2.1.6279.6001.307946352302138765071461362398,7,512,512,153,0.7421879768371582,0.7421879768371582,2.5,-202.4,-198.3,-416.5,1.0,1.0,1.0,True,MET_SHORT,1.3.6.1.4.1.14519.5.2.1.6279.6001.307946352302138765071461362398.raw,80216064,80216064,0,359,376
1.3.6.1.4.1.14519.5.2.1.6279.6001.314836406260772370397541392345,7,512,512,133,0.6640620231628418,0.6640620231628418,2.5,-175.199997,-170.0,-363.744995,1.0,1.0,1.0,True,MET_SHORT,1.3.6.1.4.1.14519.5.2.1.6279.6001.314836406260772370397541392345.raw,69730304,69730304,0,746,751
1.3.6.1.4.1.14519.5.2.1.6279.6001.315918264676377418120578391325,7,512,512,144,0.7421879768371582,0.7421879768371582,2.5,-184.300003,-190.0,-414.5,1.0,1.0,1.0,True,MET_SHORT,1.3.6.1.4.1.14519.5.2.1.6279.6001.315918264676377418120578391325.raw,75497472,75497472,0,803,810
1.3.6.1.4.1.14519.5.2.1.6279.6001.323426705628838942177546503237,7,512,512,341,0.7421875,0.7421875,1.0,-203.62890625,-388.62890625,-378.0,1.0,1.0,1.0,True,MET_SHORT,1.3.6.1.4.1.14519.5.2.1.6279.6001.323426705628838942177546503237.raw,178782208,178782208,1,342,762
1.3.6.1.4.1.14519.5.2.1.6279.6001.323535944958374186208096541480,7,512,512,246,0.5859379768371582,0.5859379768371582,1.25,-170.7,-134.0,-319.5,1.0,1.0,1.0,True,MET_SHORT,1.3.6.1.4.1.14519.5.2.1.6279.6001.323535944958374186208096541480.raw,128974848,128974848,1,447,682
1.3.6.1.4.1.14519.5.2.1.6279.6001.328789598898469177563438457842,7,512,512,128,0.7421879768371582,0.7421879768371582,2.5,-194.5,-219.0,-355.25,1.0,1.0,1.0,True,MET_SHORT,1.3.6.1.4.1.14519.5.2.1.6279.6001.328789598898469177563438457842.raw,67108864,67108864,9,838,1068
1.3.6.1.4.1.14519.5.2.1.6279.6001.332829333783605240302521201463,7,512,512,281,0.8164060115814209,0.8164060115814209,1.25,-206.899994,-199.0,-330.0,1.0,1.0,1.0,True,MET_SHORT,1.3.6.1.4.1.14519.5.2.1.6279.6001.332829333783605240302521201463.raw,147324928,147324928,5,579,827
1.3.6.1.4.1.14519.5.2.1.6279.6001.336198008634390022174744544656,7,512,512,133,0.6640620231628418,0.6640620231628418,2.5,-182.899994,-170.0,-360.5,1.0,1.0,1.0,True,MET_SHORT,1.3.6.1.4.1.14519.5.2.1.6279.6001.336198008634390022174744544656.raw,69730304,69730304,0,796,799
1.3.6.1.4.1.14519.5.2.1.6279.6001.339039410276356623209709113755,7,512,512,489,0.56640625,0.56640625,0.699999988079071,-145.7168,-268.7168,-405.5,1.0,1.0,1.0,True,MET_SHORT,1.3.6.1.4.1.14519.5.2.1.6279.6001.339039410276356623209709113755.raw,256376832,256376832,0,865,874
1.3.6.1.4.1.14519.5.2.1.6279.6001.362762275895885013176610377950,7,512,512,477,0.703125,0.703125,0.625,-174.800003,-180.0,-304.25,1.0,1.0,1.0,True,MET_SHORT,1.3.6.1.4.1.14519.5.2.1.6279.6001.362762275895885013176610377950.raw,250085376,250085376,1,324,709
1.3.6.1.4.1.14519.5.2.1.6279.6001.447468612991222399440694673357,7,512,512,124,0.6445310115814209,0.6445310115814209,2.5,-138.399994,-174.300003,-328.200012,1.0,1.0,1.0,True,MET_SHORT,1.3.6.1.4.1.14519.5.2.1.6279.6001.447468612991222399440694673357.raw,65011712,65011712,0,448,452
1.3.6.1.4.1.14519.5.2.1.6279.6001.483655032093002252444764787700,7,512,512,474,0.625,0.625,0.6249999403953552,-135.0,-160.0,-268.484985,1.0,1.0,1.0,True,MET_SHORT,1.3.6.1.4.1.14519.5.2.1.6279.6001.483655032093002252444764787700.raw,248512512,248512512,1,388,655
1.3.6.1.4.1.14519.5.2.1.6279.6001.550599855064600241623943717588,7,512,512,252,0.78125,0.78125,1.25,-201.0,-185.5,-358.25,1.0,1.0,1.0,True,MET_SHORT,1.3.6.1.4.1.14519.5.2.1.6279.6001.550599855064600241623943717588.raw,132120576,132120576,1,626,1170
1.3.6.1.4.1.14519.5.2.1.6279.6001.592821488053137951302246128864,7,512,512,166,0.56640625,0.56640625,1.7999999523162842,-144.716796875,-296.716796875,-326.5,1.0,1.0,1.0,True,MET_SHORT,1.3.6.1.4.1.14519.5.2.1.6279.6001.592821488053137951302246128864.raw,87031808,87031808,2,987,1167
1.3.6.1.4.1.14519.5.2.1.6279.6001.613212850444255764524630781782,7,512,512,257,0.78125,0.78125,1.25,-188.1,-200.0,-310.0,1.0,1.0,1.0,True,MET_SHORT,1.3.6.1.4.1.14519.5.2.1.6279.6001.613212850444255764524630781782.raw,134742016,134742016,2,287,509
1.3.6.1.4.1.14519.5.2.1.6279.6001.664409965623578819357819577077,7,512,512,163,0.6640620231628418,0.6640620231628418,2.0,-165.300003,-170.0,-293.054993,1.0,1.0,1.0,True,MET_SHORT,1.3.6.1.4.1.14519.5.2.1.6279.6001.664409965623578819357819577077.raw,85458944,85458944,0,553,564
1.3.6.1.4.1.14519.5.2.1.6279.6001.664989286137882319237192185951,7,512,512,178,0.703125,0.703125,1.25,-181.100006,-180.0,-203.380005,1.0,1.0,1.0,True,MET_SHORT,1.3.6.1.4.1.14519.5.2.1.6279.6001.664989286137882319237192185951.raw,93323264,93323264,0,609,634
1.3.6.1.4.1.14519.5.2.1.6279.6001.686193079844756926365065559979,7,512,512,484,0.6054689884185791,0.6054689884185791,0.625,-161.300003,-140.399994,-281.86499,1.0,1.0,0.9999999999999999,True,MET_SHORT,1.3.6.1.4.1.14519.5.2.1.6279.6001.686193079844756926365065559979.raw,253755392,253755392,0,584,589
1.3.6.1.4.1.14519.5.2.1.6279.6001.749871569713868632259874663577,7,512,512,372,0.5859379768371582,0.5859379768371582,0.625,-149.0,-150.0,-183.970001,1.0,1.0,1.0,True,MET_SHORT,1.3.6.1.4.1.14519.5.2.1.6279.6001.749871569713868632259874663577.raw,195035136,195035136,0,864,868
1.3.6.1.4.1.14519.5.2.1.6279.6001.771831598853841017505646275338,7,512,512,501,0.703125,0.703125,0.625,-180.0,-202.600006,-323.994995,1.0,1.0,1.0,True,MET_SHORT,1.3.6.1.4.1.14519.5.2.1.6279.6001.771831598853841017505646275338.raw,262668288,262668288,1,532,990
1.3.6.1.4.1.14519.5.2.1.6279.6001.837810280808122125183730411210,7,512,512,133,0.78125,0.78125,2.5,-199.0,-177.199997,-347.75,1.0,1.0,1.0,True,MET_SHORT,1.3.6.1.4.1.14519.5.2.1.6279.6001.837810280808122125183730411210.raw,69730304,69730304,1,982,1109
1.3.6.1.4.1.14519.5.2.1.6279.6001.897279226481700053115245043064,7,512,512,246,0.703125,0.703125,1.25,-183.600006,-168.100006,-313.75,1.0,1.0,1.0,True,MET_SHORT,1.3.6.1.4.1.14519.5.2.1.6279.6001.897279226481700053115245043064.raw,128974848,128974848,0,439,449
1.3.6.1.4.1.14519.5.2.1.6279.6001.900182736599353600185270496549,7,512,512,247,0.6425780057907104,0.6425780057907104,1.25,-143.199997,-178.0,-311.75,1.0,1.0,1.0,True,MET_SHORT,1.3.6.1.4.1.14519.5.2.1.6279.6001.900182736599353600185270496549.raw,129499136,129499136,2,492,893
1.3.6.1.4.1.14519.5.2.1.6279.6001.908250781706513856628130123235,7,512,512,260,0.703125,0.703125,1.25,-160.800003,-145.300003,-318.5,1.0,1.0,1.0,True,MET_SHORT,1.3.6.1.4.1.14519.5.2.1.6279.6001.908250781706513856628130123235.raw,136314880,136314880,3,537,1355
1.3.6.1.4.1.14519.5.2.1.6279.6001.944888107209008719031293531091,7,512,512,143,0.78125,0.78125,2.5,-200.7,-217.2,-385.25,1.0,1.0,1.0,True,MET_SHORT,1.3.6.1.4.1.14519.5.2.1.6279.6001.944888107209008719031293531091.raw,74973184,74973184,1,688,1196
1.3.6.1.4.1.14519.5.2.1.6279.6001.957384617596077920906744920611,7,512,512,190,0.7421875,0.7421875,1.7999999523162842,-205.62891,-333.62891,-373.2,1.0,1.0,1.0,True,MET_SHORT,1.3.6.1.4.1.14519.5.2.1.6279.6001.957384617596077920906744920611.raw,99614720,99614720,0,648,666
1.3.6.1.4.1.14519.5.2.1.6279.6001.994459772950022352718462251777,7,512,512,291,0.8203120231628418,0.8203120231628418,1.25,-195.0,-210.0,-378.140015,1.0,1.0,0.9999999999999999,True,MET_SHORT,1.3.6.1.4.1.14519.5.2.1.6279.6001.994459772950022352718462251777.raw,152567808,152567808,3,174,613
1.3.6.1.4.1.14519.5.2.1.6279.6001.100225287222365663678666836860,8,512,512,194,0.64453125,0.64453125,1.7999999523162842,-157.67773,-311.67773,-438.4,1.0,1.0,1.0,True,MET_SHORT,1.3.6.1.4.1.14519.5.2.1.6279.6001.100225287222365663678666836860.raw,101711872,101711872,2,691,1068
1.3.6.1.4.1.14519.5.2.1.6279.6001.108193664222196923321844991231,8,512,512,121,0.5625,0.5625,2.5,-140.899994,-149.199997,-322.839996,1.0,1.0,1.0,True,MET_SHORT,1.3.6.1.4.1.14519.5.2.1.6279.6001.108193664222196923321844991231.raw,63438848,63438848,0,697,703
1.3.6.1.4.1.14519.5.2.1.6279.6001.131939324905446238286154504249,8,512,512,136,0.7409999966621399,0.7409999966621399,2.0,-184.375,-188.2812,1288.5,1.0,1.0,1.0,True,MET_SHORT,1.3.6.1.4.1.14519.5.2.1.6279.6001.131939324905446238286154504249.raw,71303168,71303168,2,704,968
1.3.6.1.4.1.14519.5.2.1.6279.6001.137773550852881583165286615668,8,512,512,343,0.599609375,0.599609375,1.0,-162.2001953125,-331.2001953125,-25.0,1.0,1.0,1.0,True,MET_SHORT,1.3.6.1.4.1.14519.5.2.1.6279.6001.137773550852881583165286615668.raw,179830784,179830784,2,476,883
1.3.6.1.4.1.14519.5.2.1.6279.6001.143622857676008763729469324839,8,512,512,385,0.736328125,0.736328125,1.0,-185.1318359375,-355.1318359375,-430.0,1.0,1.0,1.0,True,MET_SHORT,1.3.6.1.4.1.14519.5.2.1.6279.6001.143622857676008763729469324839.raw,201850880,201850880,1,295,819
1.3.6.1.4.1.14519.5.2.1.6279.6001.149041668385192796520281592139,8,512,512,133,0.703125,0.703125,2.5,-195.0,-180.0,-350.5,1.0,1.0,1.0,True,MET_SHORT,1.3.6.1.4.1.14519.5.2.1.6279.6001.149041668385192796520281592139.raw,69730304,69730304,1,405,936
1.3.6.1.4.1.14519.5.2.1.6279.6001.153181766344026020914478182395,8,512,512,129,0.671875,0.671875,2.5,-185.5,-170.399994,-344.269989,1.0,1.0,1.0,True,MET_SHORT,1.3.6.1.4.1.14519.5.2.1.6279.6001.153181766344026020914478182395.raw,67633152,67633152,0,367,370
1.3.6.1.4.1.14519.5.2.1.6279.6001.153732973534937692357111055819,8,512,512,139,0.8203120231628418,0.8203120231628418,2.5,-220.899994,-212.100006,-399.25,1.0,1.0,1.0,True,MET_SHORT,1.3.6.1.4.1.14519.5.2.1.6279.6001.153732973534937692357111055819.raw,72876032,72876032,2,904,1218
1.3.6.1.4.1.14519.5.2.1.6279.6001.161633200801003804714818844696,8,512,512,223,0.6640620231628418,0.6640620231628418,1.25,-165.800003,-170.0,-293.200012,1.0,1.0,1.0,True,MET_SHORT,1.3.6.1.4.1.14519.5.2.1.6279.6001.161633200801003804714818844696.raw,116916224,116916224,0,307,313
1.3.6.1.4.1.14519.5.2.1.6279.6001.161821150841552408667852639317,8,512,512,132,0.6171879768371582,0.6171879768371582,2.499999761581421,-174.399994,-158.0,-364.609985,1.0,1.0,1.0,True,MET_SHORT,1.3.6.1.4.1.14519.5.2.1.6279.6001.161821150841552408667852639317.raw,69206016,69206016,0,566,575
1.3.6.1.4.1.14519.5.2.1.6279.6001.168833925301530155818375859047,8,512,512,164,0.703125,0.703125,1.9999998807907104,-170.100006,-180.0,-348.359985,1.0,1.0,1.0,True,MET_SHORT,1.3.6.1.4.1.14519.5.2.1.6279.6001.168833925301530155818375859047.raw,85983232,85983232,5,873,1123
1.3.6.1.4.1.14519.5.2.1.6279.6001.172243743899615313644757844726,8,512,512,126,0.859375,0.859375,2.5,-253.699997,-220.0,-343.5,1.0,1.0,1.0,True,MET_SHORT,1.3.6.1.4.1.14519.5.2.1.6279.6001.172243743899615313644757844726.raw,66060288,66060288,2,802,1034
1.3.6.1.4.1.14519.5.2.1.6279.6001.175318131822744218104175746898,8,512,512,348,0.5078125,0.5078125,1.0,-137.74609375,-272.74609375,-355.1,1.0,1.0,1.0,True,MET_SHORT,1.3.6.1.4.1.14519.5.2.1.6279.6001.175318131822744218104175746898.raw,182452224,182452224,0,936,959
1.3.6.1.4.1.14519.5.2.1.6279.6001.177086402277715068525592995222,8,512,512,257,0.921875,0.921875,1.25,-236.0,-236.0,-310.0,1.0,1.0,1.0,True,MET_SHORT,1.3.6.1.4.1.14519.5.2.1.6279.6001.177086402277715068525592995222.raw,134742016,134742016,2,359,680
1.3.6.1.4.1.14519.5.2.1.6279.6001.179943248049071805421192715219,8,512,512,490,0.703125,0.703125,0.625,-174.899994,-180.0,-311.875,1.0,1.0,1.0,True,MET_SHORT,1.3.6.1.4.1.14519.5.2.1.6279.6001.179943248049071805421192715219.raw,256901120,256901120,1,417,772
1.3.6.1.4.1.14519.5.2.1.6279.6001.183982839679953938397312236359,8,512,512,139,0.78125,0.78125,2.5,-181.300003,-190.100006,-383.75,1.0,1.0,1.0,True,MET_SHORT,1.3.6.1.4.1.14519.5.2.1.6279.6001.183982839679953938397312236359.raw,72876032,72876032,1,602,875
1.3.6.1.4.1.14519.5.2.1.6279.6001.188059920088313909273628445208,8,512,512,136,0.6499999761581421,0.6499999761581421,2.0,-171.0937,-153.9062,1445.0,1.0,1.0,1.0,True,MET_SHORT,1.3.6.1.4.1.14519.5.2.1.6279.6001.188059920088313909273628445208.raw,71303168,71303168,2,817,995
1.3.6.1.4.1.14519.5.2.1.6279.6001.194766721609772924944646251928,8,512,512,133,0.8984379768371582,0.8984379768371582,2.5,-236.7,-230.0,-343.0,1.0,1.0,1.0,True,MET_SHORT,1.3.6.1.4.1.14519.5.2.1.6279.6001.194766721609772924944646251928.raw,69730304,69730304,1,939,1427
1.3.6.1.4.1.14519.5.2.1.6279.6001.198016798894102791158686961192,8,512,512,419,0.65234375,0.65234375,0.699999988079071,-170.67383,-326.67383,-377.5,1.0,1.0,1.0,True,MET_SHORT,1.3.6.1.4.1.14519.5.2.1.6279.6001.198016798894102791158686961192.raw,219676672,219676672,1,520,925
1.3.6.1.4.1.14519.5.2.1.6279.6001.200513183558872708878454294671,8,512,512,137,0.7421879768371582,0.7421879768371582,2.5,-208.699997,-190.0,-357.25,1.0,1.0,1.0,True,MET_SHORT,1.3.6.1.4.1.14519.5.2.1.6279.6001.200513183558872708878454294671.raw,71827456,71827456,1,414,1079
1.3.6.1.4.1.14519.5.2.1.6279.6001.202283133206014258077705539227,8,512,512,123,0.703125,0.703125,2.5,-182.600006,-180.0,-330.25,1.0,1.0,1.0,True,MET_SHORT,1.3.6.1.4.1.14519.5.2.1.6279.6001.202283133206014258077705539227.raw,64487424,64487424,4,515,717
1.3.6.1.4.1.14519.5.2.1.6279.6001.203425588524695836343069893813,8,512,512,117,0.78125,0.78125,2.5,-206.0,-200.0,-343.5,1.0,1.0,1.0,True,MET_SHORT,1.3.6.1.4.1.14519.5.2.1.6279.6001.203425588524695836343069893813.raw,61341696,61341696,0,925,952
1.3.6.1.4.1.14519.5.2.1.6279.6001.204287915902811325371247860532,8,512,512,218,0.8203120231628418,0.8203120231628418,1.25,-240.0,-210.0,-272.75,1.0,1.0,1.0,True,MET_SHORT,1.3.6.1.4.1.14519.5.2.1.6279.6001.204287915902811325371247860532.raw,114294784,114294784,2,684,1037
1.3.6.1.4.1.14519.5.2.1.6279.6001.204566802718283633558802774757,8,512,512,137,0.6445310115814209,0.6445310115814209,2.5,-165.0,-165.0,-360.0,1.0,1.0,1.0,True,MET_SHORT,1.3.6.1.4.1.14519.5.2.1.6279.6001.204566802718283633558802774757.raw,71827456,71827456,1,1162,1416
1.3.6.1.4.1.14519.5.2.1.6279.6001.206028343897359374907954580114,8,512,512,133,0.78125,0.78125,2.5,-200.0,-200.0,-345.75,1.0,1.0,1.0,True,MET_SHORT,1.3.6.1.4.1.14519.5.2.1.6279.6001.206028343897359374907954580114.raw,69730304,69730304,3,858,1076
1.3.6.1.4.1.14519.5.2.1.6279.6001.206097113343059612247503064658,8,512,512,337,0.68359375,0.68359375,1.0,-180.658203125,-350.658203125,-373.6,1.0,1.0,1.0,True,MET_SHORT,1.3.6.1.4.1.14519.5.2.1.6279.6001.206097113343059612247503064658.raw,176685056,176685056,1,541,1100
1.3.6.1.4.1.14519.5.2.1.6279.6001.207341668080525761926965850679,8,512,512,359,0.630859375,0.630859375,1.0,-158.1845703125,-299.1845703125,-438.0,1.0,1.0,1.0,True,MET_SHORT,1.3.6.1.4.1.14519.5.2.1.6279.6001.207341668080525761926965850679.raw,188219392,188219392,1,392,771
1.3.6.1.4.1.14519.5.2.1.6279.6001.213854687290736562463866711534,8,512,512,535,0.6484375,0.6484375,0.699999988079071,-161.67578,-350.67578,-456.0,1.0,1.0,1.0,True,MET_SHORT,1.3.6.1.4.1.14519.5.2.1.6279.6001.213854687290736562463866711534.raw,280494080,280494080,1,690,1356
1.3.6.1.4.1.14519.5.2.1.6279.6001.219254430927834326484477690403,8,512,512,187,0.6640625,0.6640625,1.7999999523162842,-147.66796875,-319.66796875,-393.3,1.0,1.0,1.0,True,MET_SHORT,1.3.6.1.4.1.14519.5.2.1.6279.6001.219254430927834326484477690403.raw,98041856,98041856,2,414,789
1.3.6.1.4.1.14519.5.2.1.6279.6001.225515255547637437801620523312,8,512,512,277,0.9179689884185791,0.9179689884185791,1.25,-235.0,-220.0,-320.0,0.9999999999999999,0.9999999999999999,1.0,True,MET_SHORT,1.3.6.1.4.1.14519.5.2.1.6279.6001.225515255547637437801620523312.raw,145227776,145227776,2,57,352
1.3.6.1.4.1.14519.5.2.1.6279.6001.226152078193253087875725735761,8,512,512,270,0.671875,0.671875,1.0,-210.0,18.0,-697.099976,1.0,1.0,1.0,True,MET_SHORT,1.3.6.1.4.1.14519.5.2.1.6279.6001.226152078193253087875725735761.raw,141557760,141557760,1,694,838
1.3.6.1.4.1.14519.5.2.1.6279.6001.236698827306171960683086245994,8,512,512,133,0.6640620231628418,0.6640620231628418,2.5,-173.100006,-157.0,-323.5,1.0,1.0,1.0,True,MET_SHORT,1.3.6.1.4.1.14519.5.2.1.6279.6001.236698827306171960683086245994.raw,69730304,69730304,0,566,591
1.3.6.1.4.1.14519.5.2.1.6279.6001.239358021703233250639913775427,8,512,512,133,0.6445310115814209,0.6445310115814209,2.5,-165.0,-151.0,-351.25,1.0,1.0,1.0,True,MET_SHORT,1.3.6.1.4.1.14519.5.2.1.6279.6001.239358021703233250639913775427.raw,69730304,69730304,8,702,931
1.3.6.1.4.1.14519.5.2.1.6279.6001.241083615484551649610616348856,8,512,512,159,0.64453125,0.64453125,1.7999999523162842,-179.677734375,-358.677734375,-331.9,1.0,1.0,1.0,True,MET_SHORT,1.3.6.1.4.1.14519.5.2.1.6279.6001.241083615484551649610616348856.raw,83361792,83361792,1,1351,1723
1.3.6.1.4.1.14519.5.2.1.6279.6001.246178337114401749164850220976,8,512,512,139,0.75,0.75,2.5,-173.0,-192.0,-367.5,1.0,1.0,1.0,True,MET_SHORT,1.3.6.1.4.1.14519.5.2.1.6279.6001.246178337114401749164850220976.raw,72876032,72876032,0,450,454
1.3.6.1.4.1.14519.5.2.1.6279.6001.247060297988514823071467295949,8,512,512,261,0.703125,0.703125,1.25,-180.0,-172.199997,-314.0,1.0,1.0,1.0,True,MET_SHORT,1.3.6.1.4.1.14519.5.2.1.6279.6001.247060297988514823071467295949.raw,136839168,136839168,1,255,934
1.3.6.1.4.1.14519.5.2.1.6279.6001.249314567767437206995861966896,8,512,512,238,0.78125,0.78125,1.25,-200.0,-200.0,-332.25,1.0,1.0,1.0,True,MET_SHORT,1.3.6.1.4.1.14519.5.2.1.6279.6001.249314567767437206995861966896.raw,124780544,124780544,2,514,886
1.3.6.1.4.1.14519.5.2.1.6279.6001.253317247142837717905329340520,8,512,512,121,0.5625,0.5625,2.5,-158.0,-144.0,-310.940002,1.0,1.0,1.0,True,MET_SHORT,1.3.6.1.4.1.14519.5.2.1.6279.6001.253317247142837717905329340520.raw,63438848,63438848,0,604,607
1.3.6.1.4.1.14519.5.2.1.6279.6001.254957696184671649675053562027,8,512,512,201,0.6640625,0.6640625,1.7999999523162842,-188.66796875,-308.66796875,-410.5,1.0,1.0,1.0,True,MET_SHORT,1.3.6.1.4.1.14519.5.2.1.6279.6001.254957696184671649675053562027.raw,105381888,105381888,2,503,843
1.3.6.1.4.1.14519.5.2.1.6279.6001.257383535269991165447822992959,8,512,512,133,0.703125,0.703125,2.5,-174.300003,-180.0,-350.945007,1.0,1.0,1.0,True,MET_SHORT,1.3.6.1.4.1.14519.5.2.1.6279.6001.257383535269991165447822992959.raw,69730304,69730304,4,821,1048
1.3.6.1.4.1.14519.5.2.1.6279.6001.257515388956260258681136624817,8,512,512,324,0.720703125,0.720703125,1.0,-176.1396484375,-324.1396484375,-339.0,1.0,1.0,1.0,True,MET_SHORT,1.3.6.1.4.1.14519.5.2.1.6279.6001.257515388956260258681136624817.raw,169869312,169869312,2,375,828
1.3.6.1.4.1.14519.5.2.1.6279.6001.259124675432205040899951626253,8,512,512,477,0.6835939884185791,0.6835939884185791,0.625,-161.5,-160.0,-301.730011,1.0,1.0,1.0,True,MET_SHORT,1.3.6.1.4.1.14519.5.2.1.6279.6001.259124675432205040899951626253.raw,250085376,250085376,1,481,799
1.3.6.1.4.1.14519.5.2.1.6279.6001.262873069163227096134627700599,8,512,512,238,0.703125,0.703125,1.25,-173.800003,-180.0,-303.079987,1.0,1.0,1.0,True,MET_SHORT,1.3.6.1.4.1.14519.5.2.1.6279.6001.262873069163227096134627700599.raw,124780544,124780544,2,404,809
1.3.6.1.4.1.14519.5.2.1.6279.6001.271220641987745483198036913951,8,512,512,503,0.6875,0.6875,0.699999988079071,-179.65625,-349.65625,-434.5,1.0,1.0,1.0,True,MET_SHORT,1.3.6.1.4.1.14519.5.2.1.6279.6001.271220641987745483198036913951.raw,263716864,263716864,1,545,1143
1.3.6.1.4.1.14519.5.2.1.6279.6001.272123398257168239653655006815,8,512,512,133,0.859375,0.859375,2.5,-220.0,-220.0,-370.5,1.0,1.0,1.0,True,MET_SHORT,1.3.6.1.4.1.14519.5.2.1.6279.6001.272123398257168239653655006815.raw,69730304,69730304,3,609,835
1.3.6.1.4.1.14519.5.2.1.6279.6001.283878926524838648426928238498,8,512,512,264,0.625,0.625,1.25,-157.899994,-141.399994,-328.75,1.0,1.0,1.0,True,MET_SHORT,1.3.6.1.4.1.14519.5.2.1.6279.6001.283878926524838648426928238498.raw,138412032,138412032,0,480,484
1.3.6.1.4.1.14519.5.2.1.6279.6001.286422846896797433168187085942,8,512,512,445,0.703125,0.703125,0.625,-190.899994,-207.0,-297.369995,1.0,1.0,0.9999999999999999,True,MET_SHORT,1.3.6.1.4.1.14519.5.2.1.6279.6001.286422846896797433168187085942.raw,233308160,233308160,1,440,701
1.3.6.1.4.1.14519.5.2.1.6279.6001.286627485198831346082954437212,8,512,512,468,0.625,0.625,0.625,-163.600006,-131.5,-293.375,1.0,1.0,1.0,True,MET_SHORT,1.3.6.1.4.1.14519.5.2.1.6279.6001.286627485198831346082954437212.raw,245366784,245366784,0,774,775
1.3.6.1.4.1.14519.5.2.1.6279.6001.288701997968615460794642979503,8,512,512,166,0.7049999833106995,0.7049999833106995,2.0,-164.8437,-171.875,1321.5,1.0,1.0,1.0,True,MET_SHORT,1.3.6.1.4.1.14519.5.2.1.6279.6001.288701997968615460794642979503.raw,87031808,87031808,3,1060,1610
1.3.6.1.4.1.14519.5.2.1.6279.6001.292049618819567427252971059233,8,512,512,152,0.6445310115814209,0.6445310115814209,2.0,-180.100006,-189.5,-266.315002,1.0,1.0,1.0,True,MET_SHORT,1.3.6.1.4.1.14519.5.2.1.6279.6001.292049618819567427252971059233.raw,79691776,79691776,0,741,745
1.3.6.1.4.1.14519.5.2.1.6279.6001.296066944953051278419805374238,8,512,512,179,0.60546875,0.60546875,1.7999999523162842,-160.69727,-279.69727,-342.9,1.0,1.0,1.0,True,MET_SHORT,1.3.6.1.4.1.14519.5.2.1.6279.6001.296066944953051278419805374238.raw,93847552,93847552,0,558,566
1.3.6.1.4.1.14519.5.2.1.6279.6001.297964221542942838344351735414,8,512,512,281,0.62890625,0.62890625,1.0,-154.263092,-31.6007843,-811.400024,0.9999999999999999,0.9999999999999999,1.0,True,MET_SHORT,1.3.6.1.4.1.14519.5.2.1.6279.6001.297964221542942838344351735414.raw,147324928,147324928,2,958,1250
1.3.6.1.4.1.14519.5.2.1.6279.6001.297988578825170426663869669862,8,512,512,247,0.703125,0.703125,1.25,-177.399994,-180.0,-364.0,1.0,1.0,1.0,True,MET_SHORT,1.3.6.1.4.1.14519.5.2.1.6279.6001.297988578825170426663869669862.raw,129499136,129499136,2,291,687
1.3.6.1.4.1.14519.5.2.1.6279.6001.299806338046301317870803017534,8,512,512,232,0.5859379768371582,0.5859379768371582,1.25,-160.399994,-131.300003,-326.334991,1.0,1.0,1.0,True,MET_SHORT,1.3.6.1.4.1.14519.5.2.1.6279.6001.299806338046301317870803017534.raw,121634816,121634816,5,574,919
1.3.6.1.4.1.14519.5.2.1.6279.6001.300136985030081433029390459071,8,512,512,111,0.703125,0.703125,2.5,-171.0,-159.800003,-312.75,1.0,1.0,1.0,True,MET_SHORT,1.3.6.1.4.1.14519.5.2.1.6279.6001.300136985030081433029390459071.raw,58195968,58195968,2,806,978
1.3.6.1.4.1.14519.5.2.1.6279.6001.301462380687644451483231621986,8,512,512,318,0.703125,0.703125,1.0,-179.6484375,-365.1484375,969.5,1.0,1.0,1.0,True,MET_SHORT,1.3.6.1.4.1.14519.5.2.1.6279.6001.301462380687644451483231621986.raw,166723584,166723584,3,370,753
1.3.6.1.4.1.14519.5.2.1.6279.6001.302403227435841351528721627052,8,512,512,261,0.625,0.625,1.25,-168.800003,-176.0,-337.25,1.0,1.0,1.0,True,MET_SHORT,1.3.6.1.4.1.14519.5.2.1.6279.6001.302403227435841351528721627052.raw,136839168,136839168,2,481,797
1.3.6.1.4.1.14519.5.2.1.6279.6001.305887072264491016857673607285,8,512,512,267,0.703125,0.703125,1.25,-172.699997,-182.600006,-358.190002,1.0,1.0,1.0,True,MET_SHORT,1.3.6.1.4.1.14519.5.2.1.6279.6001.305887072264491016857673607285.raw,139984896,139984896,1,551,967
1.3.6.1.4.1.14519.5.2.1.6279.6001.306520140119968755187868602181,8,512,512,112,0.5859379768371582,0.5859379768371582,1.9999998807907104,-157.300003,-150.0,-217.929993,1.0,1.0,0.9999999999999999,True,MET_SHORT,1.3.6.1.4.1.14519.5.2.1.6279.6001.306520140119968755187868602181.raw,58720256,58720256,0,709,710
1.3.6.1.4.1.14519.5.2.1.6279.6001.317613170669207528926259976488,8,512,512,519,0.6445310115814209,0.6445310115814209,0.625,-166.5,-182.600006,-305.704987,1.0,1.0,1.0,True,MET_SHORT,1.3.6.1.4.1.14519.5.2.1.6279.6001.317613170669207528926259976488.raw,272105472,272105472,0,739,749
1.3.6.1.4.1.14519.5.2.1.6279.6001.324649110927013926557500550446,8,512,512,276,0.7558590173721313,0.7558590173721313,1.25,-172.600006,-210.199997,-349.394989,1.0,1.0,1.0,True,MET_SHORT,1.3.6.1.4.1.14519.5.2.1.6279.6001.324649110927013926557500550446.raw,144703488,144703488,0,446,459
1.3.6.1.4.1.14519.5.2.1.6279.6001.336102335330125765000317290445,8,512,512,255,0.6523439884185791,0.6523439884185791,1.25,-150.800003,-167.0,-350.329987,1.0,1.0,1.0,True,MET_SHORT,1.3.6.1.4.1.14519.5.2.1.6279.6001.336102335330125765000317290445.raw,133693440,133693440,0,529,533
1.3.6.1.4.1.14519.5.2.1.6279.6001.339484970190920330170416228517,8,512,512,130,0.6738280057907104,0.6738280057907104,2.500000238418579,-180.300003,-190.699997,-354.640015,1.0,1.0,1.0,True,MET_SHORT,1.3.6.1.4.1.14519.5.2.1.6279.6001.339484970190920330170416228517.raw,68157440,68157440,0,530,536
1.3.6.1.4.1.14519.5.2.1.6279.6001.346115813056769250958550383763,8,512,512,308,0.5859375,0.5859375,1.0,-157.70703125,-299.70703125,-319.5,1.0,1.0,1.0,True,MET_SHORT,1.3.6.1.4.1.14519.5.2.1.6279.6001.346115813056769250958550383763.raw,161480704,161480704,1,376,687
1.3.6.1.4.1.14519.5.2.1.6279.6001.373433682859788429397781158572,8,512,512,132,0.6640620231628418,0.6640620231628418,2.5,-170.0,-170.0,-337.5,1.0,1.0,1.0,True,MET_SHORT,1.3.6.1.4.1.14519.5.2.1.6279.6001.373433682859788429397781158572.raw,69206016,69206016,0,632,637
1.3.6.1.4.1.14519.5.2.1.6279.6001.397522780537301776672854630421,8,512,512,580,0.60546875,0.60546875,0.45000001788139343,-157.0,4.0,-275.550018,1.0,1.0,1.0,True,MET_SHORT,1.3.6.1.4.1.14519.5.2.1.6279.6001.397522780537301776672854630421.raw,304087040,304087040,2,593,875
1.3.6.1.4.1.14519.5.2.1.6279.6001.454273545863197752384437758130,8,512,512,137,0.78125,0.78125,2.5,-213.5,-195.5,-367.75,1.0,1.0,1.0,True,MET_SHORT,1.3.6.1.4.1.14519.5.2.1.6279.6001.454273545863197752384437758130.raw,71827456,71827456,2,807,1022
1.3.6.1.4.1.14519.5.2.1.6279.6001.478062284228419671253422844986,8,512,512,241,0.6445310115814209,0.6445310115814209,1.25,-154.899994,-174.899994,-317.125,1.0,1.0,1.0,True,MET_SHORT,1.3.6.1.4.1.14519.5.2.1.6279.6001.478062284228419671253422844986.raw,126353408,126353408,1,486,868
1.3.6.1.4.1.14519.5.2.1.6279.6001.486999111981013268988489262668,8,512,512,151,0.8203120231628418,0.8203120231628418,2.5,-214.699997,-199.899994,-410.0,1.0,1.0,1.0,True,MET_SHORT,1.3.6.1.4.1.14519.5.2.1.6279.6001.486999111981013268988489262668.raw,79167488,79167488,1,762,1314
1.3.6.1.4.1.14519.5.2.1.6279.6001.487268565754493433372433148666,8,512,512,133,0.78125,0.78125,2.5,-191.199997,-185.5,-359.0,1.0,1.0,1.0,True,MET_SHORT,1.3.6.1.4.1.14519.5.2.1.6279.6001.487268565754493433372433148666.raw,69730304,69730304,2,764,953
1.3.6.1.4.1.14519.5.2.1.6279.6001.518487185634324801733841260431,8,512,512,137,0.8203120231628418,0.8203120231628418,2.5,-210.0,-231.800003,-361.420013,1.0,1.0,1.0,True,MET_SHORT,1.3.6.1.4.1.14519.5.2.1.6279.6001.518487185634324801733841260431.raw,71827456,71827456,1,547,907
1.3.6.1.4.1.14519.5.2.1.6279.6001.608029415915051219877530734559,8,512,512,278,0.703125,0.703125,1.25,-177.399994,-180.0,-341.0,1.0,1.0,1.0,True,MET_SHORT,1.3.6.1.4.1.14519.5.2.1.6279.6001.608029415915051219877530734559.raw,145752064,145752064,0,172,185
1.3.6.1.4.1.14519.5.2.1.6279.6001.622243923620914676263059698181,8,512,512,269,0.8769530057907104,0.8769530057907104,1.25,-231.199997,-244.5,-350.25,0.9999999999999999,0.9999999999999999,1.0,True,MET_SHORT,1.3.6.1.4.1.14519.5.2.1.6279.6001.622243923620914676263059698181.raw,141033472,141033472,0,708,719
1.3.6.1.4.1.14519.5.2.1.6279.6001.671278273674156798801285503514,8,512,512,179,0.6640625,0.6640625,1.7999999523162842,-167.66796875,-328.66796875,-344.4,1.0,1.0,1.0,True,MET_SHORT,1.3.6.1.4.1.14519.5.2.1.6279.6001.671278273674156798801285503514.raw,93847552,93847552,0,232,239
1.3.6.1.4.1.14519.5.2.1.6279.6001.675543413149938600000570588203,8,512,512,186,0.64453125,0.64453125,1.7999999523162842,-162.677734375,-300.677734375,-347.5,1.0,1.0,1.0,True,MET_SHORT,1.3.6.1.4.1.14519.5.2.1.6279.6001.675543413149938600000570588203.raw,97517568,97517568,2,589,967
1.3.6.1.4.1.14519.5.2.1.6279.6001.701514276942509393419164159551,8,512,512,126,0.703125,0.703125,2.5,-185.800003,-195.0,-404.209991,1.0,1.0,1.0,True,MET_SHORT,1.3.6.1.4.1.14519.5.2.1.6279.6001.701514276942509393419164159551.raw,66060288,66060288,0,990,996
1.3.6.1.4.1.14519.5.2.1.6279.6001.724562063158320418413995627171,8,512,512,135,0.78125,0.78125,2.5,-173.800003,-188.800003,-365.5,1.0,1.0,1.0,True,MET_SHORT,1.3.6.1.4.1.14519.5.2.1.6279.6001.724562063158320418413995627171.raw,70778880,70778880,1,609,933
1.3.6.1.4.1.14519.5.2.1.6279.6001.766881513533845439335142582269,8,512,512,240,0.703125,0.703125,1.25,-192.399994,-180.0,-353.75,1.0,1.0,1.0,True,MET_SHORT,1.3.6.1.4.1.14519.5.2.1.6279.6001.766881513533845439335142582269.raw,125829120,125829120,0,552,563
1.3.6.1.4.1.14519.5.2.1.6279.6001.774060103415303828812229821954,8,512,512,133,0.78125,0.78125,2.5,-199.5,-200.0,-345.720001,1.0,1.0,1.0,True,MET_SHORT,1.3.6.1.4.1.14519.5.2.1.6279.6001.774060103415303828812229821954.raw,69730304,69730304,2,817,974
1.3.6.1.4.1.14519.5.2.1.6279.6001.776800177074349870648765614630,8,512,512,130,0.5957030057907104,0.5957030057907104,2.5,-152.5,-140.0,-366.75,1.0,1.0,1.0,True,MET_SHORT,1.3.6.1.4.1.14519.5.2.1.6279.6001.776800177074349870648765614630.raw,68157440,68157440,1,557,781
1.3.6.1.4.1.14519.5.2.1.6279.6001.792381786708289670758399079830,8,512,512,525,0.65234375,0.65234375,0.7499999403953552,-170.757656,-42.3006392,-739.599976,1.0,1.0,1.0,True,MET_SHORT,1.3.6.1.4.1.14519.5.2.1.6279.6001.792381786708289670758399079830.raw,275251200,275251200,2,656,912
1.3.6.1.4.1.14519.5.2.1.6279.6001.814122498113547115932318256859,8,512,512,132,0.625,0.625,2.0,-155.300003,-166.800003,-241.059998,1.0,1.0,1.0,True,MET_SHORT,1.3.6.1.4.1.14519.5.2.1.6279.6001.814122498113547115932318256859.raw,69206016,69206016,0,685,686
1.3.6.1.4.1.14519.5.2.1.6279.6001.882070241245008756731854510592,8,512,512,127,0.6640620231628418,0.6640620231628418,2.5,-158.800003,-170.0,-321.309998,1.0,1.0,1.0,True,MET_SHORT,1.3.6.1.4.1.14519.5.2.1.6279.6001.882070241245008756731854510592.raw,66584576,66584576,4,583,742
1.3.6.1.4.1.14519.5.2.1.6279.6001.888615810685807330497715730842,8,512,512,272,0.5683590173721313,0.5683590173721313,1.25,-145.5,-168.399994,-345.410004,1.0,1.0,1.0,True,MET_SHORT,1.3.6.1.4.1.14519.5.2.1.6279.6001.888615810685807330497715730842.raw,142606336,142606336,0,346,355
1.3.6.1.4.1.14519.5.2.1.6279.6001.897161587681142256575045076919,8,512,512,126,0.6640620231628418,0.6640620231628418,2.5,-180.5,-152.300003,-346.75,1.0,1.0,1.0,True,MET_SHORT,1.3.6.1.4.1.14519.5.2.1.6279.6001.897161587681142256575045076919.raw,66060288,66060288,0,491,493
1.3.6.1.4.1.14519.5.2.1.6279.6001.931383239747372227838946053237,8,512,512,194,0.78125,0.78125,1.25,-208.300003,-178.800003,-251.0,1.0,1.0,1.0,True,MET_SHORT,1.3.6.1.4.1.14519.5.2.1.6279.6001.931383239747372227838946053237.raw,101711872,101711872,2,888,1209
1.3.6.1.4.1.14519.5.2.1.6279.6001.939216568327879462530496768794,8,512,512,143,0.8203120231628418,0.8203120231628418,2.5,-195.3,-216.0,-375.25,1.0,1.0,1.0,True,MET_SHORT,1.3.6.1.4.1.14519.5.2.1.6279.6001.939216568327879462530496768794.raw,74973184,74973184,0,699,717
1.3.6.1.4.1.14519.5.2.1.6279.6001.997611074084993415992563148335,8,512,512,285,0.5859379768371582,0.5859379768371582,1.25,-155.199997,-142.199997,-316.609985,1.0,1.0,1.0,True,MET_SHORT,1.3.6.1.4.1.14519.5.2.1.6279.6001.997611074084993415992563148335.raw,149422080,149422080,2,741,978
1.3.6.1.4.1.14519.5.2.1.6279.6001.102681962408431413578140925249,9,512,512,143,0.859375,0.859375,2.5,-199.3,-220.0,-394.5,1.0,1.0,1.0,True,MET_SHORT,1.3.6.1.4.1.14519.5.2.1.6279.6001.102681962408431413578140925249.raw,74973184,74973184,1,362,620
1.3.6.1.4.1.14519.5.2.1.6279.6001.109882169963817627559804568094,9,512,512,468,0.5390625,0.5390625,0.699999988079071,-151.73047,-291.73047,-378.5,1.0,1.0,1.0,True,MET_SHORT,1.3.6.1.4.1.14519.5.2.1.6279.6001.109882169963817627559804568094.raw,245366784,245366784,0,901,912
1.3.6.1.4.1.14519.5.2.1.6279.6001.112767175295249119452142211437,9,512,512,117,0.78125,0.78125,2.5,-207.5,-200.0,-311.25,1.0,1.0,1.0,True,MET_SHORT,1.3.6.1.4.1.14519.5.2.1.6279.6001.112767175295249119452142211437.raw,61341696,61341696,8,857,1049
1.3.6.1.4.1.14519.5.2.1.6279.6001.114914167428485563471327801935,9,512,512,458,0.5859379768371582,0.5859379768371582,0.6250000596046448,-155.699997,-150.0,-289.890015,1.0,1.0,1.0,True,MET_SHORT,1.3.6.1.4.1.14519.5.2.1.6279.6001.114914167428485563471327801935.raw,240123904,240123904,2,480,766
1.3.6.1.4.1.14519.5.2.1.6279.6001.121108220866971173712229588402,9,512,512,270,0.6035159826278687,0.6035159826278687,1.25,-143.600006,-159.199997,-362.890015,1.0,1.0,1.0,True,MET_SHORT,1.3.6.1.4.1.14519.5.2.1.6279.6001.121108220866971173712229588402.raw,141557760,141557760,1,978,1348
1.3.6.1.4.1.14519.5.2.1.6279.6001.121805476976020513950614465787,9,512,512,120,0.7617189884185791,0.7617189884185791,2.5,-206.5,-195.0,-366.48999,1.0,1.0,1.0,True,MET_SHORT,1.3.6.1.4.1.14519.5.2.1.6279.6001.121805476976020513950614465787.raw,62914560,62914560,0,829,833
1.3.6.1.4.1.14519.5.2.1.6279.6001.124656777236468248920498636247,9,512,512,123,0.8984379768371582,0.8984379768371582,2.5,-230.0,-230.0,-337.75,1.0,1.0,1.0,True,MET_SHORT,1.3.6.1.4.1.14519.5.2.1.6279.6001.124656777236468248920498636247.raw,64487424,64487424,0,1034,1070
1.3.6.1.4.1.14519.5.2.1.6279.6001.124822907934319930841506266464,9,512,512,536,0.65625,0.65625,0.699999988079071,-172.67188,-355.67188,-443.5,1.0,1.0,1.0,True,MET_SHORT,1.3.6.1.4.1.14519.5.2.1.6279.6001.124822907934319930841506266464.raw,281018368,281018368,5,473,1129
1.3.6.1.4.1.14519.5.2.1.6279.6001.129650136453746261130135157590,9,512,512,203,0.68359375,0.68359375,1.7999999523162842,-181.658203125,-351.658203125,-410.1,1.0,1.0,1.0,True,MET_SHORT,1.3.6.1.4.1.14519.5.2.1.6279.6001.129650136453746261130135157590.raw,106430464,106430464,0,358,365
1.3.6.1.4.1.14519.5.2.1.6279.6001.134519406153127654901640638633,9,512,512,261,0.78125,0.78125,1.25,-204.199997,-200.0,-360.5,1.0,1.0,1.0,True,MET_SHORT,1.3.6.1.4.1.14519.5.2.1.6279.6001.134519406153127654901640638633.raw,136839168,136839168,2,747,1280
1.3.6.1.4.1.14519.5.2.1.6279.6001.138674679709964033277400089532,9,512,512,132,0.703125,0.703125,2.5,-167.0,-180.0,-341.299988,1.0,1.0,1.0,True,MET_SHORT,1.3.6.1.4.1.14519.5.2.1.6279.6001.138674679709964033277400089532.raw,69206016,69206016,0,1370,1378
1.3.6.1.4.1.14519.5.2.1.6279.6001.138813197521718693188313387015,9,512,512,149,0.8203120231628418,0.8203120231628418,2.5,-210.0,-210.0,-375.25,1.0,1.0,1.0,True,MET_SHORT,1.3.6.1.4.1.14519.5.2.1.6279.6001.138813197521718693188313387015.raw,78118912,78118912,1,644,1020
1.3.6.1.4.1.14519.5.2.1.6279.6001.139577698050713461261415990027,9,512,512,330,0.68359375,0.68359375,1.0,-155.658203125,-375.658203125,-371.0,1.0,1.0,1.0,True,MET_SHORT,1.3.6.1.4.1.14519.5.2.1.6279.6001.139577698050713461261415990027.raw,173015040,173015040,0,897,925
1.3.6.1.4.1.14519.5.2.1.6279.6001.141345499716190654505508410197,9,512,512,257,0.6269530057907104,0.6269530057907104,1.25,-178.899994,-180.5,-339.904999,0.9999999999999999,0.9999999999999999,1.0,True,MET_SHORT,1.3.6.1.4.1.14519.5.2.1.6279.6001.141345499716190654505508410197.raw,134742016,134742016,1,449,810
1.3.6.1.4.1.14519.5.2.1.6279.6001.145510611155363050427743946446,9,512,512,567,0.703125,0.703125,0.625,-170.699997,-180.0,-353.714996,1.0,1.0,1.0,True,MET_SHORT,1.3.6.1.4.1.14519.5.2.1.6279.6001.145510611155363050427743946446.raw,297271296,297271296,0,812,833
1.3.6.1.4.1.14519.5.2.1.6279.6001.148935306123327835217659769212,9,512,512,477,0.6640620231628418,0.6640620231628418,0.625,-188.199997,-170.0,-278.744995,1.0,1.0,1.0,True,MET_SHORT,1.3.6.1.4.1.14519.5.2.1.6279.6001.148935306123327835217659769212.raw,250085376,250085376,0,623,631
1.3.6.1.4.1.14519.5.2.1.6279.6001.150097650621090951325113116280,9,512,512,115,0.8203120231628418,0.8203120231628418,2.5,-216.0,-216.699997,-270.75,1.0,1.0,1.0,True,MET_SHORT,1.3.6.1.4.1.14519.5.2.1.6279.6001.150097650621090951325113116280.raw,60293120,60293120,1,709,908
1.3.6.1.4.1.14519.5.2.1.6279.6001.153985109349433321657655488650,9,512,512,305,0.7324219942092896,0.7324219942092896,1.25,-163.199997,-145.5,-380.0,1.0,1.0,1.0,True,MET_SHORT,1.3.6.1.4.1.14519.5.2.1.6279.6001.153985109349433321657655488650.raw,159907840,159907840,1,621,913
1.3.6.1.4.1.14519.5.2.1.6279.6001.167661207884826429102690781600,9,512,512,327,0.6640625,0.6640625,1.0,-162.66796875,-322.66796875,-325.3,1.0,1.0,1.0,True,MET_SHORT,1.3.6.1.4.1.14519.5.2.1.6279.6001.167661207884826429102690781600.raw,171442176,171442176,2,379,625
1.3.6.1.4.1.14519.5.2.1.6279.6001.170706757615202213033480003264,9,512,512,140,0.8203120231628418,0.8203120231628418,2.5,-228.800003,-210.0,-379.0,1.0,1.0,1.0,True,MET_SHORT,1.3.6.1.4.1.14519.5.2.1.6279.6001.170706757615202213033480003264.raw,73400320,73400320,3,818,1040
1.3.6.1.4.1.14519.5.2.1.6279.6001.173931884906244951746140865701,9,512,512,230,0.7421879768371582,0.7421879768371582,1.25,-195.600006,-182.800003,-290.5,1.0,1.0,1.0,True,MET_SHORT,1.3.6.1.4.1.14519.5.2.1.6279.6001.173931884906244951746140865701.raw,120586240,120586240,1,514,887
1.3.6.1.4.1.14519.5.2.1.6279.6001.174449669706458092793093760291,9,512,512,133,0.78125,0.78125,2.5,-210.0,-200.0,-353.25,1.0,1.0,1.0,True,MET_SHORT,1.3.6.1.4.1.14519.5.2.1.6279.6001.174449669706458092793093760291.raw,69730304,69730304,1,883,1211
1.3.6.1.4.1.14519.5.2.1.6279.6001.176869045992276345870480098568,9,512,512,119,0.78125,0.78125,2.5,-211.2,-224.7,-313.0,1.0,1.0,1.0,True,MET_SHORT,1.3.6.1.4.1.14519.5.2.1.6279.6001.176869045992276345870480098568.raw,62390272,62390272,1,743,1105
1.3.6.1.4.1.14519.5.2.1.6279.6001.179683407589764683292800449011,9,512,512,275,0.658203125,0.658203125,1.0,-167.988233,-25.3823261,-693.5,1.0,1.0,1.0,True,MET_SHORT,1.3.6.1.4.1.14519.5.2.1.6279.6001.179683407589764683292800449011.raw,144179200,144179200,0,449,464
1.3.6.1.4.1.14519.5.2.1.6279.6001.182192086929819295877506541021,9,512,512,481,0.6640620231628418,0.6640620231628418,0.625,-172.100006,-152.399994,-236.455002,1.0,1.0,1.0,True,MET_SHORT,1.3.6.1.4.1.14519.5.2.1.6279.6001.182192086929819295877506541021.raw,252182528,252182528,2,959,1463
1.3.6.1.4.1.14519.5.2.1.6279.6001.187694838527128312070807533473,9,512,512,308,0.703125,0.703125,1.0,-199.6484375,-355.6484375,-353.5,1.0,1.0,1.0,True,MET_SHORT,1.3.6.1.4.1.14519.5.2.1.6279.6001.187694838527128312070807533473.raw,161480704,161480704,1,540,898
1.3.6.1.4.1.14519.5.2.1.6279.6001.188385286346390202873004762827,9,512,512,381,0.625,0.625,0.625,-163.600006,-160.0,-209.5,1.0,1.0,1.0,True,MET_SHORT,1.3.6.1.4.1.14519.5.2.1.6279.6001.188385286346390202873004762827.raw,199753728,199753728,1,807,1067
1.3.6.1.4.1.14519.5.2.1.6279.6001.188619674701053082195613114069,9,512,512,320,0.662109375,0.662109375,1.0,-182.030598,-25.8266125,-734.299988,1.0,1.0,1.0,True,MET_SHORT,1.3.6.1.4.1.14519.5.2.1.6279.6001.188619674701053082195613114069.raw,167772160,167772160,2,569,779
1.3.6.1.4.1.14519.5.2.1.6279.6001.193721075067404532739943086458,9,512,512,125,0.6367189884185791,0.6367189884185791,2.5,-161.399994,-163.0,-330.459991,1.0,1.0,1.0,True,MET_SHORT,1.3.6.1.4.1.14519.5.2.1.6279.6001.193721075067404532739943086458.raw,65536000,65536000,0,574,577
1.3.6.1.4.1.14519.5.2.1.6279.6001.193964947698259739624715468431,9,512,512,461,0.5859379768371582,0.5859379768371582,0.625,-155.199997,-137.0,-274.670013,1.0,1.0,1.0,True,MET_SHORT,1.3.6.1.4.1.14519.5.2.1.6279.6001.193964947698259739624715468431.raw,241696768,241696768,1,641,850
1.3.6.1.4.1.14519.5.2.1.6279.6001.194632613233275988184244485809,9,512,512,130,0.703125,0.703125,2.5,-178.399994,-180.0,-363.0,1.0,1.0,1.0,True,MET_SHORT,1.3.6.1.4.1.14519.5.2.1.6279.6001.194632613233275988184244485809.raw,68157440,68157440,1,646,1028
1.3.6.1.4.1.14519.5.2.1.6279.6001.195557219224169985110295082004,9,512,512,238,0.703125,0.703125,1.25,-166.5,-145.8,-320.5,1.0,1.0,1.0,True,MET_SHORT,1.3.6.1.4.1.14519.5.2.1.6279.6001.195557219224169985110295082004.raw,124780544,124780544,9,189,513
1.3.6.1.4.1.14519.5.2.1.6279.6001.196251645377731223510086726530,9,512,512,541,0.5859379768371582,0.5859379768371582,0.625,-152.600006,-150.0,-297.024994,1.0,1.0,1.0,True,MET_SHORT,1.3.6.1.4.1.14519.5.2.1.6279.6001.196251645377731223510086726530.raw,283639808,283639808,1,631,920
1.3.6.1.4.1.14519.5.2.1.6279.6001.199261544234308780356714831537,9,512,512,225,0.64453125,0.64453125,1.7999999523162842,-170.677734375,-303.677734375,-408.7,1.0,1.0,1.0,True,MET_SHORT,1.3.6.1.4.1.14519.5.2.1.6279.6001.199261544234308780356714831537.raw,117964800,117964800,1,354,807
1.3.6.1.4.1.14519.5.2.1.6279.6001.212608679077007918190529579976,9,512,512,162,0.703125,0.703125,1.25,-174.800003,-170.199997,-245.75,1.0,1.0,1.0,True,MET_SHORT,1.3.6.1.4.1.14519.5.2.1.6279.6001.212608679077007918190529579976.raw,84934656,84934656,2,577,1005
1.3.6.1.4.1.14519.5.2.1.6279.6001.215104063467523905369326175410,9,512,512,127,0.5234379768371582,0.5234379768371582,2.5,-130.899994,-134.0,-331.649994,1.0,1.0,1.0,True,MET_SHORT,1.3.6.1.4.1.14519.5.2.1.6279.6001.215104063467523905369326175410.raw,66584576,66584576,1,660,791
1.3.6.1.4.1.14519.5.2.1.6279.6001.215785045378334625097907422785,9,512,512,290,0.611328125,0.611328125,1.0,-149.006963,-7.837975029999999,-768.800049,1.0,1.0,1.0,True,MET_SHORT,1.3.6.1.4.1.14519.5.2.1.6279.6001.215785045378334625097907422785.raw,152043520,152043520,1,698,1090
1.3.6.1.4.1.14519.5.2.1.6279.6001.217754016294471278921686508169,9,512,512,276,0.638671875,0.638671875,1.0,-182.970549,-11.1472559,-700.599976,1.0,1.0,1.0,True,MET_SHORT,1.3.6.1.4.1.14519.5.2.1.6279.6001.217754016294471278921686508169.raw,144703488,144703488,1,756,1349
1.3.6.1.4.1.14519.5.2.1.6279.6001.220596530836092324070084384692,9,512,512,371,0.66796875,0.66796875,0.9999999403953552,-187.0,10.0,-753.099976,1.0,1.0,1.0,True,MET_SHORT,1.3.6.1.4.1.14519.5.2.1.6279.6001.220596530836092324070084384692.raw,194510848,194510848,1,1179,1562
1.3.6.1.4.1.14519.5.2.1.6279.6001.222052723822248889877676736332,9,512,512,481,0.7421879768371582,0.7421879768371582,0.625,-188.0,-190.0,-262.394989,1.0,1.0,1.0,True,MET_SHORT,1.3.6.1.4.1.14519.5.2.1.6279.6001.222052723822248889877676736332.raw,252182528,252182528,2,373,677
1.3.6.1.4.1.14519.5.2.1.6279.6001.227968442353440630355230778531,9,512,512,266,0.66796875,0.66796875,1.0,-191.401686,-39.4016862,-727.5,1.0,1.0,1.0,True,MET_SHORT,1.3.6.1.4.1.14519.5.2.1.6279.6001.227968442353440630355230778531.raw,139460608,139460608,1,399,730
1.3.6.1.4.1.14519.5.2.1.6279.6001.229096941293122177107846044795,9,512,512,186,0.5859375,0.5859375,1.7999999523162842,-160.70703125,-295.70703125,-390.0,1.0,1.0,1.0,True,MET_SHORT,1.3.6.1.4.1.14519.5.2.1.6279.6001.229096941293122177107846044795.raw,97517568,97517568,5,665,999
1.3.6.1.4.1.14519.5.2.1.6279.6001.229860476925100292554329427970,9,512,512,148,0.703125,0.703125,2.0,-182.600006,-180.0,-285.765015,1.0,1.0,1.0,True,MET_SHORT,1.3.6.1.4.1.14519.5.2.1.6279.6001.229860476925100292554329427970.raw,77594624,77594624,3,826,983
1.3.6.1.4.1.14519.5.2.1.6279.6001.229960820686439513664996214638,9,512,512,490,0.703125,0.703125,0.6250000596046448,-169.600006,-185.199997,-281.890015,1.0,1.0,1.0,True,MET_SHORT,1.3.6.1.4.1.14519.5.2.1.6279.6001.229960820686439513664996214638.raw,256901120,256901120,0,680,694
1.3.6.1.4.1.14519.5.2.1.6279.6001.230491296081537726468075344411,9,512,512,133,0.8203120231628418,0.8203120231628418,2.5,-203.300003,-238.0,-354.75,1.0,1.0,1.0,True,MET_SHORT,1.3.6.1.4.1.14519.5.2.1.6279.6001.230491296081537726468075344411.raw,69730304,69730304,2,578,790
1.3.6.1.4.1.14519.5.2.1.6279.6001.237215747217294006286437405216,9,512,512,250,0.703125,0.703125,1.25,-184.600006,-174.800003,-282.230011,1.0,1.0,1.0,True,MET_SHORT,1.3.6.1.4.1.14519.5.2.1.6279.6001.237215747217294006286437405216.raw,131072000,131072000,1,700,1029
1.3.6.1.4.1.14519.5.2.1.6279.6001.237915456403882324748189195892,9,512,512,122,0.6152340173721313,0.6152340173721313,2.5,-165.300003,-169.0,-304.399994,1.0,1.0,1.0,True,MET_SHORT,1.3.6.1.4.1.14519.5.2.1.6279.6001.237915456403882324748189195892.raw,63963136,63963136,0,630,633
1.3.6.1.4.1.14519.5.2.1.6279.6001.250481236093201801255751845296,9,512,512,548,0.78125,0.78125,0.625,-190.600006,-225.0,-278.570007,1.0,1.0,1.0,True,MET_SHORT,1.3.6.1.4.1.14519.5.2.1.6279.6001.250481236093201801255751845296.raw,287309824,287309824,1,327,633
1.3.6.1.4.1.14519.5.2.1.6279.6001.254929810944557499537650429296,9,512,512,471,0.703125,0.703125,0.6249999403953552,-185.699997,-182.600006,-335.419983,1.0,1.0,1.0,True,MET_SHORT,1.3.6.1.4.1.14519.5.2.1.6279.6001.254929810944557499537650429296.raw,246939648,246939648,0,914,924
1.3.6.1.4.1.14519.5.2.1.6279.6001.259453428008507791234730686014,9,512,512,144,0.6171879768371582,0.6171879768371582,2.5,-146.5,-143.0,-379.390015,1.0,1.0,1.0,True,MET_SHORT,1.3.6.1.4.1.14519.5.2.1.6279.6001.259453428008507791234730686014.raw,75497472,75497472,0,540,547
1.3.6.1.4.1.14519.5.2.1.6279.6001.265570697208310960298668720669,9,512,512,420,0.703125,0.703125,0.625,-166.0,-180.0,-249.994995,1.0,1.0,1.0,True,MET_SHORT,1.3.6.1.4.1.14519.5.2.1.6279.6001.265570697208310960298668720669.raw,220200960,220200960,0,762,765
1.3.6.1.4.1.14519.5.2.1.6279.6001.265780642925621389994857727416,9,512,512,236,0.703125,0.703125,1.25,-159.800003,-180.0,-296.0,1.0,1.0,1.0,True,MET_SHORT,1.3.6.1.4.1.14519.5.2.1.6279.6001.265780642925621389994857727416.raw,123731968,123731968,1,247,515
1.3.6.1.4.1.14519.5.2.1.6279.6001.268030488196493755113553009785,9,512,512,445,0.6445310115814209,0.6445310115814209,0.625,-170.199997,-150.5,-248.115005,1.0,1.0,1.0,True,MET_SHORT,1.3.6.1.4.1.14519.5.2.1.6279.6001.268030488196493755113553009785.raw,233308160,233308160,1,329,547
1.3.6.1.4.1.14519.5.2.1.6279.6001.272344603176687884771013620823,9,512,512,138,0.78125,0.78125,2.5,-200.0,-200.0,-371.0,1.0,1.0,1.0,True,MET_SHORT,1.3.6.1.4.1.14519.5.2.1.6279.6001.272344603176687884771013620823.raw,72351744,72351744,1,1075,1271
1.3.6.1.4.1.14519.5.2.1.6279.6001.286061375572911414226912429210,9,512,512,256,0.78125,0.78125,1.25,-211.800003,-162.0,-325.0,1.0,1.0,1.0,True,MET_SHORT,1.3.6.1.4.1.14519.5.2.1.6279.6001.286061375572911414226912429210.raw,134217728,134217728,0,379,389
1.3.6.1.4.1.14519.5.2.1.6279.6001.291156498203266896953765649282,9,512,512,153,0.7421879768371582,0.7421879768371582,2.0,-216.0,-211.300003,-270.695007,1.0,1.0,1.0,True,MET_SHORT,1.3.6.1.4.1.14519.5.2.1.6279.6001.291156498203266896953765649282.raw,80216064,80216064,0,637,642
1.3.6.1.4.1.14519.5.2.1.6279.6001.292576688635952269497781991202,9,512,512,127,0.625,0.625,2.5,-160.0,-160.0,-315.25,1.0,1.0,1.0,True,MET_SHORT,1.3.6.1.4.1.14519.5.2.1.6279.6001.292576688635952269497781991202.raw,66584576,66584576,0,556,560
1.3.6.1.4.1.14519.5.2.1.6279.6001.292994770358625142596171316474,9,512,512,270,0.703125,0.703125,1.25,-160.300003,-204.399994,-366.0,1.0,1.0,1.0,True,MET_SHORT,1.3.6.1.4.1.14519.5.2.1.6279.6001.292994770358625142596171316474.raw,141557760,141557760,1,187,604
1.3.6.1.4.1.14519.5.2.1.6279.6001.300270516469599170290456821227,9,512,512,376,0.4609375,0.4609375,0.699999988079071,-120.76953,-252.76953,-316.5,1.0,1.0,1.0,True,MET_SHORT,1.3.6.1.4.1.14519.5.2.1.6279.6001.300270516469599170290456821227.raw,197132288,197132288,2,1047,1262
1.3.6.1.4.1.14519.5.2.1.6279.6001.300392272203629213913702120739,9,512,512,411,0.654296875,0.654296875,1.0,-181.5,26.5429096,-661.5,1.0,1.0,1.0,True,MET_SHORT,1.3.6.1.4.1.14519.5.2.1.6279.6001.300392272203629213913702120739.raw,215482368,215482368,0,520,550
1.3.6.1.4.1.14519.5.2.1.6279.6001.300693623747082239407271583452,9,512,512,284,0.625,0.625,1.25,-149.699997,-178.699997,-382.75,1.0,1.0,1.0,True,MET_SHORT,1.3.6.1.4.1.14519.5.2.1.6279.6001.300693623747082239407271583452.raw,148897792,148897792,0,413,422
1.3.6.1.4.1.14519.5.2.1.6279.6001.306140003699110313373771452136,9,512,512,121,0.7246090173721313,0.7246090173721313,2.5,-181.300003,-185.5,-397.059998,1.0,1.0,1.0,True,MET_SHORT,1.3.6.1.4.1.14519.5.2.1.6279.6001.306140003699110313373771452136.raw,63438848,63438848,0,804,809
1.3.6.1.4.1.14519.5.2.1.6279.6001.309901913847714156367981722205,9,512,512,133,0.703125,0.703125,2.5,-172.699997,-180.0,-328.25,1.0,1.0,1.0,True,MET_SHORT,1.3.6.1.4.1.14519.5.2.1.6279.6001.309901913847714156367981722205.raw,69730304,69730304,1,400,745
1.3.6.1.4.1.14519.5.2.1.6279.6001.311476128731958142981941696518,9,512,512,280,0.8046875,0.8046875,0.9999998807907104,-196.464964,-81.1549881,-708.599976,0.9999999999999999,0.9999999999999999,1.0,True,MET_SHORT,1.3.6.1.4.1.14519.5.2.1.6279.6001.311476128731958142981941696518.raw,146800640,146800640,1,644,856
1.3.6.1.4.1.14519.5.2.1.6279.6001.312127933722985204808706697221,9,512,512,205,0.6054689884185791,0.6054689884185791,1.25,167.199997,155.0,-307.25,-1.0,-1.0,1.0,True,MET_SHORT,1.3.6.1.4.1.14519.5.2.1.6279.6001.312127933722985204808706697221.raw,107479040,107479040,5,434,434
1.3.6.1.4.1.14519.5.2.1.6279.6001.328944769569002417592093467626,9,512,512,113,0.703125,0.703125,2.5,-171.399994,-180.0,-279.5,1.0,1.0,1.0,True,MET_SHORT,1.3.6.1.4.1.14519.5.2.1.6279.6001.328944769569002417592093467626.raw,59244544,59244544,1,889,1081
1.3.6.1.4.1.14519.5.2.1.6279.6001.330043769832606379655473292782,9,512,512,326,0.5859375,0.5859375,1.0,-153.70703125,-290.70703125,-351.0,1.0,1.0,1.0,True,MET_SHORT,1.3.6.1.4.1.14519.5.2.1.6279.6001.330043769832606379655473292782.raw,170917888,170917888,0,493,508
1.3.6.1.4.1.14519.5.2.1.6279.6001.330643702676971528301859647742,9,512,512,256,0.703125,0.703125,1.25,-191.899994,-206.0,-359.0,1.0,1.0,1.0,True,MET_SHORT,1.3.6.1.4.1.14519.5.2.1.6279.6001.330643702676971528301859647742.raw,134217728,134217728,0,304,314
1.3.6.1.4.1.14519.5.2.1.6279.6001.334166493392278943610545989413,9,512,512,229,0.703125,0.703125,1.7999999523162842,-182.64844,-308.64844,-483.4,1.0,1.0,1.0,True,MET_SHORT,1.3.6.1.4.1.14519.5.2.1.6279.6001.334166493392278943610545989413.raw,120061952,120061952,0,423,439
1.3.6.1.4.1.14519.5.2.1.6279.6001.337005960787660957389988207064,9,512,512,261,0.703125,0.703125,1.25,-187.800003,-190.899994,-344.029999,1.0,1.0,1.0,True,MET_SHORT,1.3.6.1.4.1.14519.5.2.1.6279.6001.337005960787660957389988207064.raw,136839168,136839168,1,407,796
1.3.6.1.4.1.14519.5.2.1.6279.6001.340012777775661021262977442176,9,512,512,133,0.703125,0.703125,2.5,-175.3,-180.0,-387.25,1.0,1.0,1.0,True,MET_SHORT,1.3.6.1.4.1.14519.5.2.1.6279.6001.340012777775661021262977442176.raw,69730304,69730304,0,942,948
1.3.6.1.4.1.14519.5.2.1.6279.6001.340158437895922179455019686521,9,512,512,171,0.546875,0.546875,1.7999999523162842,-151.7265625,-247.7265625,-310.0,1.0,1.0,1.0,True,MET_SHORT,1.3.6.1.4.1.14519.5.2.1.6279.6001.340158437895922179455019686521.raw,89653248,89653248,1,522,724
1.3.6.1.4.1.14519.5.2.1.6279.6001.387954549120924524005910602207,9,512,512,298,0.546875,0.546875,1.0,-135.7265625,-313.7265625,-296.1,1.0,1.0,1.0,True,MET_SHORT,1.3.6.1.4.1.14519.5.2.1.6279.6001.387954549120924524005910602207.raw,156237824,156237824,2,820,1117
1.3.6.1.4.1.14519.5.2.1.6279.6001.392861216720727557882279374324,9,512,512,436,0.703125,0.703125,0.625,-154.100006,-180.0,-266.625,1.0,1.0,1.0,True,MET_SHORT,1.3.6.1.4.1.14519.5.2.1.6279.6001.392861216720727557882279374324.raw,228589568,228589568,1,535,853
1.3.6.1.4.1.14519.5.2.1.6279.6001.436403998650924660479049012235,9,512,512,133,0.8203120231628418,0.8203120231628418,2.5,-221.399994,-210.0,-315.5,1.0,1.0,1.0,True,MET_SHORT,1.3.6.1.4.1.14519.5.2.1.6279.6001.436403998650924660479049012235.raw,69730304,69730304,0,541,557
1.3.6.1.4.1.14519.5.2.1.6279.6001.440226700369921575481834344455,9,512,512,187,0.703125,0.703125,1.7999999523162842,-183.64844,-338.64844,-348.8,1.0,1.0,1.0,True,MET_SHORT,1.3.6.1.4.1.14519.5.2.1.6279.6001.440226700369921575481834344455.raw,98041856,98041856,1,1178,1584
1.3.6.1.4.1.14519.5.2.1.6279.6001.472487466001405705666001578363,9,512,512,135,0.7421879768371582,0.7421879768371582,2.5,-191.0,-172.9,-369.0,1.0,1.0,1.0,True,MET_SHORT,1.3.6.1.4.1.14519.5.2.1.6279.6001.472487466001405705666001578363.raw,70778880,70778880,0,507,518
1.3.6.1.4.1.14519.5.2.1.6279.6001.558286136379689377915919180358,9,512,512,241,0.5859379768371582,0.5859379768371582,1.25,-163.0,-161.5,-313.799988,1.0,1.0,1.0,True,MET_SHORT,1.3.6.1.4.1.14519.5.2.1.6279.6001.558286136379689377915919180358.raw,126353408,126353408,1,443,792
1.3.6.1.4.1.14519.5.2.1.6279.6001.603126300703296693942875967838,9,512,512,140,0.78125,0.78125,2.5,-219.699997,-200.0,-332.0,1.0,1.0,1.0,True,MET_SHORT,1.3.6.1.4.1.14519.5.2.1.6279.6001.603126300703296693942875967838.raw,73400320,73400320,4,516,1015
1.3.6.1.4.1.14519.5.2.1.6279.6001.712472578497712558367294720243,9,512,512,158,0.6980000138282776,0.6980000138282776,2.0,-157.0312,-174.2187,1395.0,1.0,1.0,1.0,True,MET_SHORT,1.3.6.1.4.1.14519.5.2.1.6279.6001.712472578497712558367294720243.raw,82837504,82837504,1,1307,1666
1.3.6.1.4.1.14519.5.2.1.6279.6001.733642690503782454656013446707,9,512,512,133,0.703125,0.703125,2.5,-172.199997,-180.0,-401.5,1.0,1.0,1.0,True,MET_SHORT,1.3.6.1.4.1.14519.5.2.1.6279.6001.733642690503782454656013446707.raw,69730304,69730304,1,806,952
1.3.6.1.4.1.14519.5.2.1.6279.6001.747803439040091794717626507402,9,512,512,114,0.6640620231628418,0.6640620231628418,2.5,-177.5,-190.0,-320.25,1.0,1.0,1.0,True,MET_SHORT,1.3.6.1.4.1.14519.5.2.1.6279.6001.747803439040091794717626507402.raw,59768832,59768832,1,1015,1163
1.3.6.1.4.1.14519.5.2.1.6279.6001.765459236550358748053283544075,9,512,512,350,0.724609375,0.724609375,0.75,-200.526881,-87.8575935,-650.350037,1.0,1.0,0.9999999999999999,True,MET_SHORT,1.3.6.1.4.1.14519.5.2.1.6279.6001.765459236550358748053283544075.raw,183500800,183500800,2,604,854
1.3.6.1.4.1.14519.5.2.1.6279.6001.765930210026773090100532964804,9,512,512,290,0.662109375,0.662109375,1.0,-179.5,-15.5,-787.799988,1.0,1.0,1.0,True,MET_SHORT,1.3.6.1.4.1.14519.5.2.1.6279.6001.765930210026773090100532964804.raw,152043520,152043520,2,730,1178
1.3.6.1.4.1.14519.5.2.1.6279.6001.771741891125176943862272696845,9,512,512,172,0.6640625,0.6640625,1.7999999523162842,-172.66797,-325.66797,-373.8,1.0,1.0,1.0,True,MET_SHORT,1.3.6.1.4.1.14519.5.2.1.6279.6001.771741891125176943862272696845.raw,90177536,90177536,1,483,883
1.3.6.1.4.1.14519.5.2.1.6279.6001.855232435861303786204450738044,9,512,512,125,0.703125,0.703125,2.5,-172.800003,-180.0,-330.5,1.0,1.0,1.0,True,MET_SHORT,1.3.6.1.4.1.14519.5.2.1.6279.6001.855232435861303786204450738044.raw,65536000,65536000,0,529,552
1.3.6.1.4.1.14519.5.2.1.6279.6001.927394449308471452920270961822,9,512,512,248,0.6328125,0.6328125,1.0,-177.098553,-26.7463808,-683.400024,1.0,1.0,1.0,True,MET_SHORT,1.3.6.1.4.1.14519.5.2.1.6279.6001.927394449308471452920270961822.raw,130023424,130023424,0,631,648
1.3.6.1.4.1.14519.5.2.1.6279.6001.946129570505893110165820050204,9,512,512,481,0.5859379768371582,0.5859379768371582,0.625,-129.800003,-156.699997,-258.26001,1.0,1.0,1.0,True,MET_SHORT,1.3.6.1.4.1.14519.5.2.1.6279.6001.946129570505893110165820050204.raw,252182528,252182528,1,699,951
